wallet,lamports,sol,tx_count,first_tx,last_tx,pct_of_total
k7yUrcYSjdHFYeJAA5iDDXfx4Xycgv6oh9t2Rj1P2Z3,4716060678560,4716.060678560,2,1736916726,1737001560,11.900663
3vhfKzpuP5pCCa8Sgg8k6WMCmgRjhRRYHmYo2mXzw91B,572000000000,572.000000000,1,1730130396,1730130396,1.443404
EGwdNzBE4b35UmHfYTaZTJ2WkQLuo37uS18NUadJf3M6,500000000000,500.000000000,1,1730124478,1730124478,1.261716
HptR9xKJ8dK1tEyktNMnLZZW6wUW3HGN7FzmEUSnx5uk,500000000000,500.000000000,1,1730121916,1730121916,1.261716
J4GNaabQXR4EcaUFmkMewprdmjqTVXJprPnacpmpXgYF,500000000000,500.000000000,1,1730121481,1730121481,1.261716
FxAnqqN6gE6vMFBndqvLBe6BUXpABCWBtn2TSKX8s7HP,375000000000,375.000000000,5,1729984198,1730130848,0.946287
2ogFTf6Y5JmRM8P6KHt3ed1MdnjFw6k71vhsJ95nrTbW,300000000000,300.000000000,5,1729872010,1730054780,0.757030
4CuDQah1vSzbV8M2hbeCibTudNA2dC6BcUXj171umR6B,300000000000,300.000000000,1,1730122473,1730122473,0.757030
HoiQ8SFmUzSGEXBRH4uzeYcZ4c2PEqBasBEKGPiAaRZP,300000000000,300.000000000,2,1730118031,1730118243,0.757030
BLaxkwHNZySD25AiugvEu4T7e4LHNNCKzgj2v79YB2u,250000000000,250.000000000,1,1730125857,1730125857,0.630858
FzRZXfVvWfKebu8AsuxMXBog2YKKNr2mdmDJLLpNWrFo,250000000000,250.000000000,1,1730127558,1730127558,0.630858
HYWo71Wk9PNDe5sBaRKazPnVyGnQDiwgXCFKvgAQ1ENp,250000000000,250.000000000,1,1729983203,1729983203,0.630858
HpE4SJ8JyRFQoNm5d1EkycG2LmYwsaetZZUZGERr8P5k,208960381478,208.960381478,15,1729871506,1730087575,0.527298
2jJfuPMN3R3Se5c8y7BdeiQDJMKv9wms1z1wG14xJH4H,200000000000,200.000000000,1,1729892492,1729892492,0.504687
2JrTudNHthFHtgHBoJdx9xKgGRAYrir7AUw7shvdW5uR,200000000000,200.000000000,1,1729983880,1729983880,0.504687
8f4YcVJu8ZsSQgXT3N6KNXHULUYpeJXt6NaLjDQhUMGs,200000000000,200.000000000,1,1730039419,1730039419,0.504687
8hA1gdDTHkc6U8ASYfMTp7oEanFgX1NEnpL2gz9V9so1,200000000000,200.000000000,2,1729959277,1729963244,0.504687
8x4rJjyG85TRfdH9D92AStM3v6XHnzjCNE3sAfE8N5aE,200000000000,200.000000000,1,1730068529,1730068529,0.504687
9UWZFoiCHeYRLmzmDJhdMrP7wgrTw7DMSpPiT2eHgJHe,200000000000,200.000000000,1,1729912751,1729912751,0.504687
C4viGgyo3WjEG2xoKTWBxx3enVmW6zgA2BwYoBaj8u8r,200000000000,200.000000000,1,1730130883,1730130883,0.504687
H2ikJvq8or5MyjvFowD7CDY6fG3Sc2yi4mxTnfovXy3K,200000000000,200.000000000,1,1730075345,1730075345,0.504687
GSaScBcrZxcts8DN6xTwB3yz36FEyei6gDv3vFXgeivm,195000000000,195.000000000,2,1730128897,1730129723,0.492069
J7etwUvfu1FUyrM5psyMVn1tuBpAqanWP5dUsooVKrXG,186624709263,186.624709263,1,1730114801,1730114801,0.470935
AchzTA8En1YFgtEoCiWBqa8TH68mx2TpxmWqD7oN3feS,185000000000,185.000000000,1,1730121767,1730121767,0.466835
5wbevnJVqfccfnXSyDLVCGLSBaZ3kQo4xn9HrSksBg32,178322892030,178.322892030,2,1730083463,1730083552,0.449986
9G44UL6spTFRtEYRufddMKCtGysFkC8uTzj3uGKr2U2z,165000000000,165.000000000,1,1730055411,1730055411,0.416366
E7PtKKbM3eDktwHWjebcSDDVd9dnCMwivNLNKgZS3LCu,165000000000,165.000000000,1,1730121712,1730121712,0.416366
EQ6HaNcfPTEUjstcyuRs1LVc3AEUCxsesU3CEgR4KPSj,160000000000,160.000000000,3,1729887566,1730123319,0.403749
C5reZeJZWE5f8PiPnSZXzmC2JudcXp7J12XkBd3QHnGA,155000000000,155.000000000,1,1730121671,1730121671,0.391132
3cUtSJ1mUqYkj6mLwKC5CjvKFRWkQe2Vfqqe7yUtua2j,150000000000,150.000000000,1,1729918766,1729918766,0.378515
6ryJGyrRDAcWLAmASkMVUWSX7D51pw4A3wvuYYNhQ5D8,150000000000,150.000000000,1,1730128323,1730128323,0.378515
GXN19trQaK4xxoquRhRwz3MLpeZuHQbrDvWR1vLnptpj,150000000000,150.000000000,2,1729883705,1730130065,0.378515
4PRn7i6L5caJyByFdTYN9B5nigSwhDyvK83BKrgcc4Go,149449614616,149.449614616,2,1729892788,1730129337,0.377126
4Lz2mDFnjjjj9ZoLDH6Ea7huoANgdkegexg4fC3rRVQ9,140000000000,140.000000000,1,1729950481,1729950481,0.353281
EKSewJvj18zypmHC6GsEhqxBnbjbsnAQLBuDNjqSxAoB,138000000000,138.000000000,2,1730129546,1730129566,0.348234
4y4b967ZWtBACz3gf93xDXrA4KvGVjgP6kSVKUCTDYk7,135000000000,135.000000000,1,1730121619,1730121619,0.340663
H7VUkjrCzccRc7tjVBt7n7sLN8Hxmf1FPzLNnyBJBseW,132000000000,132.000000000,2,1730127632,1730129379,0.333093
78WvuvKeXj98M7XS7ioMypyR9GD4AByRKbtsHewGuNUu,130000000000,130.000000000,1,1730038937,1730038937,0.328046
EHWcf8TuPGK5SBmCeu7v88EzVR1KT1hFQciPf8JP2n9E,126000000000,126.000000000,8,1729923288,1730090214,0.317953
AqoKWw6z5uUv3xuwF18AFvJUin1kipcLHBd1HZQNJV99,125000000000,125.000000000,4,1729879962,1730126000,0.315429
HAddBSMhHfArHbxRxZh1cPpXYqziqrLxpgvW3EiEbgYF,120000000000,120.000000000,3,1729993762,1730085754,0.302812
7JQsnWbUbXMwXcxzSebXzYasveAfuH7DY8Ck1FZ3zuLv,115000000000,115.000000000,1,1730121599,1730121599,0.290195
8S2e1S1A6hx7szcy6CW62Jv1LjU7BEGdMSEwGyLZbpwz,115000000000,115.000000000,1,1730081264,1730081264,0.290195
GG811Cr2EXuJSXUBJityji5rS1jDNvMZdM2zizkbtxzU,115000000000,115.000000000,5,1730084827,1730123606,0.290195
H28rgjDmYaks3HQBYpxj5CawGpayKqP6AAVh7g3ugjBS,114310000000,114.310000000,2,1730061729,1730129944,0.288454
3btmRAAy3fMAeeR6fYBh8XM1jWraQbfLn9sVtvg3gRbW,114000000000,114.000000000,1,1730069414,1730069414,0.287671
9ZTL9sveSQ2jniZyd9nbAVksxBp2V3cEhtoeyHuCWQA6,114000000000,114.000000000,1,1730114198,1730114198,0.287671
J8vqcLttjGbSPhbNCyp3CL5k8jzXcvcW2MCXHjmMYVxi,113660000000,113.660000000,1,1730038150,1730038150,0.286813
CRt6FEZoWU8igRMmzvcYmAvtAC1Y3y2xxg6Gu7NG9auw,110000000000,110.000000000,2,1730035744,1730120684,0.277578
Hi3PKQr56rj2owXXUHALVZAWkkHUrmm19mDJZ7Usyfrd,110000000000,110.000000000,1,1729957707,1729957707,0.277578
J4JDNiKT3yu2zqDmxcLZQbxBefwd5nSP3Qhz4yEzA4uj,110000000000,110.000000000,3,1729973815,1730082108,0.277578
C45tbZRx36qbRWAQuifrocVg3XeyEALrsegqrT4wbE2f,101000000000,101.000000000,1,1730074800,1730074800,0.254867
7EUMZX5G9d4AyRY9kcMvUHDsseoU3jS8N3W3FUjkfpD,100010000000,100.010000000,4,1729900876,1730068461,0.252369
2kNeZupEKVp6Y25t3ZYSuqJ7VgpFHpvgcKySRb3StMao,100000000000,100.000000000,1,1729959903,1729959903,0.252343
2YrKxjg1WKPqd19ivu6fWkfCG7VFZPyCAGYefd9zAnC7,100000000000,100.000000000,1,1729965002,1729965002,0.252343
4DNpYmquCELYSGvQmeqfHL3G4HyQGW26cRXAzWnsCVux,100000000000,100.000000000,1,1729984045,1729984045,0.252343
4uSPP5979o6gRFEzLNh9PvZKv174D3uJVHK7NwLqg7dS,100000000000,100.000000000,1,1729894613,1729894613,0.252343
4ZvwznnwmCjZ6qGh7g9Th4kMJJFofsJgKGDrBomszAiC,100000000000,100.000000000,1,1730047863,1730047863,0.252343
5LFAfmMBep265VT1YkhLP27UixQkFeF9pnmT6DTEKbkM,100000000000,100.000000000,1,1730105475,1730105475,0.252343
5QEdd8TTKEPf3cXjDyUdELUxWVtGMxcfNTScMMRdiLtY,100000000000,100.000000000,1,1729892955,1729892955,0.252343
5TFSuhCkfjLygKPD59UUoBnno2Fsmo6QAU1jvmcbzeMr,100000000000,100.000000000,1,1730063859,1730063859,0.252343
6Nu5aCKEfXrKLm5bkUYts3QhrVG8PcxSuJ2V8DYix2Pr,100000000000,100.000000000,1,1730122605,1730122605,0.252343
6p8cxa2G17qaJf4LnoioyQ2vjmfaY91hc2cYghQiovXf,100000000000,100.000000000,1,1730077139,1730077139,0.252343
6u78dnHYpesnhDBa1fKCVUMr9ai9vn9VhhJ4TUuue5D9,100000000000,100.000000000,1,1730129778,1730129778,0.252343
7fxfsuwCJpdvxYYbzbVcsmBMGGtfMWkCVonLEv4E9Khf,100000000000,100.000000000,1,1730043697,1730043697,0.252343
aPGEwo1grWpYc2Vp2jP5zcNuqDLj8A3yoigAKUh5zM9,100000000000,100.000000000,1,1730096816,1730096816,0.252343
CxTa7wVBDsvtQVqyCwHhXxH42pnyGJcDCKUfUKz2Ptv6,100000000000,100.000000000,2,1729872421,1729897458,0.252343
DgyBddqzSxZW9tYwiqJyV4eKpBhez2ZScjyZqvvKvgmw,100000000000,100.000000000,1,1730083815,1730083815,0.252343
DHPmbH9VqoRUERdAXDhsVE3qDzovy6NhUvDCKsLzDMmB,100000000000,100.000000000,1,1730131028,1730131028,0.252343
gPrjqtxqigZnutVPA9BiVNFVsGd6FrDCStHiQWS336S,100000000000,100.000000000,1,1730129250,1730129250,0.252343
J7QDiXHKhkWG1LS7hUTAfny5k8NQ4sg6MEx7vMHXdewU,100000000000,100.000000000,1,1730049006,1730049006,0.252343
AWj71A1wQqsGt1nhj4uMbya42Qd9aiyyCKVRbE8Nnf4Y,99999985000,99.999985000,1,1729993342,1729993342,0.252343
3EUcVkyboGB6jnUr3GWapjhVZ48CPv35zifFkRZEhRFz,93000000000,93.000000000,5,1730059643,1730129746,0.234679
6GMf2YQi5VZp3b3Pqgf7pwVUqVcLm2H6siCHk5oY7mTo,91000000000,91.000000000,1,1730129328,1730129328,0.229632
4vdC3JmLHrBvWjGGQSiBW8Tg6XyjBbqRmkzqqZwDQbDK,90529023667,90.529023667,2,1729903041,1730126458,0.228444
4p2TWX7EK93jY4haAGwxYcbgmaUcE96TQzm5JeK1JNMb,90000000000,90.000000000,1,1729966021,1729966021,0.227109
591bkheDhy9f77DagBLnjDRNkuqoCrkK5rDZSaQuVkTm,90000000000,90.000000000,1,1730042312,1730042312,0.227109
CWnFjjQFDYFWHUjmg4eLmFuhaoqLdLXzZCCX3nbQbvCQ,90000000000,90.000000000,3,1730130113,1730131138,0.227109
GScqZvRuVuyGPnm1XgGyDNmR3tNGtg1TeUWBvNuM33P3,90000000000,90.000000000,2,1729874297,1730128790,0.227109
ArrL15JjF2HNRS2L66V7hkWRWRaGRCKLadCu27xHzVbD,88000000000,88.000000000,1,1729983695,1729983695,0.222062
3v4ptm55aZuVCUAzn5GKmNBTtYQLqx1bgB5XDrxiATUf,87000000000,87.000000000,1,1729894296,1729894296,0.219539
G9vmiQpHBTeWhNVZkvXQoQ7mAJPsEnJasUMG1veSVHZj,87000000000,87.000000000,2,1730081298,1730131102,0.219539
Bqs5i57TzHxZDdbcNVJdiuzYQrB8gCsJjmHSm8sbWXtn,86000000000,86.000000000,2,1730122056,1730122107,0.217015
58uP5UWXaZVv19uoGX4MqqRS2L6bA7tGmxxZK51QXFKL,80000000000,80.000000000,1,1729911630,1729911630,0.201875
81zCWS5AnrVQwNVfGndzcNiZ4pxRAbK9MCojKxTnrgbc,80000000000,80.000000000,2,1730019060,1730116364,0.201875
Bbj4XufvCtNsgM4Z7KDHvmGXLSsccbAXBLjdq5J2mvsp,80000000000,80.000000000,2,1729895910,1730075867,0.201875
Bv7TBgTJCR7FRH8mYgaWFx7H87rKX7g9rb3XYBkP6TPa,80000000000,80.000000000,1,1729959282,1729959282,0.201875
FEJfMQBGGKyeDVHZkETLCu8dXez1Ce89WeUJyJyyMEpC,80000000000,80.000000000,1,1729956282,1729956282,0.201875
7D7bFfJZyc2EvcXRNWeGMjBgAddcey3fAtEUdourEN4j,78000000000,78.000000000,1,1730131226,1730131226,0.196828
3ektTjVC5x9QkiEMoagrGGv9xTPFNw7f7ttiYiLZ15kW,75000000000,75.000000000,4,1729877391,1730120382,0.189257
6C1prnKQBiJktxCUUbVHQPyspxWDopEymT9EE9uvpdgY,75000000000,75.000000000,1,1730121578,1730121578,0.189257
BUeeXZ23Cj9gvqJ119bs3dzXv6srfdpvYKp8SqRooHYi,75000000000,75.000000000,1,1730068646,1730068646,0.189257
HNukSiY7DZMFmFpoEBCeodkMQMbuaEMh5wcxgNVFfTcz,75000000000,75.000000000,1,1730081750,1730081750,0.189257
4w3PFrtGRvKoUATQCTWo1hrn18o3yV5ZSVbBKxGmYg2A,74000000000,74.000000000,1,1730121513,1730121513,0.186734
4bjf65EZrNLfVJd8Bp6xRvHk8CSdiK34Wi7r27DPwwfR,70000000000,70.000000000,5,1730050914,1730131036,0.176640
7q7xF942yiKBHt3VW5v3FoAM9ja72y8fsMwSVCwTRE3Z,70000000000,70.000000000,7,1729876204,1730037267,0.176640
EnozJj7kz8fSnmugTkpPTKCJ15dW6TwBLNPcHvPUN8He,70000000000,70.000000000,1,1730082392,1730082392,0.176640
XpaaNQ6kmMXZxLYY5HaQ7Ns2YffPGqsz5ADRZuXwDSW,70000000000,70.000000000,1,1729950441,1729950441,0.176640
4MeZjYCauRvZLiDvkettAMvwHXb6xu8YqcAwuTZwpRsB,69000000000,69.000000000,1,1729872432,1729872432,0.174117
7HB1AbmCiz4werAigN34UXLF5RL4KfynUoJ4FxJYLBkf,69000000000,69.000000000,1,1730048026,1730048026,0.174117
Cfec4QM2RfK6oXiM8UKJAWoEawz7m85mYnE5BQhY5SRF,69000000000,69.000000000,1,1729958749,1729958749,0.174117
EGd1LDTqhDraJSjbN3kDMaV6P5375tT9RNjCEebX46cf,69000000000,69.000000000,1,1730128990,1730128990,0.174117
677DgwF4zYuXSCFxrXRuWykUgGaoR9jhkPTM3QpsJqY8,68000000000,68.000000000,1,1730118220,1730118220,0.171593
75dXswSSNxyCbjHMbnTV3qbLj4ejupzGfM4Sj5uJjAyM,66000000000,66.000000000,3,1729899410,1729980046,0.166547
65rDVnkdDoirTMUrhsCa4ZaFHfahBCHpGDJosr834tGL,65000000000,65.000000000,2,1729915465,1729970120,0.164023
CTgWnXaDmKkACE4EVyZAMqzrMKAxuqQmYFeQ3yMndHbG,65000000000,65.000000000,3,1729959865,1730034946,0.164023
DNZPH9rT1WyFawbtakDkkhN3sxfziNgQfWhaq8K1XZX9,65000000000,65.000000000,1,1730041863,1730041863,0.164023
ADQ8hVkZGHJMF9kHuwVJgPCqGVgnfohL4KCahVmCtk13,63000000000,63.000000000,1,1730119450,1730119450,0.158976
ArxmGZy2eTRA1ZSodyUeNzGuAeoQEfiQgQZy7zkDA3jR,62000000000,62.000000000,1,1730131241,1730131241,0.156453
3Qx5394vxnYZmRPeJuBwer8Hjs8Kw1S57dXb6SNqZr4v,60000000000,60.000000000,1,1730045360,1730045360,0.151406
5nzqXBVkxuqZajX3uVTatibd47ymG7aFRERHh2U3wYEP,60000000000,60.000000000,1,1729896198,1729896198,0.151406
6kQsEQJ9QpuaF46VZyQkWirmdREs8voWTZURosC5TEPu,60000000000,60.000000000,1,1729889946,1729889946,0.151406
7ExBGKpSkWYJPz9jU6BLarg8xk2tuvwZ1kTdF1Hb952R,60000000000,60.000000000,1,1730116268,1730116268,0.151406
7nN7cEDzjjdhJnAQ3bLk5f7U6SNVnkFnmRqYEHitoNo7,60000000000,60.000000000,1,1729872915,1729872915,0.151406
7uVjLRsTHVcBzN1vfKvCuFkkerqDQtiHWF7uZRriy7Fs,60000000000,60.000000000,1,1730114605,1730114605,0.151406
AnHZ1zjbr3EURxYg3SFW33jbxGLDw7Y9ZLktmhTgQfW,60000000000,60.000000000,1,1730046492,1730046492,0.151406
ApRnQN2HkbCn7W2WWiT2FEKvuKJp9LugRyAE1a9Hdz1,60000000000,60.000000000,1,1729876375,1729876375,0.151406
BXAWg4JbaeyvAHpiyYQ3Xr3bUh6FsyDHwwSkB5dmyGF,60000000000,60.000000000,2,1729881538,1729973214,0.151406
Cxws1oSdB5bQ1g7e7M2f3DDhWS98VquFiuiSF1KioL9n,60000000000,60.000000000,1,1730118825,1730118825,0.151406
ERJfPR9drtJFiWsGXwLNTSTLhnZVEwm1juckwhBYTVZ3,60000000000,60.000000000,1,1730094310,1730094310,0.151406
GA8LdxZxhaYs5i4PnTnWUFWqjDa58B95mcssZuaKo8mn,60000000000,60.000000000,1,1729910834,1729910834,0.151406
GrG7nP2DeZEhHJ8gtRVU6Wv6HGoEnRf7XRFKTKNFSUP5,60000000000,60.000000000,1,1730053879,1730053879,0.151406
H1aJJEdUEonXu9mLaYhsu35PHGYUzm2cSnEkJ63ZCf1w,60000000000,60.000000000,1,1730128298,1730128298,0.151406
7XKJa1pR8qadzf77mE45fXbRFREpCu8A2qFrJYV35Ab9,58500000000,58.500000000,1,1730121059,1730121059,0.147621
CkPgnhbQaV5XuDD4ni5tCqiWpuUPmKKpq4TT9JdujnzD,58000000000,58.000000000,1,1730097131,1730097131,0.146359
84dvL75UnJjwrh5UeuB2RKiVUgUrXPPeEkUgLjX34USs,57351135072,57.351135072,1,1730089883,1730089883,0.144722
8SeFvLjTVpos8zRhyDPSzk4TQbiSeKd5SfozPgXnLZXD,57000000000,57.000000000,9,1729887127,1730131160,0.143836
DwrvtoiZ1PW431MR8FAwhij9CbD3qdPY4wvGubNNGUZg,57000000000,57.000000000,1,1730039785,1730039785,0.143836
GuH6juXo6at2K74ehXAzkVSA42KjMQH896gaiq62CeSm,57000000000,57.000000000,1,1730083662,1730083662,0.143836
5294XBz8kpsy1nNDjD15detFvknBjyWY4rDcXNyQUF4X,56380000000,56.380000000,1,1730120866,1730120866,0.142271
9ca6CBDYr3YxNuc1RzLAd6mfExXcmz8cPFosV5gDAPhh,55000000000,55.000000000,2,1729905385,1729905652,0.138789
A4H9f41rngpzGE3ZUJTyBxLfB9LtH3q6WtGcwcyK544C,55000000000,55.000000000,2,1730130572,1730131107,0.138789
DbDi7soBXALYRMZSyJMEAfpaK3rD1hr5HuCYzuDrcEEN,55000000000,55.000000000,3,1729880507,1730013821,0.138789
4BDRmvb45LYSTzWjSew4BJ49y27ZkuyRNb41nttiqc5N,53000000000,53.000000000,3,1729878313,1730125180,0.133742
GBdVvvkPpqVUn922PVZesMj5UsyVs7qKUyCT3zrzpPoX,52800000000,52.800000000,5,1729879998,1730081231,0.133237
95Fzx6kE8GvzYiJwHY8aFsoTWTxUpfBKaZJ69Do8mniq,52000000000,52.000000000,1,1730073746,1730073746,0.131219
4qCUF79Tj8inGb5xv9BxV61RvoEiGpYAUrac23MTqUvn,51500000001,51.500000001,1,1729986566,1729986566,0.129957
EKmTJpLxuX35b3uAAXLZnC4bnCaMtmtttwadw34syqGq,50100000000,50.100000000,1,1730046160,1730046160,0.126424
2cyZXQzrsR3eWxgB54d3iUJyFYK44FQX3Ty2RqKQinJg,50000000000,50.000000000,1,1729877811,1729877811,0.126172
2GtTDpNvwsd5Ho4p71FDaNuhNi6M2DPg1iu13EJfqbSg,50000000000,50.000000000,1,1729997678,1729997678,0.126172
2KTWc2PegJjiUBpmbthVXjbRTu72RdYDGiY1YSq3kL81,50000000000,50.000000000,1,1729997229,1729997229,0.126172
2SJkDT3P9osDRRCQZBqZxDGxeXBnoDemJXCsfB3ihGU2,50000000000,50.000000000,1,1730118940,1730118940,0.126172
2umgiqggsxBzJiZcJh7nu9k88xiewLfyKLeqFy8JJG38,50000000000,50.000000000,1,1729876707,1729876707,0.126172
3Bse4uZ6FYwbeR7ZPGwAKjRsi95f4eXPWq7xoAofrkKp,50000000000,50.000000000,1,1730128407,1730128407,0.126172
3YDkhqqX22CQrVppGUaqcUmgXKQKsgaeAWD8panESZ6K,50000000000,50.000000000,1,1729984134,1729984134,0.126172
3ZsdiNVBoYQ8fKKhyxMYMkC3Z31YK9AEZMPVXKjBCtJx,50000000000,50.000000000,1,1730120907,1730120907,0.126172
4AESuyEXwrW1iVoKmtyyzJnofEsvCdADfPWLRJ3r5y4y,50000000000,50.000000000,1,1730001277,1730001277,0.126172
4Be9CvxqHW6BYiRAxW9Q3xu1ycTMWaL5z8NX4HR3ha7t,50000000000,50.000000000,1,1729902175,1729902175,0.126172
4oVnUDar28UYYLZ743GYrorfVLys8SeBWacGC3C9Poap,50000000000,50.000000000,1,1730112814,1730112814,0.126172
4s2BJr7JtrGmtrWx3a8ZcQozSRg2DMrDoPWWv6yva3RS,50000000000,50.000000000,1,1730115186,1730115186,0.126172
4XD4aYmNAvbkikmJQcRTZSVeNwmcswKWXjNmSkZV5xMa,50000000000,50.000000000,2,1729923041,1730085636,0.126172
5e26f869KG5iPnYn7wmuB7QU3GcVvX7kUZqYgYTKpaNV,50000000000,50.000000000,1,1730128952,1730128952,0.126172
5XAJLqWoVWF95K4jADgjDcg6jivCkxQsGnf6STX6ayCc,50000000000,50.000000000,1,1729892981,1729892981,0.126172
6m7p3aBha72XeJxxZZBF1vcRnjjQ8ieLaartb5VQaTHg,50000000000,50.000000000,1,1730128228,1730128228,0.126172
74uRnCnZ431LEx7TWygAqrFhXrXqvGZQt36PH1YAysMG,50000000000,50.000000000,2,1729896685,1730048158,0.126172
75dm3xm4mHpQ7GEbSkk1u9coKSRhsuiVsw2xyxZEL1kn,50000000000,50.000000000,1,1730094137,1730094137,0.126172
7KHUh91XQ2ffajiLugdnRnkeNvMjtQNDQvRVWpvkUbdW,50000000000,50.000000000,1,1730121638,1730121638,0.126172
7Mpo21aZATk3kevkUSRMtXyiE3Jc7GxMCk6PMRtgDv7k,50000000000,50.000000000,1,1730072050,1730072050,0.126172
7mt2r6mHiUUHGo28VebRaaUXS21BNUWYCXtR9yfKvgfZ,50000000000,50.000000000,1,1730038487,1730038487,0.126172
8dNbEJ9DQygPwej1E9Pck19r4weZfeNmDyZjR7GQhrtj,50000000000,50.000000000,1,1730131292,1730131292,0.126172
8Ficp2kLc9RQJq1Qj6TWmmmepvi15ezMM7BapnqFSF1H,50000000000,50.000000000,2,1730031002,1730031076,0.126172
8JW5Nex5sb8SHaUbgpwQdQ66mkYfmKcxfgYjDSnNTrjH,50000000000,50.000000000,1,1729888355,1729888355,0.126172
8vgWMfTj4Pse68cLhpktt78qwKvR2W2qMC4SwjHf4Pwo,50000000000,50.000000000,1,1729913338,1729913338,0.126172
9ADeGr98J25EuGQwkKdv1sdeR3USaTHuovarpThJkm3n,50000000000,50.000000000,2,1729875449,1729875533,0.126172
9xUeXekimHZfriCHFSfUwfVKYQmuk9mfsnWB48JJmEBZ,50000000000,50.000000000,1,1730104326,1730104326,0.126172
9yYjPLaqUJb5T1uWdmLktETuWYvnozXR3JLpLP9dnoR1,50000000000,50.000000000,1,1730127088,1730127088,0.126172
AMTmcPLHDQ6NU8AVjVkGqN15HyNkTsnAPREGodLCMpVS,50000000000,50.000000000,1,1730067896,1730067896,0.126172
BKSXx2D2RJYBM7ZL5aTnA8TCW5P3DhG3VYFk1ZsguAKD,50000000000,50.000000000,1,1730001407,1730001407,0.126172
BkUM4T1P4uezLGrYVDcCDdV8rG3mhczs5VMfPkAUTTpJ,50000000000,50.000000000,1,1729895330,1729895330,0.126172
BpesCqUSdho3diantanbsEghexBsFxheWXkbCV9jDyNn,50000000000,50.000000000,1,1730093065,1730093065,0.126172
CLx2aNLxPpF35BNicD61GrtC8dczzoEXFmPcxK78feVo,50000000000,50.000000000,1,1730131334,1730131334,0.126172
Cx2cR8qMoCyuELwrG5LVwExxdzRwJq7jUhcDXGx8z6U5,50000000000,50.000000000,2,1729970526,1730044119,0.126172
D2gKXBA4AnqQPbWMN889xzzV1A553kP6ymcYcH4vrszr,50000000000,50.000000000,1,1730122153,1730122153,0.126172
DyHK4AGtiTJ652eL4KpbemFKgW4iLy4Az3BGJeXNzvtT,50000000000,50.000000000,1,1730128202,1730128202,0.126172
DzyCokHkgayXZArDeiiWZAEE4bwwtAS7c3PcacM3JxJG,50000000000,50.000000000,1,1730092015,1730092015,0.126172
E97JW7BKv7VwdZfCdqwhboAmCCSJbFJSx6HhAmNDNJsc,50000000000,50.000000000,1,1730130272,1730130272,0.126172
EceAXcGP69ZKCnXougTSpuHoGrLZT7e9hkxXmDPx8Qcd,50000000000,50.000000000,3,1729873114,1730128191,0.126172
EpUcJAvefLmATS9rzkad2SaYvRT36XswYxVxG3bQT7HH,50000000000,50.000000000,2,1729891579,1729999162,0.126172
F4nYSP91CkxabBLdW4aS7W3VJQWeWLhF1Mob2aZWcm72,50000000000,50.000000000,1,1729965140,1729965140,0.126172
FhkBC76yAbXZpBkSboQXmXYoBCRiLJJR4aQ5BcghZroo,50000000000,50.000000000,1,1730104410,1730104410,0.126172
FpHnDe94oicTXB33CWYF3KExc2JCZ8PowTypn59v4mJn,50000000000,50.000000000,1,1730067266,1730067266,0.126172
FuYZFeZY612xB1GgVCvRT1btsNAszXq7QXF9wetH3j1e,50000000000,50.000000000,1,1729878334,1729878334,0.126172
HPQTF8okxV5vqRZEu6pFBwdevNkmCCrdpEgfVZ6UZvyb,50000000000,50.000000000,1,1730106573,1730106573,0.126172
HzN2qpkBAKf1tSdJFc3GuGASzCpGmiFWoGkn8G2cdjYg,50000000000,50.000000000,1,1730126467,1730126467,0.126172
J31SLJBmXYQoh5JBAq1BMbvRizbCAhuyQhoFMKy2R1aW,50000000000,50.000000000,2,1729887502,1730064749,0.126172
JCygPfEL6oBAFJWHNvXd5xkgaRTd97LCujAprdJkXQEJ,50000000000,50.000000000,1,1730082941,1730082941,0.126172
JDycKLJRdq4HB4YAo3NmETBBHaAtEWWzwPzGRbt8cyJV,50000000000,50.000000000,1,1730127060,1730127060,0.126172
jyVzVKsajeNx3t49P9cWS4MPtFnpxHSKEUmEyJpyWbs,50000000000,50.000000000,1,1730094038,1730094038,0.126172
WdJsFfcpgywEhyHnfRZ116twBm1qgcUrDDBbL6Ykc7e,50000000000,50.000000000,1,1730047572,1730047572,0.126172
BNj1jKA7i8gSxUcDo5mhsA7M1QuYxYGP9MpWYF88t4Zi,48000000000,48.000000000,1,1730020500,1730020500,0.121125
9ZrwJho5bdkeyQbkfYTx99Y7VPJmYN56SZpHmc81ugr8,47690000000,47.690000000,1,1729871810,1729871810,0.120343
EwigvspSF5JXPjBAKNRr3PbSxX7u2is2MLfheuJwULWP,47000000000,47.000000000,1,1730031158,1730031158,0.118601
4pnjxBgfnXRsUgcfhfzTRdbEZZPCEPZjNp9BC2Tw7pak,46000000000,46.000000000,1,1730128860,1730128860,0.116078
J1G8nQfzBPmEGykzjNG12q8V7deWmfPh8hxJtUyvioWq,45056487970,45.056487970,1,1730076160,1730076160,0.113697
8HfES5UKpyW4NmDeQB3cJ8Snu1MxaiqUwD4hwBC1THBZ,45000000000,45.000000000,5,1729883408,1730104737,0.113554
8ViPEt2SBYQ7KBGMNSykGBJ7WwXtsZ1VYqXmKnT6Ftij,45000000000,45.000000000,1,1729878326,1729878326,0.113554
AmMiub7B3xHHCkcCuEgquijowuaXg2cFahYc2PexZJiP,45000000000,45.000000000,4,1729967311,1730127462,0.113554
AwLcLE6NwDomzk6JnCEax8tETFgRhYysmg8QJUGnhRtk,45000000000,45.000000000,4,1729885528,1730119841,0.113554
BW25GsyZLnjscsrAitYsC1pJzKQGGZ6WxYCNoNSMZns7,45000000000,45.000000000,1,1729907606,1729907606,0.113554
FYR3kXqeYtP29V8qbUWdySWcVjP4EZ6Wf2ipthvUeKGX,45000000000,45.000000000,1,1730131439,1730131439,0.113554
GbWAQzWtq64JPycZ6LbVaQazhvtyy3pMWsqbCCiD3zcV,45000000000,45.000000000,2,1729871927,1730001162,0.113554
J86UTDRtZDfyyKx77qRWqiGhAECaos7Gdn9cmS67zcAX,45000000000,45.000000000,2,1730098632,1730130987,0.113554
J8NwJ6LFAQZSfNq45JGPAoXHkH4yNJxXiiamkgeu2ygT,45000000000,45.000000000,2,1729872951,1730130946,0.113554
DpX6jvNbApr4caW1XZUttoXtVfiENCpx7vrC6txG98id,44100000000,44.100000000,2,1729880671,1729901316,0.111283
5sD8S3UxDgiKBS4jdLTtzAxxUnTaQMEXJMyrcypdquFb,43000000000,43.000000000,1,1730106695,1730106695,0.108508
Fefe1oozb7nrWiyBxYQWePtfohxAmVbacuThLQ4XPycj,42000000000,42.000000000,1,1730129602,1730129602,0.105984
J5ShezTtr4z3B18hL9u86qpwsr1TdBbBvSB4weY24geJ,41900000000,41.900000000,3,1730126819,1730131125,0.105732
FsBjRccQgQbP2brFdbQa1uifnKX57MokKYAtGaGgLske,41728561926,41.728561926,4,1729896518,1730027678,0.105299
7smy4uPmBB4ATtNDXFpAHDQ3mjRLUMYwUn6DMSBNdgdq,41000000000,41.000000000,1,1730107349,1730107349,0.103461
B3sDteBF7sVQ2SMWTTVdsN39H1zp9VfYs6jVJnZBeWgd,41000000000,41.000000000,2,1730064123,1730131136,0.103461
GcwH8t5vakRCSQ9bPpEvk7JYhkFhLdTgk6g2gyU9nTp2,41000000000,41.000000000,3,1729871890,1729873184,0.103461
AWPVGXHixG8QxmQ87btmCba4Q5Y1P16W8fgzUyfrscsJ,40500000000,40.500000000,1,1730109144,1730109144,0.102199
2RrxTuJ2fHbsRJUTJbrfA6VyvqPzeMHfAYRFg65GcbEx,40000000000,40.000000000,2,1730127750,1730128248,0.100937
3iRedv9mNF2zNRTj4xdJijhiesJT2NoqjmDgRisK2xLS,40000000000,40.000000000,1,1730121679,1730121679,0.100937
6wzX4C1BDkRi3uo8VV7kLr94md2bjW5qKckcdf6zPKEy,40000000000,40.000000000,1,1729921851,1729921851,0.100937
9DFnJK2owX8YHi6LxhRiUi1Vfe2PnCBW8n86cY5YxKw2,40000000000,40.000000000,1,1730131350,1730131350,0.100937
ArqJyL33EXQbyp9AeFzAe35M6EKmYCTmLQEbpj1ysxVz,40000000000,40.000000000,2,1729898225,1730040983,0.100937
BhZtQFQNbs2ff3ibtf3RUaSoBYR9vyZEmF9RJsBxXdr4,40000000000,40.000000000,1,1730130764,1730130764,0.100937
DabQXZGYq7rFMzWjajPDX7DUW1uWDjA76RRMXhV5obz1,40000000000,40.000000000,1,1730114235,1730114235,0.100937
DAFXYJdKBxYFL1ymCoiQYFyeSdqwa8KFFhqwLGdYKjGG,40000000000,40.000000000,1,1729877010,1729877010,0.100937
DYdLJPWwy2BAvcUXo4QHEeNqQVBWwC7bi9d5TNtt9MXG,40000000000,40.000000000,1,1729969919,1729969919,0.100937
F3No26b7EiV1ye7eY9W7H3yreamKzqPFhXqhPGT19NMB,40000000000,40.000000000,1,1729984168,1729984168,0.100937
GRoVf2kPZEa9e3yYy1WidPXeD6Hac36EZiYTpK6NYu27,40000000000,40.000000000,2,1730092309,1730092440,0.100937
6Y5UYe6VxNiSoSpMv84JEx4rKCk3yRzZDWaKauEQyAWp,39999986000,39.999986000,2,1729883761,1729883805,0.100937
EpX5EwXttizssHgS1hkFoNqCNNZDJnfA3zJCVVjkV8x7,39000000000,39.000000000,2,1730053804,1730058208,0.098414
GeKAfAJx35YDpJWX43NETxxvjd5r3CFwpbG4Scv2Ak53,38500000000,38.500000000,2,1730040855,1730089098,0.097152
6K6RZT6byF6sXyCjjfQDfprHrXkcDnNDQ1ZvQJVGg6v4,38000000000,38.000000000,1,1729900264,1729900264,0.095890
AVHTohBg4mjeamGXYsNC8eT3mCvsqJdVrPpT63VdEA6V,37500000000,37.500000000,1,1730128331,1730128331,0.094629
Hxt82v52Petwf2U1WBjGsXakYYhPGYrN7eXnLXkQ87cT,37000000000,37.000000000,3,1730127850,1730129344,0.093367
GasVfPnT6E3EMT6ijFUBLRMLADRLX1hUpayXHJmmk91r,36010000000,36.010000000,16,1729891061,1730130194,0.090869
DhJRKtEDspaMwmgvjBkVR6bTiowb7ge4dx4sgYvYCPgW,36000000000,36.000000000,2,1730025138,1730039734,0.090844
GHCas82wE1bvZpcfdEPiEAB4ZudVA6F2THjn9gkFsN6b,36000000000,36.000000000,1,1730085868,1730085868,0.090844
Ge4Am6Z731tLJNufSX4HeoEzzJmSiqX53Jzm8YMvKQsK,35600000000,35.600000000,1,1730127795,1730127795,0.089834
4iFXBNbtTFVVv9r2dfskEZ8j8EKXmmpfw7WTQFSuT9bW,35000000000,35.000000000,2,1729872945,1730129644,0.088320
AjUdVos5oc7NpK7ubYm7KvxpyNMp7Ts19SMAn51aXg6f,35000000000,35.000000000,1,1729962202,1729962202,0.088320
DY8PFpnXqKNUnAbDqb3dza2wAW4P93Tj7v4yFE9pY6yN,35000000000,35.000000000,2,1729884467,1729900298,0.088320
GjMoY77E3f99shui6CZQijtu97RZ3hq7MKvoHP87nmFH,35000000000,35.000000000,2,1729888251,1730122033,0.088320
GoBnMKL7RSWGjDiNkWCvDG7zZCUziNVqvmSHkPMzuJBq,33000000000,33.000000000,1,1730130915,1730130915,0.083273
8p7CBDbswBS7K8XyedMSgYu7Lrjpj4Z4NLKdfiKXsC4C,31500000000,31.500000000,1,1730093632,1730093632,0.079488
5QuHuqRRp4RBvcbn9zQnFvBVLiPHjRAEuit1v5YyAVUA,31000000000,31.000000000,2,1729872373,1730129489,0.078226
5wNyYsb2n7WkrHp7HKsjVgTwBzvwHtgq4kUxA8NtYXo,31000000000,31.000000000,1,1730056903,1730056903,0.078226
EKwB4rLVQQ1F11uZHJcbQLNvtrSVZ2XRhV2mrPpczwLX,31000000000,31.000000000,1,1729879354,1729879354,0.078226
Fw15jwKF6bNtptr65Ms8pbW2k9J6rwpAVvasRcxusioL,31000000000,31.000000000,1,1729889264,1729889264,0.078226
2D8htKjJWL33Upumk6EcMfd58QMqWsQWtTxCBBkQXs1s,30000000000,30.000000000,1,1730128668,1730128668,0.075703
2uM16X35AYAZqJwZCToJDSY6b8K2Bwhp4vFenfoscHBP,30000000000,30.000000000,1,1730115584,1730115584,0.075703
3HRospuJFML9mDRYGvtr7Bw2Gewzd8bPPZzAy6Yqcm1T,30000000000,30.000000000,2,1729893069,1729964209,0.075703
3qmGPv4rodtvUYmovfbzuDwzRK7a5W2hW8SKKRhfhYSy,30000000000,30.000000000,4,1730037407,1730084894,0.075703
3ubMo2HawsG5MBgERh9wMkrjFZqQ9ZMhkYso31qNofCc,30000000000,30.000000000,2,1729875329,1730051409,0.075703
3uha1vYoSQQ7FiVc6CPRJfYo9hnB5VTqnc7sejsK29kJ,30000000000,30.000000000,1,1729874398,1729874398,0.075703
3YvvJ9E1xE6bCTKTqk4ffFEy3GdH9KwYnDgLxVDqApi1,30000000000,30.000000000,2,1729871504,1730130870,0.075703
59nTNf8Y9AetaFoUUZ69QKK1iu8ZmZixCKNxq8eVdVyi,30000000000,30.000000000,1,1730098768,1730098768,0.075703
5KhNmbchSxQk2HbYQvyF4tFsf2KGaWJUXxcikg9F9DK3,30000000000,30.000000000,1,1730049500,1730049500,0.075703
5KV7gyjbabhUn9m9P4bGJofo3F6J8DYHMNosnGEWp5zf,30000000000,30.000000000,1,1730069791,1730069791,0.075703
64LC9V9Au33td1jt4YFALYBSc9ZQE3Xu83ZH89e8PZK9,30000000000,30.000000000,1,1730130370,1730130370,0.075703
7812pQfJAQUJP4TCBG2fCAg24ymmWUJZAWEKPZcE9yuQ,30000000000,30.000000000,2,1730109401,1730109461,0.075703
83sUa82d1sPzwUCMfDzR6Ef9rcVmeXHNzqSbJDfhs8Ku,30000000000,30.000000000,1,1730091810,1730091810,0.075703
8hnN4vZ3sCKcjaBovacpe1UHRCfH3SBFDBF5aDFs2L92,30000000000,30.000000000,1,1730125773,1730125773,0.075703
8L847iMWRvggeMB6QGbsYmGFPvSkS9bAPomU3v5jx5za,30000000000,30.000000000,1,1729890675,1729890675,0.075703
8WxSgizMS9BjwEz9YMH8jCVNcaTAUTzUiSDESQSNHdHu,30000000000,30.000000000,1,1730096416,1730096416,0.075703
9seffwhxuZ3gNEsFvryYxXTBRu6Y8ffQwnYSBehqp1pT,30000000000,30.000000000,1,1730005492,1730005492,0.075703
9WZNFwCb96hjggSHm5gD235BHsgGqfDKiMW9VqrQc5hk,30000000000,30.000000000,1,1730120613,1730120613,0.075703
A2B76kth3LZB7GK6dSzRcZBYNWsn2K6fCWyKVXBFqKx4,30000000000,30.000000000,1,1730095268,1730095268,0.075703
ABabNZiKrrS8MFk5DcHzUUi1pYrxy6LBBL8C3LDkGghV,30000000000,30.000000000,1,1730081265,1730081265,0.075703
B3noKgsydoVCi9YJ5RLRpRntnTez8Q9vg79D3nZXpkFt,30000000000,30.000000000,1,1730121745,1730121745,0.075703
B5vZ5jz6a5Zoq9zqsZxpCtdysuUXKEWQcy2CHcXRYpu2,30000000000,30.000000000,1,1730112653,1730112653,0.075703
BE9CDwHVvn43WPSsRqsAX2n4ryfMtc8xaL52CaZvp6Pt,30000000000,30.000000000,1,1729891201,1729891201,0.075703
BYpev5oB4QMBvVCHKpcM69jV5JvZTmwUc2G86jVEbuzf,30000000000,30.000000000,1,1730121985,1730121985,0.075703
CDBxid9fkfjoemLoBD7dYsUPYEPfqPhgVKRhUSTVEYaU,30000000000,30.000000000,1,1730113457,1730113457,0.075703
Da7K81GnmHahbhsri3qsuY3Ns7K9Jk8aMDfark3nzyih,30000000000,30.000000000,1,1729911795,1729911795,0.075703
Fmshfdt4iUBPp16P7idL3vEgNG9X3CkjyVjQVpwagogH,30000000000,30.000000000,1,1730129519,1730129519,0.075703
FsExd3QXX6FzZzC8wCAgCEefe37PXCLTx3yV7PoHXDtw,30000000000,30.000000000,1,1730099432,1730099432,0.075703
H88onh3yAyU32B8E1V5bzr3kRa6rdLheC937v8erqE23,30000000000,30.000000000,1,1730123129,1730123129,0.075703
HSjuwpCeY5Up4jqvnn2yL28q7R3F8zHCodop6VzQ28vP,30000000000,30.000000000,1,1730130860,1730130860,0.075703
JDbLoTgKiKAbgdRWV9uLcA1ELMWnkrYWm1vEiG93yxgz,30000000000,30.000000000,1,1730130778,1730130778,0.075703
Qc5SZNSRdXfVxbheZgz4FkfRH47UcYrv39adXhYcLb3,30000000000,30.000000000,2,1729872010,1730082004,0.075703
6CYryfcdE9X2ZxKoysqbZ6ZX9wJ1VzvUEHtLx5fDYXo,29779630733,29.779630733,1,1729888630,1729888630,0.075147
EcLMXFZ6LVUxfu2U9Xy1EJx1bwkLATezZUhW2f1uWM3p,29200000000,29.200000000,2,1729875327,1730085540,0.073684
8prXK6qgPA2HkdXPHTs1u4HdGTMLT7Q4RsjgRkMNL81g,29000000000,29.000000000,1,1730078496,1730078496,0.073180
FtDwzAxJuMmLa3MDVxcGjKRwHmpNnMyCzmEwGQYX5q9J,28800000000,28.800000000,1,1730126443,1730126443,0.072675
n6dL6bWFbfc86V4CSey13SnrL4ocD8XF2U2o84cw9Qg,28800000000,28.800000000,1,1730129440,1730129440,0.072675
4m68qxZmJWzGWv6pdVQAAkxXxh4s6y1CyAXKoHeybcHf,28710000000,28.710000000,1,1730129644,1730129644,0.072448
HNEEp2aGmUaMPhQqA8xLmbGEVMxbvTn6JiiJvwyMy7ws,28555000000,28.555000000,1,1730008904,1730008904,0.072057
J45oqnXJZor4icEWeVxm55yXdRq5Ueai24S2ugoYjRUF,28331822303,28.331822303,1,1730075649,1730075649,0.071493
5eqr5rt2yBXxkExZcL4CcwfDyncaKreKay7gUewvXQoZ,28000000000,28.000000000,1,1730120816,1730120816,0.070656
CCCwM61uATaogLKLQRfSsfp8HUoP2qLmXMJLq2f9NPa5,28000000000,28.000000000,1,1730065464,1730065464,0.070656
HXALfm83QHudEZzVG7cmoTJy2WqmpE9keaqkCeAnsTiE,28000000000,28.000000000,2,1730062062,1730066219,0.070656
2ptf8AMg7HofXiz2EoE64f1nAvZEGJJLte9gYMf1Xf3T,27000000000,27.000000000,3,1730037712,1730122588,0.068133
4zn7hwvmR41P9eK2qjioibS9jVgxFdScC9AcdDjce5sv,26300000000,26.300000000,2,1729962793,1730047560,0.066366
AgkBFGmot91KmhA1VxPrUf3oTzq8V3H1EeSafBfw3Qtc,26000000000,26.000000000,3,1729890414,1730131253,0.065609
AsLchREoTypkTnagQvW4LJwuKNvgRr3XiG32MR589kGD,25850000000,25.850000000,3,1729878998,1730062850,0.065231
DeArmVVqm9AGxdTN39KcvD5c2YspERpnMerwPTsT1w8f,25399097742,25.399097742,2,1729880534,1730112762,0.064093
74MFvaDZgnZXcmfj1gvSA1UHJRhVgYXrJaevUyDBtZ3v,25260000000,25.260000000,1,1729896810,1729896810,0.063742
2m6HpACqiduFaaQobtBcfFLjdcRKpV7LuVs3XSdDd6T9,25000000000,25.000000000,1,1730112681,1730112681,0.063086
2PmmwASxLMSyFNP31AjcwUE4unzhVWBVPy73cw7w7HyD,25000000000,25.000000000,1,1730090276,1730090276,0.063086
3PG1fuoYU8pEYgZYMwcpsfJrKMw7V2D7u4ScDMBrNPUt,25000000000,25.000000000,1,1730047036,1730047036,0.063086
5dngBSacz4B2JPjErQ6VjLFjQUDxabjGe4d319mfkViH,25000000000,25.000000000,1,1729943220,1729943220,0.063086
5inRbokgUC4GoQz1xRTtXvEHmTcmhX9UHU5jkh6S8oBJ,25000000000,25.000000000,1,1729891118,1729891118,0.063086
66xU3jG5UJ2WBEzrZSX3kYWYkqBvzZFd6t8xVrePAPEB,25000000000,25.000000000,1,1730098427,1730098427,0.063086
6uu3hHQinzVRFvpdy7m44RM8w221ACDxqXpmvLiLUFd6,25000000000,25.000000000,1,1730097301,1730097301,0.063086
7UznNMVgANXVHP9ampPQEsbvK1F6dWFFf1E5amK9yrCg,25000000000,25.000000000,1,1729878313,1729878313,0.063086
86oBzmjVVS9DZ9MXJQMPy8pbwrYQo9KrHeQeSSu16vNa,25000000000,25.000000000,1,1730055082,1730055082,0.063086
9u7QrHUJRjLYKhSogDRSJNG5fkQFumU31n5SzHhnG68R,25000000000,25.000000000,1,1730108773,1730108773,0.063086
ADoLJpgaWnjCtWJkifWLvz3yLudAqycPaYiW9xZqdsUa,25000000000,25.000000000,1,1730130850,1730130850,0.063086
APQk537Bi545dU3hrhSsVtrkLQHCY3zVHPdUvxEiqa18,25000000000,25.000000000,1,1730033977,1730033977,0.063086
B8g2Gz9GdjWESxE2EgySUuCqLjWJsVN2NvRaAkBXogNJ,25000000000,25.000000000,1,1730115195,1730115195,0.063086
C3hPUWzotcYjWG7Dk5nxAwYvefohHgmGkhmRUuTciyp9,25000000000,25.000000000,1,1730100557,1730100557,0.063086
CcEWdx9ZvDkG31PmiHV81dThc5hwtnQr6cEwYDjpZkZv,25000000000,25.000000000,1,1730130718,1730130718,0.063086
CzPGQT4ji1YY8NoM6ikUgcXhVLCScSyDHJJEJZdFzfQP,25000000000,25.000000000,1,1730089105,1730089105,0.063086
DhjeZJU1xmoFerJ3CXMGVQz8K6C9RpqD8d51gb947Zru,25000000000,25.000000000,1,1729959175,1729959175,0.063086
Dvp6gefkXQkxsvBnjjVs79c7Mb54ufDihEwKuPyZvpkJ,25000000000,25.000000000,1,1730090852,1730090852,0.063086
EAppqpfJ528WtERgEEDrBJeVi1TyrWA2m3Bb2j8ekBiP,25000000000,25.000000000,1,1729960661,1729960661,0.063086
EYArvf78FfpPtti7AmsK7i8824AnM5RmiWUZzY8X2Snt,25000000000,25.000000000,3,1729875149,1730129705,0.063086
EYFSz7ER8bxzT2pG5eaypJFA9j4b7TxKrgzo5gxSNLGe,25000000000,25.000000000,1,1729889221,1729889221,0.063086
f5xLoMwrBmHgyegZPf4z7RASZ42gHrL5srijHipWqRF,25000000000,25.000000000,1,1730138128,1730138128,0.063086
Fa6FaNWBeGeGwaMh7uETpHoiq7am2zQxxCNwm64yVKQb,25000000000,25.000000000,1,1729970796,1729970796,0.063086
G9xnGF74uUqhoUuifnDEBGR6zpKkrcjp3h5CGLLy6ESa,25000000000,25.000000000,1,1729956272,1729956272,0.063086
Gs2HJbmu5D7GH3dmoD9V7mjsscshuBADf7Sk8UHy1NYw,25000000000,25.000000000,1,1730130577,1730130577,0.063086
HaTvwHEBaXZkbxWJvXu2Px1YS1Ev9YgcPSAF2CBX7gJe,25000000000,25.000000000,1,1730045432,1730045432,0.063086
JB6yZEJq23TmhhVroc4xTY5AdZjdfTqbscG7pqKt8yhU,25000000000,25.000000000,1,1730099150,1730099150,0.063086
Hz9p9Dxovd9iqamxcenpnmbxUyT4KhYEcn3jd5oc4TP1,24400000000,24.400000000,1,1729905161,1729905161,0.061572
5hiGeivswUmkhe5ep3jjm84CqPWY9yH18nJmMmMcCt6k,24000000000,24.000000000,1,1730065533,1730065533,0.060562
7CNT5BcFECmrhCKYDpQWAxbsm7XovLWn3knpRiDhoag6,24000000000,24.000000000,2,1729907984,1730002662,0.060562
BYu8RPnND9V1t8d9d485i2dLyMZeQEdfuc85kj9467au,24000000000,24.000000000,2,1730125879,1730128305,0.060562
8WinR2Pwun8mmDoXcd66kHdZJn3B42qvj8bmbi5JDGMm,23280101381,23.280101381,1,1730129916,1730129916,0.058746
3Q1zrYnKP5tnqN8UKe1rH5y9kjhn7p2oTANBzva1uvff,22600000000,22.600000000,4,1730122354,1730131374,0.057030
79CmfobG1sLjUZRyT9nUzfwy5xcJuWETMqTMVxFqNFwh,22500000000,22.500000000,1,1730049495,1730049495,0.056777
Bug58wJpfQcWRz2kszRd7c7PmvMUMPxwXk6RfqF2VVqt,22500000000,22.500000000,1,1730115777,1730115777,0.056777
EuHTrypbLBUoLm1HqZ5vY6ToHTpFqG6x126y5bmUV8k2,22500000000,22.500000000,1,1730115961,1730115961,0.056777
4UanBaPBtfuZ6mUfZpcF8dLnYwwqfPU9x7p8CMtRJ7XS,22200000000,22.200000000,1,1730125694,1730125694,0.056020
FnCo6nXHKZ5Xt618AGv5SAjGhnGS3zE6nQF65KEttoyp,22100000000,22.100000000,1,1730067205,1730067205,0.055768
Ch24rG6ybCy4Cide9h5uaxzXQgr538T9Ff8NU3kcGv7r,21067028044,21.067028044,3,1729877688,1729878045,0.053161
8hKxzjzh34MNV9WWvQs2XY98aNRSdi7TUPU2LCNDZjk1,21000000000,21.000000000,2,1730048518,1730070122,0.052992
EUphqqCzTEqTNefG3KTjMvCKBJdf99UfFo675d3HhV7z,21000000000,21.000000000,1,1729910712,1729910712,0.052992
FzKTFkeweiVqhiCV4NSUTSGDxfkLzpUFgi1u1vM6MdUt,21000000000,21.000000000,1,1730130725,1730130725,0.052992
GTvjUi48QxLPNkdQ8RDURMwratzPTRuC9o8FrFxoX4uE,20390000000,20.390000000,2,1729877909,1730128092,0.051453
FvoSQrfrWkgWTeco2mLvHR2gNbJ6ZighrPVZcLAgyBgP,20002500000,20.002500000,2,1729896836,1730126351,0.050475
14NJq1eqaX6tJixmYUf8ZtF5W8J2Z8AoauQnGpkLgcRs,20000000000,20.000000000,2,1729890500,1729963770,0.050469
2bFYAQ9Ga6L7qWY2guDqyKPPLKnDYR58sg6qgG6ZFKC2,20000000000,20.000000000,1,1729893563,1729893563,0.050469
2ntMVEitHAM6hTr4hH9wMiK7ggVv4wj6pfi23GyyHZc2,20000000000,20.000000000,2,1729874759,1730046855,0.050469
3E7zotL8Ty5PPyfeZftAJhBMJJ5ibFGMo4dcuH61rKR5,20000000000,20.000000000,1,1729874016,1729874016,0.050469
3JSnur5cQeddq9F38k4kBMLhJLAMiwmmz36Hrp88idv3,20000000000,20.000000000,1,1730042375,1730042375,0.050469
3R9rJcWshtiVdHGNq4SFo5w5ncVpME4bhe9VkGNNmJTv,20000000000,20.000000000,1,1730101129,1730101129,0.050469
3vaYBgiYvjrqfdQcoCF29r3FjE2JQnFWUsk9kw8fDdMo,20000000000,20.000000000,1,1730104614,1730104614,0.050469
44aENUnTzL3CiickbuQnhoouToYFZdFGFNLMLTLbgvtR,20000000000,20.000000000,1,1730130453,1730130453,0.050469
4ggotefkSLzB5orLL8kyxD6gNAHmL4U9shAS7TsvBsqR,20000000000,20.000000000,1,1730129404,1730129404,0.050469
4o9vBky82L99kfWknoGUFuXBCM3LgLv7GCeiiECywBUc,20000000000,20.000000000,1,1730128169,1730128169,0.050469
4U8XLSP1bjhiG6YDd38xQVG5ugzdnPQE61pTuR1Poipq,20000000000,20.000000000,2,1729878024,1729991844,0.050469
4vKFxcGNybDTg84WGL8zABwDKz6mfKc53j4zE5kpNNJy,20000000000,20.000000000,1,1729871775,1729871775,0.050469
4xXh8jEiwfjgPubJusgs3xBTPJzkcqFFpCQFYdzvtRyY,20000000000,20.000000000,2,1729946967,1729947008,0.050469
4Ye7cGB5FPMDph2jGrG1Nf6CTqsuoLH72JqFmFfZ9QaQ,20000000000,20.000000000,1,1730091949,1730091949,0.050469
54siUULTj7aJbyqK9ZkrXDPuyr9Ub7T169a54gC2BLuX,20000000000,20.000000000,1,1729878097,1729878097,0.050469
68WLD7YzwjqBoCEVuJ3rjVbaPaAog6ATCkjUTpNqiMNF,20000000000,20.000000000,2,1729970402,1730044914,0.050469
6RYQSCcJAcdL3YT8m8o7jKLBSXocMBwYZ4xMnrxgDB3L,20000000000,20.000000000,1,1729878032,1729878032,0.050469
7B1uW2prKT7jVeixFGVsKLP1r4mAg9DpkJPDjwuPBUSP,20000000000,20.000000000,2,1729871558,1729880632,0.050469
7dEhFmvwXh73TKWVdzmahdaun88tjGdM5oNCfFBKLvuJ,20000000000,20.000000000,3,1730042589,1730130572,0.050469
7ypGVyJaKXS1oMEQQ8QLiPvS69tb9kjWc8NMbqCj26A2,20000000000,20.000000000,1,1729897624,1729897624,0.050469
8Hw9X9UwBso7Sp2CFnEEeUGW8pGDj9wghc78ccWFZWpU,20000000000,20.000000000,1,1729891031,1729891031,0.050469
8nWiYGjRKifiNw8Q7m6ghfQrbeLFtjYUb8z2A7G8tMuG,20000000000,20.000000000,1,1729875269,1729875269,0.050469
8PH7eSMCxx2yCZciTaSjZZXAeXeXYK4hMY6o3D3uYemJ,20000000000,20.000000000,1,1729880635,1729880635,0.050469
8qRxg8NYJJhW3hGw3kQLofaxDsrufdLdXevfwwTpiQQ4,20000000000,20.000000000,1,1729979805,1729979805,0.050469
8Ze5HL3TmaeKg4iSA4LvuqKfawtE1yRPc1Nv7c6uPDP2,20000000000,20.000000000,1,1730127625,1730127625,0.050469
93CeUwCkUA1ALtWqXeTZUnPuxiLk2VSaAcHuTDwTkFMw,20000000000,20.000000000,1,1730130725,1730130725,0.050469
9anwHsostZknCjrPiEGTChykXhEcYw4PtFkwhdGGPwW1,20000000000,20.000000000,1,1730091663,1730091663,0.050469
9uGdnYcoefHAWAqm23WWchKBZLVH6dKkQJU27co6yBud,20000000000,20.000000000,1,1730057543,1730057543,0.050469
9VNU2VbQGZnAvo7EsnzhZ2Q7XUBdNytxDCXGkNAaUSkn,20000000000,20.000000000,1,1729989567,1729989567,0.050469
9y3qT1y4Y9yACtt8Jkv2kFVov6FTDygaCnkh1SYGusEd,20000000000,20.000000000,1,1729890502,1729890502,0.050469
9z31eqEtovUCpyWko8ZxhU2QLXk7uLzxjmEMidiQL5RX,20000000000,20.000000000,1,1729890258,1729890258,0.050469
AbpJWM73tqH5mrCUhtJ1ALZ76sb2wuPtkHuea7UZsUDH,20000000000,20.000000000,1,1730069705,1730069705,0.050469
Af1LfWj8HHxeLMkH4nBr2K1eQi7sA2nBA3aW7utx6CAp,20000000000,20.000000000,1,1730082413,1730082413,0.050469
Bj1Su4n4qQdbgiG82Cv38Ln3gJG6WqoH7dSrVgChcm3d,20000000000,20.000000000,1,1730112875,1730112875,0.050469
Bt8qnrhiwLBcyHXJATFRQ1ap7KktnPMYh7tQiM21SmoR,20000000000,20.000000000,1,1730129332,1730129332,0.050469
bUJjrKDDiNpX8jdJEb7N5Znp6BHJoiLdX4pYaVn8sdA,20000000000,20.000000000,1,1730120116,1730120116,0.050469
C32t4SY5jYyVCuiZU4fsN71qcbDdYzeR865Mi9rsa1DE,20000000000,20.000000000,1,1730096639,1730096639,0.050469
C7ehQTTumdD3zQascZxjxcgspicveNitYWGHjJN2Pmp5,20000000000,20.000000000,1,1729993038,1729993038,0.050469
CeRkfwB7kXNXfPx1NhzM7VoU8bcuF5Fxic8fMjQDsUz4,20000000000,20.000000000,1,1730052861,1730052861,0.050469
CKnbcYq25wAa62mPYx8pP6YRUZVHggVSnzEWDHTqZxaf,20000000000,20.000000000,1,1730085625,1730085625,0.050469
CQKPytqXK4SaEhUEBhpwnLQ9h4ZK78kBJYkJ8MJU1J8t,20000000000,20.000000000,1,1729889259,1729889259,0.050469
DBxAasUsSxUapp2gSk7tMdfjHfTmNGm3psixFZrCjt62,20000000000,20.000000000,2,1729871860,1729872471,0.050469
DNhqFMJo66UytmtaVTx7RSu8EmzBCiB5pkjfwTJZrXFt,20000000000,20.000000000,1,1730130986,1730130986,0.050469
DTkbJVggbYR9g9DvxRcrcP2ukBpqFWHTmB3DNPMn2U8L,20000000000,20.000000000,1,1730130545,1730130545,0.050469
EAyjtPAxrpRw1Mwpyq4rC24u3RM82x2qpWcHz7tY8PcY,20000000000,20.000000000,1,1729874219,1729874219,0.050469
Edh6MAjA7VvbtYw6ESvW5GpxHUySA1LW7bZ9ThEqASsy,20000000000,20.000000000,2,1729887560,1729897197,0.050469
EPFDmjJKBX1JrHHpzWRffZQv6jeZuo6o3g6FoeKJG5Ha,20000000000,20.000000000,1,1729965244,1729965244,0.050469
FerbRiK9ozBKpeMVFQVQNj4MXhBY2HivMuagrnoQ62uW,20000000000,20.000000000,2,1729887704,1730120769,0.050469
Fskawrnw2gdJH2AixajsBW6MwUruxvjpETd4Tw65Pddg,20000000000,20.000000000,1,1730115896,1730115896,0.050469
G5BdUipAGChkeupLBK5C6gRLKqEzNRbPpYGtxrhcuJBS,20000000000,20.000000000,1,1730130854,1730130854,0.050469
Gg4VbN4VD6jEqoVeq81PzYaFRycxWv6BW7hdEzMCg2L5,20000000000,20.000000000,1,1729876379,1729876379,0.050469
GsaZdYyBfKemRyz8reSD5v1fx2xWCFpHGRBJ1mFr5Uju,20000000000,20.000000000,1,1730069051,1730069051,0.050469
GSe6TYx2dxmiVoy4zPRicuSDa3XpY9hwW2t66zW4d7BL,20000000000,20.000000000,1,1730037150,1730037150,0.050469
HqPYCg6yoAFqsu3GYoXpSWh9FnASyBfYZE6JPt5rnrA9,20000000000,20.000000000,1,1729992729,1729992729,0.050469
HRSfQAGtFyo3vyAVApN9NfS7QisV9eLFLDRPCgEmJhdz,20000000000,20.000000000,2,1730048229,1730087557,0.050469
HrZpYKE6A1yA4fchUUdLvBPinJAwVpgkz6doNDBo1uJM,20000000000,20.000000000,1,1730040394,1730040394,0.050469
J2JY7V93w3fjJyh7vDboyZepfJ5xdoGLg3VDez5QQFtb,20000000000,20.000000000,1,1729960532,1729960532,0.050469
N6SN7NuCzMLu7nsP3MmehQtBkoiLF4PmwA6CtEiBJCX,20000000000,20.000000000,1,1729903180,1729903180,0.050469
n9UecFdfVMCQRPVNSEP1JhmCGu7qBwiHh7h3B7ZkHPE,20000000000,20.000000000,2,1729993440,1730089742,0.050469
SF1qTvQCAXNLJrACfavNWpxnTR5XxygCnTQkhVp8guP,20000000000,20.000000000,1,1729905405,1729905405,0.050469
xnuJ3Qyqw9wH6ZtUx8UaRoNjkEZHEWyYYZTrL9UtX8z,20000000000,20.000000000,1,1730068985,1730068985,0.050469
7xJRRArVEzHhpSCdz3tqTGyfqseDaEWJTidarbQ5mpGe,19560000000,19.560000000,2,1729904239,1729960435,0.049358
LsUL6YXqbSKyArTkhbm6ncZnGt1raAxHc7bfrdBAqMu,19500000000,19.500000000,1,1730125042,1730125042,0.049207
AoK8ZSF4h36HHPpyTJxy1Gcpdx3bVkN2TNwBtaHfJHHQ,19000000000,19.000000000,1,1730128847,1730128847,0.047945
Au3jhxMMVZ37ufRmJMEVndidzqz71SSPVnPdVMUkuep7,19000000000,19.000000000,5,1730121467,1730131108,0.047945
CzC3q6iR8dh6FAuZ2z9RhR4VUCLSGqaQoRfvfd1AAWmF,19000000000,19.000000000,2,1730012050,1730064258,0.047945
JCAgPS1UUZrVYtApJ7bc9bEKV2hiwi3saEnzfyA7VVsf,18800000000,18.800000000,2,1729985449,1730128555,0.047441
3YXDJqHM6x1aSqMF3QLHpf4pU6tfiedH6cKvCvVWV557,18000000000,18.000000000,1,1729938980,1729938980,0.045422
4CvtDA6QfcDqXYCsvM8sXkjWS2g2Fe2qfmQEpjUHQhM2,18000000000,18.000000000,1,1730131020,1730131020,0.045422
8oFWajLKeSNRe6y1vCci36GDYasjZV1uh761nKxWpASi,18000000000,18.000000000,1,1729891494,1729891494,0.045422
8W1apKiGDxKDLyktbBDqRYBGQ5voHd3Q78CsvUGhrjzP,18000000000,18.000000000,2,1729893299,1730118885,0.045422
9LAccPnwKVSgxn2KcaYKJJrXAbX73TpJ4rPkhjoMAnJ6,18000000000,18.000000000,2,1730125482,1730130474,0.045422
CuLLQzQvvLiuKotswPNgSMZWqRAaqv4egvyEvySAGzXa,18000000000,18.000000000,1,1729878914,1729878914,0.045422
ETijcMYeKskWN7bffehuAM9WRQJ29k6xYKwm7R5NL9LH,18000000000,18.000000000,2,1730130757,1730130870,0.045422
FWCeAkQriBN3auGgbBn82VKKswzfKcBSzyqkb4QgWEem,18000000000,18.000000000,2,1729874369,1730039020,0.045422
CAQSpfJmrF7nbhb8voREDhRrRoXGtw6FNp5LRZtiQJGP,17800000000,17.800000000,1,1730090258,1730090258,0.044917
FKAhUiRndZ19iZoTNn69WUqS9d4rpGXSRDLhNXp8Fwkd,17800000000,17.800000000,1,1730129337,1730129337,0.044917
CwMv6rEFriz7a3cbc7C23PrVGp2Br5p95Dzc5Zem1dYX,17278819389,17.278819389,8,1730058568,1730128230,0.043602
Eh9279ocG9MPcQRnEhKX24K1mv5bzHAQ2LcLmBc85PBn,17200000000,17.200000000,1,1730130502,1730130502,0.043403
9LPYx7Nv9yvHPHVQjRbThAqJRBEKEojedkZ4ak44hFLS,17000000000,17.000000000,1,1729997070,1729997070,0.042898
EfvFiBSfsNSubGqX18QcfMESbjiWYUgCD1HhZKk5D2t3,17000000000,17.000000000,2,1729873417,1730042644,0.042898
71jamr6GU4ZHbGnv2cHkWtqQhFCEtEUsGNwDS3NrzePp,16900000000,16.900000000,1,1730112123,1730112123,0.042646
2Qiw96zuQpCjDBWc1a4Cs7PkGtH4nkPH13RVcYSGuXpN,16600000000,16.600000000,2,1730089972,1730095522,0.041889
BGF8J6ePgWTVZWGViNkzuz12mpjr1QziUoZ3vaSxCp1n,16500000000,16.500000000,4,1729871828,1730079900,0.041637
8CjAXGzY2p7ruYou3ZiP1okV286mdg1k1n9R419bEsLV,16490000000,16.490000000,1,1730129267,1730129267,0.041611
8FtLZwYUoJTQXrszUPyjNtXwSfBZMBhUvoHuErSeGUB,16490000000,16.490000000,1,1730129282,1730129282,0.041611
Bi69LniJrbTEp8RKmsomE2EfT4nhjpUQAx6icgpD3zAR,16490000000,16.490000000,1,1730129201,1730129201,0.041611
Ex1fF7HcBiD3vTj2RqnqWmULZBpE3oR3xqNb9VvPBZ2F,16490000000,16.490000000,1,1730129228,1730129228,0.041611
CrQMUJUiRjyG9FRvJGUGHXEM4VbtkjMPNdieEG3GVJRY,16480000000,16.480000000,1,1730129245,1730129245,0.041586
4CegrS2SHsi8Y2TNsQT41WtgPi7QDNSTwqw7hfmPB5pR,16450000000,16.450000000,1,1730129313,1730129313,0.041510
AJUUQHndVntX3QwLpqB8ByfaZbAVS3pjuKjWkEqHSnPj,16450000000,16.450000000,2,1730050514,1730130654,0.041510
6fzNjF2rZxL37w3oUdyPQVNjs32NAZnDAWPALhA8Bhn9,16430000000,16.430000000,2,1729888607,1730126645,0.041460
J8tjkT3LKNRuaZuXTy2x5mjmBSki7WXFKX7rqv2DhFYP,16199985000,16.199985000,1,1730117826,1730117826,0.040880
2eDs7YDi65h3dR2rxwH8mPbGsmjM3m8uHhDKRtH6dmpb,16000000000,16.000000000,1,1730106026,1730106026,0.040375
2XiXKtXBSsrK91Pwvf2mjqbFpA4qVa86zhEQXkSGiZrD,16000000000,16.000000000,1,1730116868,1730116868,0.040375
5op3cfdVsqwb9zJtqvd7TDD4yv13FdrmGkD9VzqW6iUi,16000000000,16.000000000,1,1730115012,1730115012,0.040375
JBCECyozFys1EiSJeZVP48mcn4AvnjnwKYTBxoypXrsz,16000000000,16.000000000,1,1730038537,1730038537,0.040375
BtJYG3djYm6B3iJmYmtFTisrrCqJ2XBxb3Vi3LmGE5kF,15800000000,15.800000000,3,1729875085,1729967347,0.039870
CyhURoHiZFGePD7UeXQ2f6P49NjpTVN8JjixRMQLyEj9,15676000000,15.676000000,1,1729876600,1729876600,0.039557
5rrwU5nX1T7ufxqCVqW4fpMEBBix9KzrtyQJyTPVWDJX,15500000000,15.500000000,1,1730130469,1730130469,0.039113
AFDkwj16BNQwTNdfDm9PZ6ZuhTKYH1DVFt8j88SjGrkK,15224699043,15.224699043,1,1729905104,1729905104,0.038419
36dThi4FuwdyvSzLGEbdYd39b5h15iKTWr6KHsK62K6A,15000000000,15.000000000,1,1730070152,1730070152,0.037851
3DaAmifKfPuL3Yhxe1PFwt2ccM911yh7DNsbuLR23pSK,15000000000,15.000000000,1,1730088075,1730088075,0.037851
3xCVtpvYbFmbvYe9U9PoZA3yTehQCu3jxxSnLsta6z3D,15000000000,15.000000000,1,1730129843,1730129843,0.037851
4DpM9k758i95zcZHMJnxbcWCQ4kQEhEwvWU1BS7vSQVd,15000000000,15.000000000,1,1729897673,1729897673,0.037851
4fBk8EVoPhuotFvVy4sSjpHiPh9irqHVsA1vbzoP1Tot,15000000000,15.000000000,1,1729906210,1729906210,0.037851
4oy3zmshYtAWWuwjaoTyRcY2GDU61ij7aXQdp3hCVjJu,15000000000,15.000000000,1,1730128078,1730128078,0.037851
4p1NpToCjYPHdmPc7XPgZ8B8kgBxYLkff1GXSf5XQoCn,15000000000,15.000000000,1,1729940182,1729940182,0.037851
4qtNfXBi3D5UM3ACjoyBJgboR2CqY9RsABxBhsUsD9wD,15000000000,15.000000000,1,1729962253,1729962253,0.037851
4YqTABDd49u9rtmgrTGyj8Qqb8Ex3uhJoT87f9CbYG5q,15000000000,15.000000000,1,1730062610,1730062610,0.037851
5bFi2MNTzcSwPg3Hy5rb5db6Nr9g5qtNwJnTfE4Kb9iS,15000000000,15.000000000,1,1730054893,1730054893,0.037851
5LrS2FtZPQpw8EgU8iy7LU5ijFMxonniRfEacoeeZg5x,15000000000,15.000000000,1,1730127115,1730127115,0.037851
6A7WvQ4YFUAMb65VAgBsVnmQG16SxGxrrU9oWMFH2AaC,15000000000,15.000000000,1,1730107293,1730107293,0.037851
6LJkitpUMXPWxgJyhLpwhMQ3cJoXtdpkUSAeWHsNkhgx,15000000000,15.000000000,1,1730130916,1730130916,0.037851
7oaPXiGuKPhFRaKUp95gFZpZnNr9XinauXV7GrEbimiE,15000000000,15.000000000,2,1730045044,1730117845,0.037851
7XEMWrqWE5mJ5L4ashpd7aQDY6QczakYj21xCDNbB9gg,15000000000,15.000000000,1,1729998317,1729998317,0.037851
8erJRWQtE2JGLdQkcrFxtxyyvKiZnWX4UXKDEiz5NGfJ,15000000000,15.000000000,1,1730121934,1730121934,0.037851
8L29KwAR21NxmqeKnEDw4hRm9cRNxkfCgoC19RqDrc5u,15000000000,15.000000000,3,1729985045,1730108724,0.037851
8Uun1a2rtvsLiJ4JM5XESwKvDpEyrrS1J2h3XAQvCbSs,15000000000,15.000000000,1,1730100064,1730100064,0.037851
97ZW4Rb4fpSZTcV3mDm3mF8Da4cRiqaqmg8YMq6Fg4Um,15000000000,15.000000000,1,1730044494,1730044494,0.037851
9LzicMKdDfoESVC2uEsJM6tsnsjpoXw3dHAKApe3MJTX,15000000000,15.000000000,1,1729988577,1729988577,0.037851
9u2mWkVfR1HhFS6Uddb6iqKWUBGngkF1iqzWizKbVGKo,15000000000,15.000000000,1,1730126253,1730126253,0.037851
9weBhXsL4pqQvWPG8J8F7XhR2Ju8o4df13Ey8dyKnUNE,15000000000,15.000000000,1,1729885930,1729885930,0.037851
A2wSPbjzw49RbVZMqgRTGt1Qi7YVkmubtcZttsr3LSAG,15000000000,15.000000000,1,1730130623,1730130623,0.037851
AxJYAKEKHZko7RGd89qzHSa4NzYu2XCuQxibXiPAR1iR,15000000000,15.000000000,1,1729990044,1729990044,0.037851
BguzBmTgPj5BL5yJJGggrHNtfsSjuxCSz2wkGeuiV3Xf,15000000000,15.000000000,2,1729919954,1730080995,0.037851
BgXB45owq5DNJiBZNLprPdz1d5uD52HpFjgkyCbYp4in,15000000000,15.000000000,2,1729886203,1729987566,0.037851
Bkhh54LLof1StXqUZDzPKoPdkWGKFhtdydpWxbVt6Fso,15000000000,15.000000000,3,1729999719,1730016893,0.037851
C8NUByXbzp7k7JzTUGRUAvBqaP2tgpVDyqnW2oLrYz2b,15000000000,15.000000000,1,1730038517,1730038517,0.037851
ChA8zhHT7jybqgaxkpdJju6MqBjkva32ZT4EPPFu13Xr,15000000000,15.000000000,1,1730128757,1730128757,0.037851
dawnrJGvJMkLQYkuWG9o1nMT3EPHASzkibry84nAgtP,15000000000,15.000000000,1,1730121508,1730121508,0.037851
DsKQFQf5jREYp5fqERtmgMcJVDLSwENq5kiT1yPbobZa,15000000000,15.000000000,1,1730130728,1730130728,0.037851
E8mCd61TfmLNor8d2UMEPq4biCYJm1MsiqGRF58pUF5G,15000000000,15.000000000,1,1729872713,1729872713,0.037851
FpSmGNJ2EkgANZrfzV3a1LpgPJAwESJVRPZDegABdhqH,15000000000,15.000000000,1,1730115860,1730115860,0.037851
FQzYZu8NepGWQM5Btffp5Pq1YEoCK8wGQyoCQRiNHXi8,15000000000,15.000000000,1,1730126769,1730126769,0.037851
fsqzM75aZRMNKp9UTBom1PgfzGJ3FVFneCZkUvA4vr8,15000000000,15.000000000,1,1730055171,1730055171,0.037851
GKYrdGzbCa8KzkQCVEvqJXKBVEe8w4KissXbeYoUag5z,15000000000,15.000000000,1,1729898047,1729898047,0.037851
Gp8uBphoLMpCXKgNjFXjZNhCJ5v4XPw424GAEU34vhyf,15000000000,15.000000000,2,1729875140,1730125451,0.037851
HaFdz8g7DqGSuZBkY7W61r6ZU5NJGHzkUKPez7huh1Uv,15000000000,15.000000000,1,1729889444,1729889444,0.037851
HyNiuntjo51d5paTG7rX5XLLAAi68GQMN1STwSmvna4F,15000000000,15.000000000,1,1730130453,1730130453,0.037851
HzQU8nyhGXvo96P1cc4XZZFJgXtLtZcqbFi9wP8tQe3t,15000000000,15.000000000,1,1730131283,1730131283,0.037851
JAGuM6rzknDp83VavTT8m7mvLDSTukFHD4y19URaiyv3,15000000000,15.000000000,1,1729984906,1729984906,0.037851
u3ARTTzURt4P5cP1kwzurMnpJviZDp6U9gkoJzHBLHR,15000000000,15.000000000,1,1730073465,1730073465,0.037851
yuiec8BeFKQKQWeuPPLQsrRQi6S5ykugmKLhFpNqWHA,15000000000,15.000000000,1,1730076560,1730076560,0.037851
BZr583YXr3Zpk2XyxdMuDjRbLffTkA9hWC4GJG2FBA6m,14970000000,14.970000000,1,1730130812,1730130812,0.037776
GYZt2HYRBo8NiB1xLXvfF9QDxmYrpXfo1xWwc9hQAkgm,14950000000,14.950000000,1,1730053820,1730053820,0.037725
6xKAq5uAUXxoojNEZ6sszxQvkQy1wYaVJZgvKnK8Btb9,14500000000,14.500000000,1,1730127567,1730127567,0.036590
CHMYLWB2NY42GC28X8BhRYfWJYnMdb84e2QzYEoSky3i,14500000000,14.500000000,1,1730167251,1730167251,0.036590
G9MJJdho8mQLa36yHUnaviwPvBMjesuPKGFxzSUPHQzf,14500000000,14.500000000,1,1730127478,1730127478,0.036590
JDoEzMTcycDRvrbqVDnPgT16S1QRwXLeV69Uqfshzrc3,14500000000,14.500000000,1,1730128196,1730128196,0.036590
FXPcQ1JHiUuGTzpG5CbVeMSsWygfWhrr67T54Hg7V5ip,14200000000,14.200000000,1,1730110262,1730110262,0.035833
4ZxuqozQHQxCpQjk6mfYFLQPwZ2UTcNyaq5jFrKmyagH,14090000000,14.090000000,1,1730118975,1730118975,0.035555
DU84Bhj5gYgZwM8hir9UhUunzk4bdVEqZoqWrk57gWXH,14080000000,14.080000000,3,1730126911,1730131070,0.035530
3dTDAD9DGEDokPmbp1j6WquuW2edd2hzddVyb5NTMYA3,14000000000,14.000000000,1,1730128793,1730128793,0.035328
3wuUJDz65atnCpasBJH7xqBbr2iX8ejWmV177umuN3H6,14000000000,14.000000000,1,1730128350,1730128350,0.035328
7FFwQTjTMHtAKrnzKV2FUXQPEnqttQRX1rni32zeK6gk,14000000000,14.000000000,1,1730130825,1730130825,0.035328
7ScXQzSJkEkj3ddhuvBRvRNXYQmbBhzA6Y8vtMcEa3Rv,14000000000,14.000000000,1,1730125628,1730125628,0.035328
BTseA1Fp9TrnSJXiZYi7bXXXjKfKvbFizTADPdz98yF5,14000000000,14.000000000,1,1730083691,1730083691,0.035328
EW5psp7w36cBJgTM35Gsn8yg3yxztqz1nMTYnCSdXwkf,14000000000,14.000000000,1,1730095923,1730095923,0.035328
G4VqFQqdtjVJqZ3gyxS7RZ7utzNqncJy28ixujicmwTx,14000000000,14.000000000,1,1730080989,1730080989,0.035328
hXX2giBj9vXwgit2EWxbpoQm1UqW4QJ9xZ9rwE8jirT,14000000000,14.000000000,3,1730089470,1730091599,0.035328
EM76MTDv3Kpjn46Wf41CkxnghFrLmAV5JMSntzgYYL5K,13868227302,13.868227302,4,1729876868,1730130027,0.034996
8Bqc4GRFmSAeFygRCHtwvEDo6vBF4cqeoxs7vC2e2nsK,13780000000,13.780000000,3,1729941156,1730116019,0.034773
8ht5yrQ6cGx1GjVVksChFqyinsBkYaGNxYYRUu2abE1a,13500000000,13.500000000,1,1730036367,1730036367,0.034066
2ZDj3yn2v9pSK53n57evCUcyxrUUPXtnAgN3ysVnXtJm,13000000000,13.000000000,3,1729978043,1730092284,0.032805
4rsuG946aj5PxC78QjqLtweY9ASxdTsa4xzgvh5KFEME,13000000000,13.000000000,1,1730118190,1730118190,0.032805
5mYhFY4yH1JZkK97vqSrv1TXSaQHLEr2XYmAgt6CAaGt,13000000000,13.000000000,1,1729974973,1729974973,0.032805
BgW4uK1sMqwit7HfTNKtmN1B1uLDsJJ2KUnDqDTcZPhZ,13000000000,13.000000000,1,1729873425,1729873425,0.032805
DhKffpaiWttNj9PpxvR4wXwiju1sR3F2h69phzjM7Ruc,13000000000,13.000000000,1,1730069855,1730069855,0.032805
EQmfV2jxos8GYeAGjboFYujsSQJEYbsg2AjdYCCsFqvL,13000000000,13.000000000,1,1730129052,1730129052,0.032805
BFMvE7fV98jdNztuyuAp7QcVxp1iL9B2SzBhUJekA92f,12500000000,12.500000000,1,1730003673,1730003673,0.031543
BUiS5QjVgidXHUAJ41HdsYyYti5SNU3aRPjvkuVy8Ucm,12500000000,12.500000000,1,1730055230,1730055230,0.031543
DdG1fA9UHDqGc4PbagaLU9AC1w3p4iqhK72ueXwLkJYx,12500000000,12.500000000,3,1730038367,1730129659,0.031543
Hs9Xf8yiZoq6iU4orwK82RfqUyTv1Yn2f5Ui5L2Hcwi5,12500000000,12.500000000,1,1730130184,1730130184,0.031543
2F19ZXrvQDCoYXdBoFBiBcEmgrAKYAheZHnQxZksHQhN,12330000000,12.330000000,1,1730010341,1730010341,0.031114
5X1baAuWkoVz3rQgiApKFyyY1D5hCTrmdj7caN3TrEaS,12100000000,12.100000000,1,1730063119,1730063119,0.030534
294Z8PNgu74wyLsbZMYmVcDFAoAGhqq3m3A8yXmppVFz,12000000000,12.000000000,2,1729872924,1730130686,0.030281
2arVEQsGsJmdDdiFur4MuRXSMZK7aUnBd5NfPFTsKkp6,12000000000,12.000000000,2,1729893295,1730122309,0.030281
3C3XEL1Gkobben3gS3Tcdfb5C96eRdBfJquS4njRkLMF,12000000000,12.000000000,1,1729909564,1729909564,0.030281
3WCRYisbDrt7EV6rsaCsiBWDWc3wuXn24LehEQMvPq6K,12000000000,12.000000000,1,1730128290,1730128290,0.030281
4G26CB3YnBKbQbM4SyXknb3ZwKcR2apFijADSSQsWEvJ,12000000000,12.000000000,1,1730037550,1730037550,0.030281
75R5XTcTRgfpimhR2NTFAqfy5fsANcF1daC3ov2HsdeB,12000000000,12.000000000,1,1730121337,1730121337,0.030281
DWDphcQ175ZHBDG4XssXmDNfWRyFc5PzC5kgK1ZJPKsP,12000000000,12.000000000,1,1730127351,1730127351,0.030281
F2xeuZKVjm8s2kk34uVJQD3ZxurYtPTxqNoSa57v3rx6,12000000000,12.000000000,1,1730059912,1730059912,0.030281
Gq1u7in6cjFZhgPaUbEcZU8VJaRK6ZibKYreSNP75nmL,12000000000,12.000000000,1,1729872534,1729872534,0.030281
HDkTquhpQKriFTzp4aqXsSZRXridSasD9kAk1zvT5m9T,12000000000,12.000000000,1,1730127016,1730127016,0.030281
HwgAsVzqCYwhtvLSMSRDWAUQtSkdCfx7aSuUUAf71G6p,12000000000,12.000000000,1,1730125742,1730125742,0.030281
otpidBv7Nwz8veKSw8gv4rDUtQ6Y4M4fRVidC27UWY3,12000000000,12.000000000,1,1730084683,1730084683,0.030281
GhUwu4BkHyUgD2Bfv6fWPK61nQgKt2GueK5zGfxxd1qZ,11998955000,11.998955000,3,1730037073,1730037125,0.030279
GLbn3DcLUv4nANjnDKM13ih9eHirj4vSGK2FW571dXfJ,11777000000,11.777000000,1,1729872876,1729872876,0.029718
HEmUgMcLXySjobtZ49Hc7vjE38Upcujg32bV1DAACbtK,11750000000,11.750000000,1,1729998368,1729998368,0.029650
22p8SgMXQYSf8AdZPG1YM1NtcDMzJ9bYmjHHVcrP9URp,11650000000,11.650000000,1,1730047627,1730047627,0.029398
4jMPGAxs1ziGUdNkKDYTxtjMwNQ6bCNkgCfaKeJynGVX,11500000000,11.500000000,2,1730039095,1730039359,0.029019
7phLVvXXUheVa1SJo6wTGt8eBVeSVqrbCb5DyurkRNdS,11500000000,11.500000000,1,1730054055,1730054055,0.029019
DJRdW4Pp7uUAXueBj4eGWaPP2iFBpfmuUtjLQ8MToE5h,11500000000,11.500000000,2,1730036970,1730040592,0.029019
E3B6KTLDi3o1pxYUcUzJwoDs24sLp21d1ysSogt9DdqW,11500000000,11.500000000,1,1730018055,1730018055,0.029019
G3sYe2eKf1mWnkq7vDYNVvvzNGY4YG91d7ngNjkaP35u,11480000000,11.480000000,1,1730062934,1730062934,0.028969
2uxfyFbyo9NTTXt6rzC5XCxM6akm5Vzt452myVtPnsfm,11458230120,11.458230120,1,1730095789,1730095789,0.028914
EejATxRqYg48njTEGtWanRbcgnDj5DYjfj2dRwrUhLeS,11355300000,11.355300000,1,1730036669,1730036669,0.028654
3wU5WVuH6tpmxHmHEFnPfqeQ2PFqwHsXsSoy9VHKGo2D,11030000000,11.030000000,1,1730130396,1730130396,0.027833
2XwoNU9gGroTVDWCPHG5Zpy2moWXpRYemrvcVsWaY6Kf,11000000000,11.000000000,1,1730129320,1730129320,0.027758
55SpsjeuqdwNQBDE5rnoXJM7nREjVpFQgdHHLoYbxWrg,11000000000,11.000000000,1,1730039842,1730039842,0.027758
6ZoxXkrwUmhFNUfctBZMVQr1H9dJfZ2Gi1rGCKTreP6C,11000000000,11.000000000,1,1729871762,1729871762,0.027758
8SRbG1ryHhYGULr2bwQL3mw9BDEacYEwrgHYnLnJsySF,11000000000,11.000000000,2,1729971996,1730046486,0.027758
9LA2YRPBtk7fsQkE754W1uSpk1tKBAYvr62RHnywfFDy,11000000000,11.000000000,2,1729950473,1730037492,0.027758
9ztNuhcMbsnDQszdAAj4KxaZmJmCac7gmCpy9j62wMGj,11000000000,11.000000000,1,1730093194,1730093194,0.027758
AUvhepS8fY1hCx2uW56nGQc8fE4cDqAdPbJgXKQr9ww1,11000000000,11.000000000,1,1730086502,1730086502,0.027758
AuXTyydafWfmvH6v2D7fgu5kqe3M86oM2vjWVztHfA3d,11000000000,11.000000000,1,1730104735,1730104735,0.027758
BMZVjGfdCG4Hh7Ew8ftdPMfxsih2ZCezz4A3dXCPifC1,11000000000,11.000000000,1,1730127637,1730127637,0.027758
FPPzsQPWj2GEWEW2jhX2RKsQBANUAirHE5Yq6qeraGnh,11000000000,11.000000000,2,1729885840,1729885922,0.027758
GF5vVp4gUsVRTU7spETvxA1XBdBqvU7Bb5Vz3NVo4Z6Q,11000000000,11.000000000,1,1730130109,1730130109,0.027758
7DxLG9tAfroVbHrS74g2fhsi1nfrUFkxWAS8a3XoygYE,10965000000,10.965000000,3,1730075584,1730097278,0.027669
7MxgKxJHCNiFLKBvpGPH4Uuj6oEaGeM3aHmPUnyCHbf6,10950000000,10.950000000,4,1729888943,1730040595,0.027632
J197T7kg6ivmYLyLuPC876LiSBPst3XvrNirzEbyoheP,10950000000,10.950000000,2,1729876528,1730110637,0.027632
2ATZ6ADVLt9v76USzNt1VMN3Uz7zNLZcq1fwjKiVM8Zg,10900000000,10.900000000,1,1729890614,1729890614,0.027505
HRJULzD9SsC6awQ1EpphJKoo8mmAb3v2ywWzH1c4APR9,10880000000,10.880000000,1,1730096296,1730096296,0.027455
uawEuHLq1HcmDs6X8BdDn5o3PRsX7QM2imq8UZuaGj8,10870000000,10.870000000,1,1730111380,1730111380,0.027430
8EZycCy82t9UpR4zTJp5XYWYTsHy69Zbm7ZXsbmPwcQq,10789985000,10.789985000,1,1729886081,1729886081,0.027228
FuhchUraFkdRfdysVLi5d8vB9YgRWAbnkyGLYAMVhe3t,10690000000,10.690000000,1,1729871919,1729871919,0.026975
DckqH8tvAMKvEXsHbi6cRc8sY9zxc9rtWy8uGXZ7dHU4,10605377681,10.605377681,3,1729874756,1729894855,0.026762
CEQ5xn7bDSMTWYFdgDXt4ZKavEtbA7mEPVWGq49jWdEi,10600000000,10.600000000,1,1730128087,1730128087,0.026748
32BiyuSxccZ6VHQPUzj2zNYa8BbxVYfPXkKargkpfLsd,10500000000,10.500000000,2,1729884160,1730128295,0.026496
7FDzb7rd52kb59kwgU7XhXwUzzHnXF5ucUMKppZ3Ho9w,10500000000,10.500000000,2,1729979859,1730130743,0.026496
EL9ZRWeceYuwvBjNpEVg8ae1GKF9ucJ1tZSmBY3U5tTu,10500000000,10.500000000,1,1730105656,1730105656,0.026496
GQB9S9xGJUZQJ5j9psL28YCKdn6k2VorcXnvXNT8LrSY,10500000000,10.500000000,1,1729968602,1729968602,0.026496
6y38GHrUF4C2RKYqkzRhXFbUFGuGg5awP72PgNSjAQkB,10400000000,10.400000000,2,1729909906,1729980482,0.026244
2CU1QGaxSBiykQBH6QC13ubj9jriRrkPZ2AiHKzjYtDn,10300000000,10.300000000,2,1730123331,1730126698,0.025991
5MbTBuh1jbCzbN4RGEg142VxWSZcsWEsURcd6VZwqNkC,10300000000,10.300000000,1,1730129201,1730129201,0.025991
8jvN3JdBUFRBnAjbzXrtNebo9KjXpkdhGdxtXovWuAb5,10290000000,10.290000000,2,1730039345,1730040590,0.025966
7S4Gv1EtYeMkXgmwxMirUV3gdaWAdKHFo2SMP3BWCnSb,10230000000,10.230000000,1,1730122772,1730122772,0.025815
6vTmWaqPpL48AFoZo52qeB5J5JYpUFV77cm96ztmCjBt,10200000000,10.200000000,1,1729939702,1729939702,0.025739
HYrFuQPUofDCPtogV51L3WVLxpE6ZJQ7sAqQK7eBbSVq,10199985000,10.199985000,1,1730128971,1730128971,0.025739
GoYDfStfqGFq91vXVoyjG7t2AsRZ96SfMx6R5yhmwGcK,10171127682,10.171127682,4,1729980471,1730061627,0.025666
FjT8AtqyVoQakU7q2yuhg7dxuDdKS7cakP1Evo8Kcfh2,10110000000,10.110000000,3,1729911313,1730125715,0.025512
AbsjbS4yDkvR2zZ6S6Uobojq7jQvGfyL3VF7CUyjpyMP,10100000000,10.100000000,4,1729911157,1730125625,0.025487
GQ6VsqTkeP2PqoeiaGzSCVZSY8zA4NdHLehy7q4YhSsN,10100000000,10.100000000,3,1729873864,1730086772,0.025487
DVgXRNVFxgsq53GgWBftHTsSLkUN3cMmDQ9pjpRU8R1A,10070000000,10.070000000,2,1730126724,1730127576,0.025411
2fFvS3JtsuMYksXjiGj9wYEZrVHqfCqJoW9XDn6vs5XS,10010000000,10.010000000,1,1730126406,1730126406,0.025260
12Tn1VAn4n6hkGm9aMp9jRreqzcqATsyS26U9Y19JyTV,10000000000,10.000000000,1,1730104329,1730104329,0.025234
2C4ZixW5MmivSkyigsn6QeXgn5C7zNvW8PgMfVPz6fJ7,10000000000,10.000000000,1,1729967807,1729967807,0.025234
2naSovAToKaELrqvoeZigQGULzYYSCmjcH8DrGmaGQo7,10000000000,10.000000000,1,1730121520,1730121520,0.025234
2RGBxFUVuEyo6EZ7FBQ1eELu5h2xbeDVeU3EoVgSo9i5,10000000000,10.000000000,1,1730098635,1730098635,0.025234
2wgET4F9Y8ASXWERQUCLYn3pwncE9DGy4AVaQx6bPYaW,10000000000,10.000000000,1,1729891864,1729891864,0.025234
2yMWNPAqewi9dBhsMJpCzSJsUNurqCd4vyqs73exuGXZ,10000000000,10.000000000,1,1729913905,1729913905,0.025234
2zYv56hwJkrkmHeAPfghbazN95yXodpM5gQ5kqBj6vSm,10000000000,10.000000000,1,1729873217,1729873217,0.025234
35GiZVhx2DPfuENwS56GTj7kPPNkRd2BDywHCKBPHhBa,10000000000,10.000000000,1,1729992023,1729992023,0.025234
3aNsUyabjFFjHn8jtcJFV123a3Jz8qihR3YxpWwW1ZwL,10000000000,10.000000000,1,1729872715,1729872715,0.025234
3KMeRcYGYd4MmgTriLaNAW9J3ao5EaLt5MNn8uetwR5R,10000000000,10.000000000,1,1730114950,1730114950,0.025234
3LtcysnWkFMfMiC1Lyt6tT5WxRfQvQLYMUJhjLBf1X9p,10000000000,10.000000000,1,1730129707,1730129707,0.025234
3pcePGpeMpEouZYV8sTH3KLVXp3WQ1ZECFrV7oB8YUWw,10000000000,10.000000000,1,1730129788,1730129788,0.025234
3SbyvSPmbcuxdYWgdMbwRhFmEfuGhNActvCWNp6y28qB,10000000000,10.000000000,1,1730100714,1730100714,0.025234
3TjKweFwvxZ78CHGpBQjkKEiynE2KrczFnrzZtokaEaz,10000000000,10.000000000,1,1729874348,1729874348,0.025234
3TP4vEnMh4LbsqrKdzMBJ97xMHTS1h6cYtxsnyNeKqwY,10000000000,10.000000000,1,1730129623,1730129623,0.025234
42kk2NABNK9hDCD1JxP2HP4smNbPFzTCJv9XTYoVVLd5,10000000000,10.000000000,1,1730129912,1730129912,0.025234
4BeTMxhKPiQx283aZsm8pnRF8Nnri1Yhg9Co5N2g5D8D,10000000000,10.000000000,1,1729893760,1729893760,0.025234
4bmk92ppLeKDujz6AdFGRWFPLMaNyvA5ba1FMpmTgHni,10000000000,10.000000000,1,1730112490,1730112490,0.025234
4BYhYsRqru8Wm8Gpr2ZcPEfxViAEGQToLur8CYkvHKfr,10000000000,10.000000000,1,1729907911,1729907911,0.025234
4cdhvHyJD6aR9AP3Ae74k5Q7a3iEBfhRaxLxtMVEuMrN,10000000000,10.000000000,1,1729885778,1729885778,0.025234
4Jx8vNFTmZuDfzCDX4rsRoeTFAP2MwcSJ1AeaFxrdXCh,10000000000,10.000000000,1,1730101134,1730101134,0.025234
4ZGKAsqBEJhyoDcHMDJ2KoctqqxUk66M6psqe2gfimaG,10000000000,10.000000000,1,1730058407,1730058407,0.025234
56A6sH77mgnNkpPNa1TABHjNXbBVFxxMAGZwCUoLZbTq,10000000000,10.000000000,1,1730128290,1730128290,0.025234
56Kj3xeTchAGfEDC9EPE3Xb76JiBKxPTyQcaYTWiVZnw,10000000000,10.000000000,1,1729918665,1729918665,0.025234
5d2PUxoqCcRSThzgtHx8gEH3zeqZsWbAEpzaM5zmGFF5,10000000000,10.000000000,1,1730124084,1730124084,0.025234
5i9nPYuEZErLgeYxQfLCZ8a62nS37ocue91zDZpfw8fV,10000000000,10.000000000,1,1729932155,1729932155,0.025234
5Kcz6ns6Gfj5ETETfdAE5VMGkx32uUCEPaeHGN6Hxw7Z,10000000000,10.000000000,2,1729961444,1730117763,0.025234
5Ln334mgacbKL8XXqz8ob29nUUBz7V7MbBHFqLoZJp3U,10000000000,10.000000000,1,1730054028,1730054028,0.025234
5NCwujDUtrwMBuuxwCpB6q9bub7UXTZFo4yQjzoeqYpP,10000000000,10.000000000,1,1730131092,1730131092,0.025234
5Sw9cA9dLuDuK4j7zRUHC5ceqVUFjxSvsXFpMtURvssG,10000000000,10.000000000,1,1730114081,1730114081,0.025234
5XuMBnSYVuv6KKtsfvU4V1SftCSHUajSN2bkw8GJ4ph,10000000000,10.000000000,2,1729938403,1729938530,0.025234
61pFAYWwoqEpxT7ZA9zuK1hkGoBiNVxMZrQvPiBNvS8z,10000000000,10.000000000,1,1730005525,1730005525,0.025234
6BECGN1fbEjXunBtdp7rTjLKFq4xCq5psaLmnrmUast4,10000000000,10.000000000,1,1730131021,1730131021,0.025234
6BNgh39HqGhUoNwrXkKx1X8jLmwQDpQjRtHS89yZ73eL,10000000000,10.000000000,1,1730127255,1730127255,0.025234
6cUfYXYh9zxQnD3WaGuA8uEVpw73XAx9HoU7Esfgub8z,10000000000,10.000000000,4,1729976328,1730126918,0.025234
6knFcv5ejUTZshFfyT7WLPbhFpRnNLrA9gaczTzWYsgC,10000000000,10.000000000,1,1730044013,1730044013,0.025234
6xXaSvdRiXnaM4jDFeu81fqFn7ZEzs4A8ThNgnaALJ2T,10000000000,10.000000000,1,1730082033,1730082033,0.025234
6yfVHd4e9JFmzfRcTLiSLfYLaFC49dxPZfaKb9J8eQwp,10000000000,10.000000000,1,1729944803,1729944803,0.025234
6YxFirtdwavXJgs6WkRrQQcsYSGjhTqMez1469mNrcAN,10000000000,10.000000000,1,1729895845,1729895845,0.025234
7acutPe8gnkTr34njbbySph5XKkoiYw2cMsfAEXdoNxs,10000000000,10.000000000,2,1729880556,1730027654,0.025234
7bDbqSrd9SU4UZQnH5vVYx4N32EEFDMED3Nh7aHnxyLE,10000000000,10.000000000,2,1729920618,1730107003,0.025234
7DYY4FndHZMZNzAUqBoBMMN7N7QHuCgd841aUcukLbyS,10000000000,10.000000000,1,1729871628,1729871628,0.025234
7JtbbZ1ubudMB1Bx5mTpqBmFn3zFyhdgLNhQKXcyiJaS,10000000000,10.000000000,1,1730127839,1730127839,0.025234
7yHZHMGrrpWmKEgTApcfaWvXSyYcznJyEn9aFmBAkNX7,10000000000,10.000000000,1,1729903783,1729903783,0.025234
7yjNenrFcV2VmqrHr2Juht1AgBbwUZMyuSDS88cr9E8t,10000000000,10.000000000,1,1730098832,1730098832,0.025234
85jmHynqtjesZtAK3PH6KSbatq4FP3t4oiuJVSvJ7wQc,10000000000,10.000000000,1,1730121264,1730121264,0.025234
8C8brJp6LKgimVDZZMMyic4nFXzFCiJ2qP79TYcPXime,10000000000,10.000000000,1,1730066188,1730066188,0.025234
8CRBi7qNR6RSWrXAdtdH1fqEeekrqjWs5fu8Xi3WxzMN,10000000000,10.000000000,1,1729872869,1729872869,0.025234
8FigX4KKygvbPLsekXv83F1ecwRChQtY5QivfjZsH33T,10000000000,10.000000000,1,1730130896,1730130896,0.025234
8GnBus8VyWX2tJzj76QYZKYidLgztQoFvBaLv7GmvnQ7,10000000000,10.000000000,1,1729871696,1729871696,0.025234
8SHzUfAqcZNGwiF6cabzQ9V5ob1cFhYhUaPr1bseQFzi,10000000000,10.000000000,1,1730110681,1730110681,0.025234
8yGaAu8ELCCrcfTpARCrW1qaUQLpvGPBWHB66bLBVfpN,10000000000,10.000000000,1,1730001636,1730001636,0.025234
96xQ3RhjKqCkknjnsmNoeBuCcdZqYEG6mnsdLt6dL9Vj,10000000000,10.000000000,1,1730073859,1730073859,0.025234
9EbGPr8drf1yGRc2ataHkdLibaUBSKuhETK2HVWqQQcT,10000000000,10.000000000,1,1730127444,1730127444,0.025234
9hkpRfLyJyy6APhMk5MwhhQv9VnedVw3yb4xfvQGpvCK,10000000000,10.000000000,1,1730130609,1730130609,0.025234
9K4MEfCw3HdCZynVpoeZNhAK9fMVyauMPcu14o1uNxci,10000000000,10.000000000,1,1730131153,1730131153,0.025234
9mCdkh9P92XHwxM1H8NytyMMdK9jq45tXEDuS6jDbyf7,10000000000,10.000000000,1,1730125738,1730125738,0.025234
9u4zATMVZG2CLRqetPbZS2RJNStLmhZwYCw5zzokVgoU,10000000000,10.000000000,1,1730097105,1730097105,0.025234
9wf6P3Hu34vxmBb4zK6gsrcRza2Uk3bPvbgMtVZS43et,10000000000,10.000000000,1,1730131394,1730131394,0.025234
9zkmRdGkEJygAMX372BHPj4v1KLQFGZRNZyvcoqkfbEn,10000000000,10.000000000,4,1729889392,1730087201,0.025234
aa6cZh1g3x5VcgKrZsTZRUTu9PLqMkYqypVtayncHA5,10000000000,10.000000000,1,1730060924,1730060924,0.025234
AM5aJnAq2E1Cjp33zFPw2Ri5NhSKFJ6oqvZ6T5VcZjd3,10000000000,10.000000000,1,1730010457,1730010457,0.025234
AN1r9eA12T1dYehFAvc4EZBCaCtndUqQShpZtUktBZ8B,10000000000,10.000000000,1,1730087909,1730087909,0.025234
ArZkrQaWnt2PTjcjGWJfEvWEk3KjPaVLnUZE7d5LKeUj,10000000000,10.000000000,1,1729946304,1729946304,0.025234
AywojPgWmn4HrCRLK4YUsfjN2BwoPrDTWsrL14EPEBEe,10000000000,10.000000000,1,1730070774,1730070774,0.025234
B27iFUD6yS2KyDpDYppzsVRuMhG8g7ZoLosExRN3CHX7,10000000000,10.000000000,1,1730070553,1730070553,0.025234
B3qxGU4zXoePtr95dFvAEuNG3Bxt9w9wWvJhxEdVeKS,10000000000,10.000000000,1,1729967699,1729967699,0.025234
B4EjQiNxCRLhy3WBZPUy4hkd8ySkERpA5C8YcwJjMDkS,10000000000,10.000000000,1,1730127070,1730127070,0.025234
B56CJGEsMWZE77ovgLXXXtw2xtDeXtAK9q3yR9b263wQ,10000000000,10.000000000,1,1730131474,1730131474,0.025234
BbxTUMgGx9YdDhgARPy8JVnDzuAoFzyeDk2U56WHmt99,10000000000,10.000000000,1,1730114085,1730114085,0.025234
BD5Z83PmQqJSLNhN1PeCUHxxwPgT28qhK9PUhNcAwQH7,10000000000,10.000000000,1,1729969767,1729969767,0.025234
BeDLg1Yzm4aTz3oMgUL1qC8gyuYgdB85UTXZAobfvvYF,10000000000,10.000000000,1,1729953989,1729953989,0.025234
BpycpQ7STrD8d73kjui5nzJmp7EBAgSmFfV8zeqMMX5z,10000000000,10.000000000,1,1729984884,1729984884,0.025234
BxDwX1uAPCLo2SC93E7mxcEaqEFf891tT1QjRS7eaAx1,10000000000,10.000000000,1,1730119338,1730119338,0.025234
BZx9RnHLRmCDyTBuQtuisnbo3RfqVDMCbM9sgk7eTqxP,10000000000,10.000000000,1,1729876846,1729876846,0.025234
CcTCyoPLJUEPFCcK8k4fSL4A337TXnCHSKNyxb9WsUAu,10000000000,10.000000000,1,1730025055,1730025055,0.025234
CdfWJo1E9fTFtVZrTBNBkaczq67QGf7p4oeT3Z6BEVyh,10000000000,10.000000000,2,1730129413,1730129443,0.025234
CHptnjRdQJeoW7eeiah3H6oKKbNRr3Hfonyb61k8EeYd,10000000000,10.000000000,1,1730131120,1730131120,0.025234
CjvUjnLpiWuuG26uJueBwhyv3469edtbKssyRtSgmypf,10000000000,10.000000000,1,1730043648,1730043648,0.025234
CkcAZ3pWcMy6LPUtUmVHQgasoVkeQNQqWFcXDeXX6M9y,10000000000,10.000000000,1,1729983262,1729983262,0.025234
CSWxpZDVKsJ7Vy2XASbC5jEvgFk3bnvCMCh7Z95tHxMT,10000000000,10.000000000,1,1729947832,1729947832,0.025234
CunXzbD8t7BixukhAA8e9EKrsfSuyZ5RbsbTazSWUp87,10000000000,10.000000000,3,1730125684,1730130823,0.025234
CYctZbtpovEtm9d5Ax8tyqZikHrKCwkcTKz7hqEsJHa4,10000000000,10.000000000,1,1730119519,1730119519,0.025234
CZVu5fnrZoY6FrMDxhCd14AKVyqbdUo13ULZo7a6gH6n,10000000000,10.000000000,1,1730018539,1730018539,0.025234
D7WDEWe5reosQn3YBT4xMyJcfmtqoYuhykynL1t2nvJ,10000000000,10.000000000,1,1730106008,1730106008,0.025234
DACxRBnDCiauZsT3ywRJMmCFC9g1vdwnADR1xjtHLnQY,10000000000,10.000000000,1,1730129993,1730129993,0.025234
DBCLK73qy4P6vtiUssoXnK7BJJB8m92BbMuErkzhxRx,10000000000,10.000000000,1,1729913794,1729913794,0.025234
DDqpLTpWsV7QcBUiXrFdtxe8ifugk4GrHArfJvZexJJD,10000000000,10.000000000,1,1730069311,1730069311,0.025234
DFTHQ3amTixxDTUF7UbdfyXo5jA6L56tBSz8ZsPn6vpn,10000000000,10.000000000,1,1730039419,1730039419,0.025234
DHL5Gqgdc7QSmLUp8kW4QCdHUbZ8bBkFcbMa2utPpxh5,10000000000,10.000000000,1,1730122941,1730122941,0.025234
DifbFfPjDDcc23PDUAmo29jkH31Ub5X17ZfNZy1BNKfe,10000000000,10.000000000,1,1730120784,1730120784,0.025234
DQMVY5NCM3gkmdX5bqyR193bKTsGJeLDNvHa3fhZptE,10000000000,10.000000000,1,1730127609,1730127609,0.025234
DW4qdZKUXGQbbiuCN9Swt7XjhcSVmL4D7Reetj4JPEqL,10000000000,10.000000000,1,1730099977,1730099977,0.025234
DwT8qj3X1TF7YCFgMjhC5ivuLpGHnJzvdnLxfRVJfXZS,10000000000,10.000000000,1,1730123081,1730123081,0.025234
DzCdW6EQmnwe9TuQqR2zNuVXgZprX9AcBNLRiKNrr7Eu,10000000000,10.000000000,1,1730130795,1730130795,0.025234
E1KqhuKgGy5GRhQrpwqcf16hAA4wfe2XUwGakMjPz4qw,10000000000,10.000000000,1,1729874222,1729874222,0.025234
E41KeH5r8TBhBnrzJyCj2CLinQboZiTdbVZp2nZM5yh6,10000000000,10.000000000,1,1729939323,1729939323,0.025234
e8ydpMBBAC5AbQqgk2KAYgDcrTpLhdquJkCmiE1oiE9,10000000000,10.000000000,1,1729897956,1729897956,0.025234
eA2XsgFAsa3HrTWCKNBUao535ABKrWgNyZ5mXLEUdhB,10000000000,10.000000000,1,1729905439,1729905439,0.025234
EedJxjpLyrgJhxxCtryxLxc8okZ3GSbP2zGnh4cP4QWG,10000000000,10.000000000,1,1730119314,1730119314,0.025234
eExUAiAWbJPAuNknMj2s6uAEuaQNqoaS3MDJkWxW4Up,10000000000,10.000000000,1,1730101405,1730101405,0.025234
ELH4HNKPFmKKYURJB4NgT6L9AYFwAkjPPs4tCp4Y19na,10000000000,10.000000000,2,1730087970,1730113052,0.025234
emp1EbsPB3GJ2c9b8hTtJ15wkDHWYUeyyxv6pDDN3DV,10000000000,10.000000000,1,1730123057,1730123057,0.025234
Eqxr8e3tuavYEV5xbomqkCrrkJ69xVaGNm5ZwKc4k2aZ,10000000000,10.000000000,1,1729959334,1729959334,0.025234
ErvBUYf3Q2EjKE85RTjgq48AiLjpuvHvDPaxLpjSJqCr,10000000000,10.000000000,1,1730113962,1730113962,0.025234
EtXSspidmsFgRbF1AqiG24DHhWgAEf1doGVwsyvjWV9,10000000000,10.000000000,1,1729900318,1729900318,0.025234
EY5ZLYNV1AK7AX6xuAJDDwNBTTHqGaof35VowwKEFqJ4,10000000000,10.000000000,1,1730092453,1730092453,0.025234
EY9f5gWz7ST3FKJmDRyVv6Uwn2Mbgcf1GZHzxwUs9JQY,10000000000,10.000000000,1,1730131421,1730131421,0.025234
F4momYxWkDYcvDbvL2dfUyyN3fDxrsqitz1cwqTq7dnW,10000000000,10.000000000,1,1729890747,1729890747,0.025234
f4YhehfR1J4FYJ8XoAtibQ2Ged81zgYa6HDvxPQ8BXJ,10000000000,10.000000000,1,1729891551,1729891551,0.025234
F6gCa7LaYYB4qswbwtm5X4ZJAxD39bKFnGGDKSdaqRJp,10000000000,10.000000000,1,1729961757,1729961757,0.025234
F84fsPvLcmP1ju8QdZWh6Yo9RLQk2T4P9bmNyazz9mbo,10000000000,10.000000000,1,1730129043,1730129043,0.025234
FbTwhBLNZpEETGeR4twsFqpCGqtKuKDcoVW2LGsSVykH,10000000000,10.000000000,1,1730130097,1730130097,0.025234
FDyd3wQXEun8u8Lajje5sGSPXFjMpmasWtRkimb7bcX1,10000000000,10.000000000,1,1729881268,1729881268,0.025234
FHXYJh7iZ52mE5r8AmgxKP5rk7LTVvf6SUdLBSdja3mc,10000000000,10.000000000,1,1729874250,1729874250,0.025234
FoSqdYreZFpg8VFfYU6VtngG399FfSStT1ExF7KH8Vxt,10000000000,10.000000000,1,1729896284,1729896284,0.025234
FTEaWL8qH8yND3CiEruSAXNnrBKXfkcJG46QzbXNKZ3c,10000000000,10.000000000,1,1729872647,1729872647,0.025234
FUQTsxJ2EuG3hAHinUAhMWELTg3siZ7dSSDLtLVShLFf,10000000000,10.000000000,1,1730111398,1730111398,0.025234
FVJ7soWvgP9Tp14aocyoFJynGUc4M4SMPBKQH4fc7MY5,10000000000,10.000000000,1,1730071156,1730071156,0.025234
GBinQxiS5NaGNwkZQfMqT7uDEJce4FRvnb2J7cDE5gEn,10000000000,10.000000000,1,1729984152,1729984152,0.025234
GeZHejJJJ7631AHAaoEfSmmL7CwhRNPH81FkawEfN7N9,10000000000,10.000000000,1,1730040569,1730040569,0.025234
GhzgJiCvW93Y5MAMTDUjbY4NCnEvj2Ts2Y5ueaTVDvBC,10000000000,10.000000000,1,1730082464,1730082464,0.025234
Gj4GuTW2W7QSsLGr3Txvywgfn2ybV1tsoCg79M5uXfbt,10000000000,10.000000000,1,1729896781,1729896781,0.025234
GjxSvqdRpNYWNSDv4z98VH26ky7djySvpKsKDceu8Y7j,10000000000,10.000000000,1,1730084573,1730084573,0.025234
GJxYGGhgFkwyqtmkB7cGRBfNdakooJtLGye7DhuGvaw,10000000000,10.000000000,2,1730035922,1730126422,0.025234
GsW5HeQrjyWaeA17CHdcaMUVK1HunoAyJ6BggUjJFMRf,10000000000,10.000000000,1,1729878491,1729878491,0.025234
GVsSrM3raR2UUtm6C9X45kvnmdkiYQj38N6vYFbaTQKS,10000000000,10.000000000,1,1729971553,1729971553,0.025234
Gw59YAQmh6QxuvW5MapctgttEvEw8U9pVCLpb3QexSuQ,10000000000,10.000000000,1,1729871624,1729871624,0.025234
H3xCXyFknLzrYwE3YjShsg5jQiWqTPewk61hLpbzt18Z,10000000000,10.000000000,1,1730094735,1730094735,0.025234
H7DmDAQHaxB4zH5dteG94DbRaLWnB74ZYPFHp2LEZ2dQ,10000000000,10.000000000,1,1730129435,1730129435,0.025234
H9po28ndEFHpz8jCPUp7FJnb8QXs4pLhXFKkiMLs1Vd,10000000000,10.000000000,1,1729958459,1729958459,0.025234
h9yrZvb4bQnVCL2kKXuE2ytSVsfmkXTmggSiq8YvQAq,10000000000,10.000000000,2,1729879426,1730093795,0.025234
Hd1KvZ83LF1hsT79wSDJze2Mt8Xg6T9QrjGRdisYs9mb,10000000000,10.000000000,1,1730071850,1730071850,0.025234
HhtUArnKZCcj3JUDbC1KANfm3rWmPrVPvSWfBUe3u785,10000000000,10.000000000,1,1730130798,1730130798,0.025234
Hk2xajvNqfyZMymirQWSUQps1xQ4WP45Yhrx7nhpWf1G,10000000000,10.000000000,2,1729931064,1730127925,0.025234
HKkyp6gfjj91Kg6UhPbHg69NzjZqqnXVGsX8AfHLJmFC,10000000000,10.000000000,1,1730125783,1730125783,0.025234
Hkx1xADShYdthcuEkDbR8VQzCDdiijtgK8Tp3aLysLMy,10000000000,10.000000000,1,1730041505,1730041505,0.025234
HoVaS8ro5kzmCLRzuFVfuV25mjDBrXx1TbvLpf44VwcV,10000000000,10.000000000,1,1730001463,1730001463,0.025234
HWRCuMG3EP8UHnzbqtRJqUGmML3XLwnGaGKJBJJyNadb,10000000000,10.000000000,1,1730128588,1730128588,0.025234
J4YJo3C6AAVzXjXX3XdnGU4rpzS23CQuqBtNQyFBXx93,10000000000,10.000000000,1,1729905860,1729905860,0.025234
J5g5jvJeCUGhk7rSsKaSjznvGbzWya2nrVNWR8HqRkoN,10000000000,10.000000000,1,1730044903,1730044903,0.025234
J7dq3SJGSmzHoXUJ3xmeeA21Gj4ecHDP4fvFAhZg1MkF,10000000000,10.000000000,1,1729984607,1729984607,0.025234
J9nMxfmxPjRnd3UrxazTSViEbwyru3Pzt5pwa1Sdcs4g,10000000000,10.000000000,2,1730130556,1730131174,0.025234
JAdUs3aysZFLBbek9woEU9Deoy3Jg7qBApHnprDk6uju,10000000000,10.000000000,2,1729876846,1730039887,0.025234
mFMdsvbfrEZhKyP7iiDDHhb3TMC9id9UJtZZ4PrRj28,10000000000,10.000000000,1,1729873377,1729873377,0.025234
mGHMVzVcWPH339e9SR7QNDQZ5CuEtnauSnJUvrqVWXj,10000000000,10.000000000,1,1730130770,1730130770,0.025234
Rw5eiAYatyssSMQfiuw6CqCGAwE9zhqMvYYRYF74DXM,10000000000,10.000000000,1,1729879994,1729879994,0.025234
TVwyn6Qjk9DBfYq7cjBzhU2N9CFLNRawu1RAXrvsUdd,10000000000,10.000000000,1,1730090786,1730090786,0.025234
ucGW9PVvVYu3TV9QVWZaDg4iHq5a5NEmJHfhanmEqmX,10000000000,10.000000000,2,1730050265,1730080791,0.025234
VEsk8W38yeiyk18Y3fgqcHz5x5fMua2yM3yJTPDpqVX,10000000000,10.000000000,1,1730121842,1730121842,0.025234
wszuN5TxbgUha1wwEsRmfsL49JSgtdXw2KXQ4PEPxgX,10000000000,10.000000000,2,1730043734,1730131006,0.025234
xGmMc9feoX86J4vtc5ChSXtvFQvEsByYPxyWvaUYyjC,10000000000,10.000000000,1,1730122436,1730122436,0.025234
YWLwucUTX856tLs8WkSc9FruQkbiHBfVR5ucdrUa1hQ,10000000000,10.000000000,1,1729891223,1729891223,0.025234
5kWXqwMfKA5zkzmaznTWH7rVUUS4jbPGfAPyfvr4TkKx,9900000000,9.900000000,1,1729951587,1729951587,0.024982
DQaPAr5eHeMdBfDgDik71qUoLCrirhBr6mquybVEDZYQ,9839000000,9.839000000,3,1730121420,1730130129,0.024828
AFNdzjBem2BxTQAhTK2XjYWHQ9rq9eb6MAHbvu6TgFf6,9800822084,9.800822084,2,1730078646,1730127904,0.024732
6znKSb8dD8cT7zv6eEs6ceEBa85AututGdMD36VFxYJw,9800000000,9.800000000,1,1729932256,1729932256,0.024730
6BpsD4NLkMqEYHaBf4P3GkCmfzkrydcjwNemsJS41ZUe,9700000000,9.700000000,1,1729899211,1729899211,0.024477
8TZe5Ap375xPKA8FsEzcXAXrL1oxgiY4YTcRLV3dPJmB,9500000000,9.500000000,1,1730043867,1730043867,0.023973
8xVXx5Yap8SmAJTsMBj2Nir1GrrjFoQYJ1wPQn6ck582,9500000000,9.500000000,1,1729947301,1729947301,0.023973
C5JGscAYndRnWwH23XYXjyo8eSSuCLULAEMY58HRjHhV,9500000000,9.500000000,2,1729907968,1730126422,0.023973
HxEQ6TcMPuTaYcr59q13nRLDw94kC288yyA1PQkFpVGi,9500000000,9.500000000,5,1729910989,1730037220,0.023973
EPnZY5D5RnuLrf1sWaLVM9Wx4CLrHLv6BnBKjvAKZaZq,9400000000,9.400000000,1,1729879378,1729879378,0.023720
BG2ZWiDzgQdQjKeNGFFJth8pv97MQcabA9q1sAZsEQbQ,9300000000,9.300000000,3,1730061404,1730131018,0.023468
DZk955eGjTwNvjZxpDwcmVmdW3awe8idpHxAinzoQPcE,9186110601,9.186110601,1,1729910362,1729910362,0.023181
3qyKJS63NyneBDDfco4WtWxCoC5ZAzxGXc9L9Kpjz7Ur,9000000000,9.000000000,2,1730019667,1730126544,0.022711
4t9edUvTNzDgpGhDmqYJM1yePAvQau1qtBKK1ZgnGCVg,9000000000,9.000000000,2,1729877364,1729905274,0.022711
6SEnMQ6KCwDDLHMAdEWnPiDcrhQ6zHgQjJUYd8L65ybw,9000000000,9.000000000,1,1729967040,1729967040,0.022711
6Z21phGJ7CFmczRutmQitTmntfN1xYYjrdepsAG1WhYL,9000000000,9.000000000,3,1730131198,1730131514,0.022711
8sSc29jZuewBikvBN8TEPYQRcJAK71aEP4cctvARwhZU,9000000000,9.000000000,1,1730043611,1730043611,0.022711
CTDzGWYTSw2dm9dLxnyV8tg7oCYkm2MyBRZDUAAtcvS,9000000000,9.000000000,1,1729959540,1729959540,0.022711
EqiqGZgJyf4AGkC9gavTCSu46vHVhGKYppfwvQHj8ZLC,9000000000,9.000000000,2,1730118821,1730128403,0.022711
ErnvsV8C7GNLjog5FX1km5NpaGfoWDrzbYpYLX91XQQ1,9000000000,9.000000000,2,1729872242,1729934506,0.022711
Gd3bFA4gKCSVd7DNDiBtmbKWwHfpC2PtjL7kQfrTn62m,9000000000,9.000000000,2,1729987787,1729988584,0.022711
GDMyjHnpbNQ4BWt7rWuYbvE9CMj74cn6adR5Qw6PMy2G,9000000000,9.000000000,1,1730080425,1730080425,0.022711
HFKuWZMXnQnCDchZ9JXqhjEirLh7RxzrnDa3wKTQQLNf,9000000000,9.000000000,1,1730067506,1730067506,0.022711
HtULLEhkwHK47ns2vsmnmtp7g8L5DU4k7WFM9aDS917k,9000000000,9.000000000,2,1730080405,1730125494,0.022711
x1mGoYzafnYVgZKzwwc6S5svryfE4Pganr43rjiJmd6,8971868336,8.971868336,3,1729963812,1730058442,0.022640
DBSxVmAqS4iAkM4oWBMpMVfUexB3mVgfkDRYpXHyF6u7,8940000000,8.940000000,3,1730119623,1730127782,0.022559
HUypkXYTFN31vc4r7MiGuzu5s7m3Ju81bGhcKXRyoMV1,8800000000,8.800000000,1,1730128463,1730128463,0.022206
9qHyi3tJbjpN8Ev97Pz4f5bxkFhYFoBBc982QVKzRz7T,8750000000,8.750000000,1,1729871470,1729871470,0.022080
G5YUFdQCeBPxdnXhU6DRUvzfzeuELZxJmxBMDLfZxxmt,8739532000,8.739532000,1,1729946052,1729946052,0.022054
75GNFWJsjw76Jne89nKxzYVZL6D19XoNNA7UoRHznLvp,8700000000,8.700000000,2,1730131108,1730131142,0.021954
JEAZ4o9Df8JEH9iWgL3uQ2jGJu4BG931VFuS23RbhZT7,8700000000,8.700000000,1,1730045655,1730045655,0.021954
4aAnTsMx1DcByGj7bQnTKW466mcgM4wVPSw2CgZcadeF,8600000000,8.600000000,1,1730127164,1730127164,0.021702
HoHH5qEuKiWtokaRfMBb4eo7sYa1cTmBG4rthpsRW1nd,8500000000,8.500000000,1,1730129094,1730129094,0.021449
GdCFZHKS9ZHg7CihqkupcBbuZiHQTE6QyZrBuz4ergy7,8400000000,8.400000000,1,1730042981,1730042981,0.021197
9EgrfWMPq6NLquuusZtYkFvSKTv5tbuoBhbYjSipPoXL,8300000000,8.300000000,1,1730053860,1730053860,0.020944
HAM7NPX6xbTRzrYxRBRgzrHL6tUpzv8c5ZFTvvQzr4K,8280000000,8.280000000,2,1730127457,1730127574,0.020894
HMKsxjSQMxhuvdWAja3ofCBoRiUGcVcH2egkCuMT5zna,8200000000,8.200000000,1,1730131018,1730131018,0.020692
EgjYHK7pWBrDVH5pZ2cmRmFXJz5xN3cfwU6wH1skBj12,8150000000,8.150000000,1,1730003917,1730003917,0.020566
3BTakuPuj85dBP3dS67AGHUUcMH4YWbADvPzVypKDpBh,8000000000,8.000000000,1,1730058754,1730058754,0.020187
6sdLrVhMGupP6dJ3ztXrkzBbK8HkoyLvGNaQrRe6hJcF,8000000000,8.000000000,1,1729873381,1729873381,0.020187
746vnnP2PaiVNnfYjmzzDpkPNccBdd8LkzuYniB4FSeH,8000000000,8.000000000,2,1729874492,1729897331,0.020187
74PbMva1VccTKdVSSULxH1Xt7fahVqsv9XhwxXhTUg9e,8000000000,8.000000000,1,1729988343,1729988343,0.020187
7ZVXL5ZjMxteBZ2e7RoLjVwUTzdxE5KybonJF4JzLyNB,8000000000,8.000000000,2,1729944365,1730102005,0.020187
8eVX5kYjppJF1CHLG1rQXfyjJvNRCZju2e4ujGTmCzP3,8000000000,8.000000000,1,1730126261,1730126261,0.020187
9XaWEBiySdZAYQvGnrqQPwJti3iRQqqNbzzJpGBJ2Qnh,8000000000,8.000000000,1,1730045006,1730045006,0.020187
ACcBn2P3NaiFLtAk5nHPj81Dzpc7xMZFSX8Trjqom5tW,8000000000,8.000000000,1,1730050279,1730050279,0.020187
AcM4H5P6z9q4fgwTxmWDKbFYCe4Sh4V8xtGmuNcemm7V,8000000000,8.000000000,1,1729942385,1729942385,0.020187
BUykvEKteuA7SfGR79X8FEHy7BC2nZFV8CGhq6398ws4,8000000000,8.000000000,2,1730130858,1730130952,0.020187
BVdHoU4G2rHquUEdJEtqeABf4Q5XD11GH9ohnrfmj4iE,8000000000,8.000000000,1,1730065392,1730065392,0.020187
Ca1hKcCzrGUgPSKo8p5Tk6BWK3wMUcfDZAdNk6SARZqg,8000000000,8.000000000,2,1729881426,1730089910,0.020187
CeEiEYiCWXrLh844iEHGSKX2KXiBSdCrEFnYEcAoZwxY,8000000000,8.000000000,1,1730082033,1730082033,0.020187
GbzTmEp3aTeXmAYmpajLaTDS21R2oM2z3pCjdntZFnfL,8000000000,8.000000000,3,1730030123,1730131468,0.020187
GdV9pgR3DWUyhmfVnSRuZmqg3tQVoha2Pq8pNnB9jnCo,8000000000,8.000000000,1,1730114962,1730114962,0.020187
He6Z8kQtvCeEwAPGnDvNMe1okKXsdNQyuZCq7F31qDdj,8000000000,8.000000000,1,1730126644,1730126644,0.020187
HJfnzYaDRqUPPSZTFEWeAEpuxK6M34izySjFeVCbTS4Q,8000000000,8.000000000,1,1730131062,1730131062,0.020187
QtPuM3YAobAvCvU5sf66LJdqj6bwxwUjtRonQFFm5xT,8000000000,8.000000000,2,1729955350,1729962471,0.020187
tWc4hHEPVKLL5s1FbdCmVhfQ49Qrbae46MWY1wg3Qh2,8000000000,8.000000000,1,1730128333,1730128333,0.020187
GKQgfP9sQUyYovSvg41KgdVxFAY89C8BuG7EdNHzPWai,7960000000,7.960000000,2,1729872701,1729872835,0.020087
6PvuWFWVnt5CtL51WPMeEwJH1tzqwaneiuAUmnFgMZ1c,7850000000,7.850000000,1,1730075234,1730075234,0.019809
5nEwFLQJjcbWfGBtfZodiKPwKVEAkhEASQiY1ahr9fFw,7800000000,7.800000000,1,1729917281,1729917281,0.019683
2DPnU9KT9ErbvEQaVea9LLsT5ePkspD8kfQApcu8unCF,7700000000,7.700000000,2,1729871996,1730077864,0.019430
F6MmiLD7azY87uijwqNWN8DeG53eDuAXHZLupudExbCP,7650000000,7.650000000,2,1729876379,1729958394,0.019304
7gyjqUdiKaR5LcAMfSerbgN2s8YYEVeaWku3gpPeYeue,7500000000,7.500000000,2,1729873007,1730076406,0.018926
BoQMowzx3SsqDe8sqHqkXQmpjvAk9A9C3SZqhXQpwmsX,7500000000,7.500000000,2,1729902085,1730096254,0.018926
Eaxt9XLjARB64qXZLZgnR7X41dk3hzwHWUNzKDKTvVz6,7377843755,7.377843755,1,1730125924,1730125924,0.018617
FofTcQUvmDgPDnYci5ENuaF8D6pJY23ocYeMywm769e8,7330000000,7.330000000,1,1730126726,1730126726,0.018497
GhFJM3gdokj2HRHrZ8wZhzFzarGB9idYx9qou6QfCPB3,7200000000,7.200000000,8,1729880313,1730126807,0.018169
73ypYExkHG6DUQJH8E7ZjCoieeUTX16fq9sFxnVsDaPc,7100000000,7.100000000,4,1729876022,1730131334,0.017916
9ZTc7SemQHfyRg2Fzy6j4XvcR22GoVywTNKhqZkL6d4E,7100000000,7.100000000,2,1730123184,1730129935,0.017916
24ViRc7qBii7wX8YBHwXUgR6FRskTMMoRZhzuqSUB3P2,7000000000,7.000000000,1,1729880472,1729880472,0.017664
2ax7UJxyjdLe3tuL7aEUCHzmH8tienxBH4GwAC43DEuQ,7000000000,7.000000000,1,1730127463,1730127463,0.017664
2TooP7uHRxXN9BVpkKeDgqX5ShjraE14FeyxgNuqgeec,7000000000,7.000000000,1,1730038664,1730038664,0.017664
33tZTNRDtgrHupHGHmtH6z8mLPiY8VoTCa1URadhmX3J,7000000000,7.000000000,1,1730129877,1730129877,0.017664
3RqKRQ3UNGiL6QoRcGM7Rf7HAEdiaX2WGji6ALkc72fT,7000000000,7.000000000,2,1730106707,1730129721,0.017664
4mUB5Qoz66KkiraggtHPQVxJh6mzaxoTiJxNCmhhDZKP,7000000000,7.000000000,1,1729928504,1729928504,0.017664
5VWRJRLfNH9U7LwURncjFR7RvNbGmgoDbELJxvc486ra,7000000000,7.000000000,1,1730130455,1730130455,0.017664
6cSscgQP1jqYLtFag2m2EcVc6MeoQUoQe4WSQQCPKfQh,7000000000,7.000000000,1,1730125446,1730125446,0.017664
8zJXJbXznYorPX1pgDb8z6EkhUEneLtK9CNvSj718f2k,7000000000,7.000000000,2,1730002190,1730117324,0.017664
9gNHN5oCmMjVWFgXUm7tMhw5TZAJH4r5dD55Y2Nwm1Kq,7000000000,7.000000000,1,1730063194,1730063194,0.017664
9wYuJBuoBiNDxk97ZmCqdaBjB3gZ1iFnEBU2Jme3phpV,7000000000,7.000000000,5,1730072640,1730088866,0.017664
9ZruFPnhGEj6CjeKcoueHMmK2xAHFv4EnUCmt7SFkx9V,7000000000,7.000000000,1,1730043675,1730043675,0.017664
AbEV4aYRVHPj2gk4xUJ3pfUyXQ8mF9H6wJfbL2m85Jji,7000000000,7.000000000,2,1729991169,1730072407,0.017664
BasjYL4RiEmGJfYS9uW8GRipE87Z5LMjXxs8LotvYLof,7000000000,7.000000000,1,1730131080,1730131080,0.017664
By27EZB6hjQPX8UdoLxxXHB7Ay6AxWCt5bvaL3Ktxxgb,7000000000,7.000000000,1,1730081969,1730081969,0.017664
C7KYAoaQn32TcXuXocijqZcGAURoiwzMTRVJJUp9Qv5T,7000000000,7.000000000,1,1730119369,1730119369,0.017664
ChMTeC8ysKrDAixKUqe58Lhyf4ydq7ic7EF13SqrG47x,7000000000,7.000000000,1,1730087020,1730087020,0.017664
CLxGNFkTc1SqvykTjzpYHJCvuJJmKuJ5Y7mQ5Ry4uSax,7000000000,7.000000000,1,1730060012,1730060012,0.017664
DDd9eB81F4vTu7krEP6qY3mJCVh8Puv47TrV8gwq3kfp,7000000000,7.000000000,1,1730096814,1730096814,0.017664
Dm1pTW5kf5KxffMXatdxCTG68oeeBhZeAMAZZhUR3w3S,7000000000,7.000000000,3,1729958290,1730123473,0.017664
DnYW1BhcSX8QDt71BWjHh5rjZpTtgSsqAXLPSU5STkHq,7000000000,7.000000000,1,1729978135,1729978135,0.017664
EqSqfQJWc3NfHsyKckq5zPeNdjvKJa7j4KD5MPZiLPU1,7000000000,7.000000000,1,1729873532,1729873532,0.017664
EzYMp6j4gXkB1KLZZbRkq54yTzcD9c5nSV4eSTkyshjs,7000000000,7.000000000,1,1730003736,1730003736,0.017664
GBSdv9qz3wHVUuA6Dw8chKWF1pL3rUv9Hcsa4nskRpRB,7000000000,7.000000000,4,1730066747,1730126301,0.017664
GYa3KYnA7tdiGREj2p4mwmF6JzoTF1LtnM3deCJ2Npd,7000000000,7.000000000,2,1730131156,1730131192,0.017664
HMdaqFy49eqe5c8pCApb5QytGGJ2i3m2HWCMuYUNexdq,7000000000,7.000000000,2,1730066602,1730130994,0.017664
J3QtkpGt8xfC6xWEALCEWYPqKuiCgRaR6sKiNHyWskmU,7000000000,7.000000000,1,1730123196,1730123196,0.017664
GPpEP1LyAVgYp6L4HWf6DPXxHDCrc43rniyB3hjLdUCP,6942000000,6.942000000,1,1730044863,1730044863,0.017518
A8Gb84LA4BkfCU3a3RFRCqcgnDqNESCheLiWRYjbXPbP,6936404491,6.936404491,2,1730055681,1730070102,0.017504
ATTLuP8nEMfefitsrndnGhSjtt1KrZP8PyrNnVoGAvAW,6900000000,6.900000000,1,1730049326,1730049326,0.017412
AZo45mVq727cTcohJCQjU7QKjLcVv7oTX6NVNAtLtrjx,6900000000,6.900000000,1,1729874678,1729874678,0.017412
DGYU5Mtx7vy7qUMAyvgs7CCFt6HCQqDNXu26gXMcVj2a,6900000000,6.900000000,1,1729932318,1729932318,0.017412
AvZUA78oEJAXHQehkV8jSMKAZkhFADmataTcLEs2wWm6,6800000000,6.800000000,2,1729902309,1729902363,0.017159
B2qvk8iiUxUpaZXVwHHj29Uz3FL2gzskkcmfCoqRGruo,6780000000,6.780000000,2,1730128797,1730129495,0.017109
3bCZgKdf253rJBYX1Pj7TvstK81E9peKacA1CgZFtkAb,6700000000,6.700000000,1,1729909161,1729909161,0.016907
D7q4j5LaddzzfobdwYihHiXfzMFKepDY47AqEpVwBvB7,6700000000,6.700000000,2,1729958915,1729980430,0.016907
3YmumRKF873KjTFVMf9URJvVvkqXm2arEzYELqksWrpY,6660000000,6.660000000,1,1729958540,1729958540,0.016806
3YTbmz7vacn9bh5CUdmmvoXe8cR4Zj7zgxzxHBBpomRB,6660000000,6.660000000,1,1729891541,1729891541,0.016806
98XisV28uj6LbgcL7SkBn922YJHfTN66WhPzxPccwyVr,6555860447,6.555860447,2,1729872138,1730114553,0.016543
FiEGcF5rao4bM6k8P9hWkVopjA726YfNRMtTKt7kwPXg,6550000000,6.550000000,1,1730130047,1730130047,0.016528
2FYrZ4ofpXGDHS2E9zWGeFPo66SNQUCd5BKWD9Nd3Hbj,6500000000,6.500000000,2,1730129228,1730129408,0.016402
3cnViFtzG1kHghzsNphN18xVi6X4UqLzrB2vKwjKUVZg,6500000000,6.500000000,1,1729876163,1729876163,0.016402
8mhoRdgYkMWeQDQiQxxb1sJXAMfj8nFDJvWBU4VL9BB9,6500000000,6.500000000,1,1729890956,1729890956,0.016402
CefDfyTiURKv8pkjx5MHmKSyvvgRoR127Lp5VRxtn7oP,6500000000,6.500000000,1,1730095605,1730095605,0.016402
DzeSAuYHdaUKkSyUf3rkCucu5KZ4whgFLbJLJ598K8bj,6500000000,6.500000000,1,1730020548,1730020548,0.016402
Hhc62KsBbve4gSHgJRo3BmKnepQidGcdNp1wzSqdhfbt,6500000000,6.500000000,2,1730130897,1730130992,0.016402
3waRhe2WukqkNoWwnjFfU7bMWf2jmcmv1VM6QSUtYx3R,6400000000,6.400000000,1,1730051487,1730051487,0.016150
5LY54ULmkB1DSKVKUGpXPPtEcD93SQSdvLX6DCCeV5gu,6386989544,6.386989544,1,1730006223,1730006223,0.016117
H2YFhjRzGkkvSJATim5sRGosv12pVmqx5RXDqLZnXypx,6350000000,6.350000000,1,1730125242,1730125242,0.016024
GBz9n4JBBHatrbM3kpqxNpm6nexjwCMQy2Xa3EHkRy5M,6320973294,6.320973294,2,1729948431,1730120844,0.015951
XFWhGoERHxBepMFVhjnBMMbsAwAekct1GxUWCcrKhCL,6270000000,6.270000000,1,1729915856,1729915856,0.015822
ArT273qrwrjbtHd7FnEhjRDMLu9tuMg22pahbVjmDU2k,6250000000,6.250000000,1,1730130894,1730130894,0.015771
45AdDrgrX2fBfso4yJcytyz43zgTL358UFp4De8omd7N,6200000000,6.200000000,3,1729878059,1730081297,0.015645
6Bj2EsdrRLSjn1mNFcnykGiwYx2RJzncdxWv6CKjiL4o,6170788325,6.170788325,2,1729966241,1730052025,0.015572
3T7L7SBx3WjALsEMC7w8f53ScbnGVkagJBiPFTsLVdkJ,6170000000,6.170000000,1,1730115209,1730115209,0.015570
DicGi8vgzRybWvikYW9JvkjcJwjW3eSWqenpg4tFe6NP,6119985000,6.119985000,2,1729889421,1730020976,0.015443
GtJsT91hkF7BYnZLKCzSUbsoqSeh51kDtrJMLxtTAoKv,6066566254,6.066566254,4,1730095989,1730096107,0.015309
FknzbSMBApBE3XS7qBMqyYrhwMhgFTYEmMFyW7xBiXsJ,6050000000,6.050000000,2,1730038817,1730131197,0.015267
B8g86t2Nnh9jkhSF2DCpzKXZig7JXXQ9Cy3WkEVm4zgV,6007401021,6.007401021,2,1729879881,1729958132,0.015159
3zfw21Gb8rMb8XzHVS9M3ohG9TbEKMQ6nuq1B6YbP6QM,6001000000,6.001000000,3,1729963455,1730121021,0.015143
137oUib2kgwpZ5QjkumvQ1DbXyerzRyNHytpXjvrTLKG,6000000000,6.000000000,1,1729988915,1729988915,0.015141
2i5XYRBNvQESsETQcodaGtz5dKkizsdJ7e7eZqGdCerh,6000000000,6.000000000,1,1729965943,1729965943,0.015141
2M2R9CqTFQvmuxbGtjodxW8nioPNiV4zWKxFi8VeWCkg,6000000000,6.000000000,1,1730044755,1730044755,0.015141
2PCJwtKXHwkwYHwvhiki9McHCJKd5qhJQRMXwcy3x4iQ,6000000000,6.000000000,1,1730125601,1730125601,0.015141
2seD3LdmzqJnQvziCMpRqsdzu9JCNAVaP8KBtw8iGE6d,6000000000,6.000000000,1,1729947006,1729947006,0.015141
3or1GzH9psmRi6g4yfVr7RBf9F48Bt3kC5NdrkMvH3pW,6000000000,6.000000000,1,1729878058,1729878058,0.015141
42TjQGVEvfbJ9Re8dFJn6zTz4eDzjkZ9LJqUUqcfEcvQ,6000000000,6.000000000,1,1730130800,1730130800,0.015141
4kNx5a2rEUfaRaWUWYMPuqLhBEA2QyqYYnLL3o7WReGP,6000000000,6.000000000,1,1730079418,1730079418,0.015141
4LKsQC8TAnMt223hk8jKc42wZdSeoUQAwAQFzPrBosgb,6000000000,6.000000000,1,1730129871,1730129871,0.015141
5in1WExsgcf3BnEqz7uvyNJGfBPsahsmHfxhzxSXHvew,6000000000,6.000000000,1,1730122925,1730122925,0.015141
5JikvNECuZq5zri9pPRXDt5qgZ6QwwJQX38XbiS8rHNq,6000000000,6.000000000,2,1730123657,1730124214,0.015141
6aA7LTcSN6nUpem9qvwTFkHgv4jrjVHPmwmsXY2H6jsd,6000000000,6.000000000,1,1729876549,1729876549,0.015141
6ky7qhTmPo6reyoY8v9PyXRAYHgWcufV64xFCJcAmbDo,6000000000,6.000000000,1,1730130862,1730130862,0.015141
6SeV5kByhnUBg3Yu134dfjnuynS4U3226EsU3zqcHcPc,6000000000,6.000000000,2,1729985105,1730081839,0.015141
6VK4tf1T2W3iAtnFRWaBXWEdDSBiXMYUJwAxfeqyjgs9,6000000000,6.000000000,1,1729872350,1729872350,0.015141
7KLfUgyqjMH7WbkEJD8nZVreCs87Cwse3mY9KEVs7jCd,6000000000,6.000000000,2,1730104102,1730130486,0.015141
8ByFxLhJehRjVJWxjmyAcpy7C2qqeGPTNE4Wobxhr6F1,6000000000,6.000000000,1,1730071831,1730071831,0.015141
8gaQiQjA7ZZ1h3rBkZM6hgYCQ29PWkmLJsmNkfhfBNpb,6000000000,6.000000000,1,1730028538,1730028538,0.015141
8Gop7oKjZ3Fp2Z2gg7uFP9AM2kaoC59G1GGd1aWJuhSJ,6000000000,6.000000000,1,1730002106,1730002106,0.015141
8hTkaiZPiPwpEGE5DdtttBVRR5Ywdyc6eqSzwv71wPuz,6000000000,6.000000000,1,1729965373,1729965373,0.015141
8P1HDc5DXfdzM1rkvQngLNrUKXHvdQkkbsLWHAmYjRd1,6000000000,6.000000000,1,1730037957,1730037957,0.015141
9dBEeSAfxpbygLTHgjJNQA4HyFwgtwpnMptqoGAbq68P,6000000000,6.000000000,1,1729893086,1729893086,0.015141
9FtEpAp2sCzdfunxtobHop1WvHxyZhm1E6GsTAMC5Mkj,6000000000,6.000000000,1,1730126610,1730126610,0.015141
9gqr2hBmY4uPtxP76jsXNTFZrBWa5NnEQuuJwsv3k3K,6000000000,6.000000000,2,1729914748,1729978829,0.015141
9hCwJnnH16grbtQqzNDnEDtZtzh8Uqp8ogs2d2uwz84S,6000000000,6.000000000,1,1730126589,1730126589,0.015141
9KQtzKQSRoy3CDzjzBPadfiEMRXMUxvVUeMC4PoctxrE,6000000000,6.000000000,1,1729996511,1729996511,0.015141
A2F3gRoia891AoZofEsa87XaxznsErVjQVmoq5Rm7ugi,6000000000,6.000000000,1,1729872853,1729872853,0.015141
AByWBy2tM9wkFT1HxT6gAdpKTi6xk7ZfN7cuguM3X3Pt,6000000000,6.000000000,1,1729956315,1729956315,0.015141
AKjCkoNMKmeYZAugHexReoKtfXaoknG6rDFcaMpe5BXD,6000000000,6.000000000,1,1730089771,1730089771,0.015141
AnkQY7kybDL1pGPM4e6P7HhdW6App4UXk97x2JKfBdU1,6000000000,6.000000000,1,1730037882,1730037882,0.015141
AQPbcqCBs47p86HQBGWwJnMuhqs3hGhPcmxfGsybR3Ev,6000000000,6.000000000,2,1730086963,1730131276,0.015141
B2gauxtDHKLgEoL7i9qFhM9MLMT8ek73rxEXFvVrqD4C,6000000000,6.000000000,1,1730055084,1730055084,0.015141
C5eeeck1pJqXiHN5YQ9GQ5iFLSJWqRAo7pSv4yamx28w,6000000000,6.000000000,1,1730129001,1730129001,0.015141
CbRFjVzm7HYsw9vzWzjs5Qdo28tBHBVYT5LytaGKnSQS,6000000000,6.000000000,1,1730078254,1730078254,0.015141
CU16znpCTzYMmVkeXDFJm2ftNzdeEFH2AjaB6GZYc89z,6000000000,6.000000000,1,1730057944,1730057944,0.015141
D3KoLpCeBGHs69tAb8ZqRJyvhCvekde1jbArDjVZpHsq,6000000000,6.000000000,1,1730037307,1730037307,0.015141
DfFB3wFe7LrhuRRC8xZez61XiEnVgxnAWXUkKRwU92Vi,6000000000,6.000000000,1,1729929889,1729929889,0.015141
EKTwmHQZzyXnzjJuVUVwKDfNJp1cSd6R3RE2YXqeiDwE,6000000000,6.000000000,3,1729985942,1730129258,0.015141
EUkw9ydHHjJjQgcm6RJbfjMjqueBtnqp5QvTiVjFmWjG,6000000000,6.000000000,1,1730036904,1730036904,0.015141
EUmk9x3YzJe3R2voRaGEv9x3DLR782TK5gC8GNvxpmDZ,6000000000,6.000000000,2,1729874770,1729976634,0.015141
EXn3XsMf4vvBzGT1zjwc1STkJFqXdwfwurv3x4x2L3k2,6000000000,6.000000000,1,1730039764,1730039764,0.015141
FALvysJAC3RGevSXk4xd9CLMqzkn7xu1vfwNQfH5ey9y,6000000000,6.000000000,1,1730121628,1730121628,0.015141
FmEE8zfM7Tt4kgf6cjPG2EkS7d225KFQPMGB2MTt4K17,6000000000,6.000000000,2,1729889088,1730040086,0.015141
FuDhskazJ6qhBfgChqdvVDb6fTN7rgzJsrSNPzJhDAmj,6000000000,6.000000000,1,1729983687,1729983687,0.015141
FvejtsbRUTgtHTdFsnMNJEbkcEB2NXYTs9xmyTkAsixk,6000000000,6.000000000,2,1729872121,1730111946,0.015141
GGwRrCfsrnSHFyYXmkaUvsNoPuUPKR4sUXMhawC66PB9,6000000000,6.000000000,1,1730029050,1730029050,0.015141
H33Ce5nTRF3Zu3g9PVRCqew2ygwPMPDUAbWHb1AmmHgV,6000000000,6.000000000,1,1730024420,1730024420,0.015141
H7Wo615tTQpNXPgJ3VapCcRzv9X1SfXCb2GbY427ENic,6000000000,6.000000000,1,1729891079,1729891079,0.015141
H8pnrE8rzjRcUQJTSs7Jve9My1JJZqeZuKRCNCSjDAHH,6000000000,6.000000000,2,1730118156,1730125186,0.015141
4HpAuNJQac1AmfXijLZ58jbVNjTa7qrzfzLxQ3zkDNKG,5999985000,5.999985000,1,1730129713,1730129713,0.015141
HrD98idLpuVKVhq3qYoChU57FrudBHMrLpoVSgNe3mHe,5999985000,5.999985000,1,1730066063,1730066063,0.015141
BcuiPniwpapSwdsNASZrWjjPZVUrusSmuRJ5CdRk3N5C,5999971200,5.999971200,1,1730078706,1730078706,0.015141
ADmLNtsD8CKAy2NPt2DdJNbWfS37WTvgvt3sKDVQLkst,5950000000,5.950000000,1,1729891222,1729891222,0.015014
9EvjbyaLH5zmSDdQqgfZMdgzkFc1sGtWqevEcQyAogNR,5920000000,5.920000000,2,1729900008,1730130900,0.014939
4pbhPLcPGjkF6jWYZJGrYJ2tibdZ8D43vMgFEB28pWGZ,5900000000,5.900000000,1,1730038611,1730038611,0.014888
7C7kg19qNbo3jY593XNnXjkno8ovNygv9vgCJ1RrQiR8,5900000000,5.900000000,1,1730038642,1730038642,0.014888
D9B58NU5iuLRQFfTJtYxJRy2BLTHNHGaK2AbaT9nKAn8,5900000000,5.900000000,1,1730038965,1730038965,0.014888
DunR7KX4dDP8BZq1GKzAEeeKUcYmQAgGeCguZHL1GJWV,5900000000,5.900000000,1,1730038551,1730038551,0.014888
DzGh44hP9UJpw2UGdutu8qXy2id3WZx4ZhpBydoibmzn,5900000000,5.900000000,1,1730109944,1730109944,0.014888
GBLHtsHfZmuQr7GkHn5tWTikSrdZWopeKcTSAT8w3Wyp,5900000000,5.900000000,1,1730038910,1730038910,0.014888
HGYVEQLDgvqZ35g7ChohtbcEiCKbV9PjMHPpwXZk5sv4,5900000000,5.900000000,1,1730038850,1730038850,0.014888
8YZFitq2dSs4LyvMU3pEcsSWm3dggvdJz6my2FLv2W7G,5870000000,5.870000000,1,1730122705,1730122705,0.014813
4zLvU28FmXg2zdDaPNnJ25sun23DCVGBKSkMRDKTBZGt,5850000000,5.850000000,1,1730130871,1730130871,0.014762
975XfASFWKY58NquzvgC6oN1tmUyfMzxHW7Bykm9wBfC,5850000000,5.850000000,1,1729896780,1729896780,0.014762
2bSoqB9H29p46RVudcMHiojeiC42pk2JVeTzM5wNB1dG,5827168643,5.827168643,2,1729998167,1730000544,0.014704
6CXKVWVzaV6CWow699YhvGQpYAbCTLVyCucEs8JsjDvr,5800000000,5.800000000,1,1729875650,1729875650,0.014636
9ionbVCW3FRo51bsoe2UvaS4hxLZaA3VF7Mpx6jrwD3C,5800000000,5.800000000,1,1730095352,1730095352,0.014636
FLk9NVHZiiGzSsFHbNaypLkK6XuJpTFjzpz1A1DjuPs3,5800000000,5.800000000,1,1729958964,1729958964,0.014636
xVXAKm3hgKE6nqPfpGwjpRSUpFhQrsUwTHWAuT6w9cT,5777000000,5.777000000,1,1730012566,1730012566,0.014578
6D5UuMRtNLxdThPWVjuhnDZ9udKxtDLkvnfrCzDnyHCk,5752000000,5.752000000,2,1730092150,1730092211,0.014515
CEUQna9QUwFdujBPgoc3wunzPUEQ7ZxKQezSfq7PCXQ7,5750000000,5.750000000,1,1730127984,1730127984,0.014510
8LhTPr3qHUoaB5aCGfJjC6mb57C9uW4UCAgW6athoMnG,5740000000,5.740000000,1,1730130731,1730130731,0.014485
7nXsLcCajTz1VDjjG6nswAijCoxHbkcGWXNGCjzcepDb,5730000000,5.730000000,1,1730125426,1730125426,0.014459
6ApYh4WPZCS6WBwGPAavago16WFzHXMLZgSA6ioAwiid,5705000000,5.705000000,2,1730127216,1730129850,0.014396
2vanDuAf85Z6fofFFQ1dy6YEMbMK6dHT7C81GV5Pwej3,5700000000,5.700000000,1,1730114291,1730114291,0.014384
4wnKtyg527WRc131aJcykvpYwjsLT8pHU3DwgpMZSk42,5700000000,5.700000000,1,1730059825,1730059825,0.014384
8Ft9UvqQmqNaywHAJ89j11mbV8WchMEDkDz18YWdb6my,5700000000,5.700000000,1,1730000604,1730000604,0.014384
8wBuUof7iViJT3GzK6a9729eKQHSJrZtH1dT216maP8z,5700000000,5.700000000,1,1730065680,1730065680,0.014384
MmagaZvPagQT7RzHLEDPdZHm7kbTPGehNTvqnaUi2Rx,5700000000,5.700000000,2,1729995665,1730120581,0.014384
2iUYzvYrbnqqwYMGuzsse8k9rwwFSi3Es1GHXsLCSutr,5680000000,5.680000000,1,1730130961,1730130961,0.014333
BbKg1m7ggWSqoAzhW6SvRwWWZzNKF1vWByYLt7r1bCby,5640000000,5.640000000,1,1730121731,1730121731,0.014232
AoVahXuZtZNqnJiGA53UrzaYfpxwpTrcTsx6iTkXnpM1,5600000000,5.600000000,1,1730128633,1730128633,0.014131
SATLb7RiRtFZDrnh7oCHbCXwfZpN3tzDP7hTajVCHJW,5560000000,5.560000000,1,1729903784,1729903784,0.014030
HsjuQZdTyqpGUWKtwSJu6nurYsdjLBotvugcJ6kiX9ys,5536716249,5.536716249,3,1729897667,1730125457,0.013972
EyafVnVENB33xY1efefJPbjqCahZToVMksELoWY2u88g,5520050000,5.520050000,2,1729889881,1730040738,0.013929
13bwjJn92fv5rpTKP1MGVa6BP3oCynAp4nDWoaDFS6wz,5500000000,5.500000000,1,1729989228,1729989228,0.013879
2fRmSefKNRnPV9JLPPFkkHNX5NHgikJAnffXH3nKj77H,5500000000,5.500000000,1,1730126668,1730126668,0.013879
2XQP9DduatQ9NeHL7u2DT4cbzyVJxcpzJgdpqg2MUGaT,5500000000,5.500000000,1,1730131442,1730131442,0.013879
3eMRzWBvn2aZtjKnAyL968ziGSgS6w2geFH4NbRcMQA5,5500000000,5.500000000,1,1730036705,1730036705,0.013879
8vycunCcTX3pRijftYMHTZZ8qk1XYbZ9Mx38QPDiMnpf,5500000000,5.500000000,1,1730131013,1730131013,0.013879
AuHL3vyzfcUiqmjJMUkNnH9CWDb66bp6KkCy9Dt9xAMh,5500000000,5.500000000,1,1730070489,1730070489,0.013879
B7xh441jYGAXQTwNbrnRUdyXc9gj5KLff9kkpekyBcwQ,5500000000,5.500000000,1,1729871920,1729871920,0.013879
Bs6a3zcuCpMkdafDpFHhicbHUSwjg2gM6wfwmjphrYHg,5500000000,5.500000000,3,1729872157,1730112777,0.013879
CKapPiqCTyNG1rqU4MKpMXCqKomGPHVWcQobzumjGHQX,5500000000,5.500000000,1,1729961443,1729961443,0.013879
CSTfHr6rexKqyQiyiheXN8rGWogu4hpcWHgizxDbivmz,5500000000,5.500000000,2,1729878668,1730128313,0.013879
GbuC9R5QJzevo4US7LsSC2ci4szQjnMFKTiXg8XCAVJT,5500000000,5.500000000,1,1730037361,1730037361,0.013879
H3tSZot29vLJth9Bi8k3n2WKNFahkVnynA677eNBR6wH,5500000000,5.500000000,1,1730062827,1730062827,0.013879
7EJ8Ly3XV9HaFsBp5ikkTWtmNW5yNGspFzMPzc51a9eE,5490000000,5.490000000,1,1730130689,1730130689,0.013854
FqkfjoE6Vn22vDutjq3Zkbjrzgh7AKHgE7gqC1amFPwa,5400000000,5.400000000,1,1730075495,1730075495,0.013627
GyLpw2xp3eN6LSz2oSDxpiij4MwxvGgiq5zwLvruk17k,5359687083,5.359687083,1,1730072131,1730072131,0.013525
3nfrdGXKpeahv5zFPYWDcbXAbzGfQEarS6zqnoKJpNzB,5321443173,5.321443173,1,1730129353,1730129353,0.013428
CJp1taRNbQcUANdm8vmg3yMxYeV9vmKakk6XGdruE99u,5292578497,5.292578497,1,1729951733,1729951733,0.013355
GpCXreTH6ydUdGtTNfbsAqSas83mYFsi2sVRmSuQhKPj,5270000000,5.270000000,2,1729978294,1730038289,0.013298
BJ66Crh1qtg2e8oudR6hmomjsNtdQcbgma4wJeu8ebwF,5230000000,5.230000000,1,1730046889,1730046889,0.013198
FAPSPZcRssmnar6sKZcj8buLt6cZ8S8gJmoVF6WYEEuU,5230000000,5.230000000,1,1730038632,1730038632,0.013198
ByaSS8a7FpNex27mKyJgbNoFAwbJEcimom8u4C5VhYJq,5118210213,5.118210213,3,1729872419,1730121494,0.012915
2Tw1Dcc8gEFvFLBZx65dPQmPn2B4iaD6a4211NYS2QTR,5100000000,5.100000000,2,1729945124,1729945318,0.012870
Gbyog3MZ266cdo24rEx6Qi4yyR4GENSgq6cwKWQrzfmw,5100000000,5.100000000,1,1730068908,1730068908,0.012870
DiLdam4Twb89t2hQxAKarWpXzdazaN5SC56Gybu2ZRKS,5070000000,5.070000000,3,1730130734,1730131411,0.012794
2okTKBdaLrwXHPqJJsmgorbuAu2aJEuSGvAAqT3UGmvd,5050000000,5.050000000,2,1729956161,1730123860,0.012743
3g8A1DxTUbQKvt2DFS5QFtmeHbASsmtqsMbNnF9WCqfr,5050000000,5.050000000,2,1729872379,1730126235,0.012743
8oj9ea2vNDrLfSjbP4ebcLvF84GXHHwVL9RQazvDo6VT,5050000000,5.050000000,2,1730129143,1730131183,0.012743
4pPmcC9NM8v4Hf4By7PGvQWRTSnpoZcB61HW2emrmQ5R,5040000000,5.040000000,1,1730115920,1730115920,0.012718
7thvgu3sxYjxp9fEefCvzqEHtyBjyngsCTyQP9Rgh3HP,5010000000,5.010000000,1,1730110075,1730110075,0.012642
Eptwh1c3Zzv4t299xhWoadQJxkMzjtkV3tDooKy82ADu,5010000000,5.010000000,2,1730129944,1730130701,0.012642
6vRstd7Cmgz9QSeASWZ2m9UyxWdaomih5E8925eSJBQ1,5005000000,5.005000000,1,1730121204,1730121204,0.012630
13WXDkCej41Dudkk1nxsPrKoWgAieJZ1tLJGLw8qfxfA,5000000000,5.000000000,1,1729983380,1729983380,0.012617
248WKjM8ty7mr4cTwb6eoXvPxEUAARK7FWkRF24ePU7K,5000000000,5.000000000,1,1730121934,1730121934,0.012617
27djuyb4RbmsCF7MtgaaRoaq9EUB3VrR54UDhiNZy4zq,5000000000,5.000000000,1,1730130841,1730130841,0.012617
2ArWYWMX7PkDuG3RGbDumrb5EzCqS6K76WzTJADPEqYw,5000000000,5.000000000,1,1730071653,1730071653,0.012617
2bkAxcMNr3xEdm5w1FFWyowecQUVv4TeWfc9PDvkfKpJ,5000000000,5.000000000,1,1730119547,1730119547,0.012617
2htT2mGg8xYPgcJEH9WDUFjXF79UV8BurBqqZ4GrCcGu,5000000000,5.000000000,2,1730043867,1730129541,0.012617
2NQqaoNtY27QccM96JNQXJFPnETSGFdzkgzFZYD3ciSP,5000000000,5.000000000,1,1730037242,1730037242,0.012617
2NsZKuU7ccouF6G2Srh7TzM8UB2ts59XZH5RYrWebuQ9,5000000000,5.000000000,1,1730085940,1730085940,0.012617
2o5qH2sT5E26nYCFJjiA48TyeuvwowHP7LUmT7gRZEix,5000000000,5.000000000,1,1730131415,1730131415,0.012617
2qsEGdwkiXQp5eoCkbAt7Dw9xCa9n7MKgjYNf3rJixNU,5000000000,5.000000000,1,1729888920,1729888920,0.012617
2RjMZH4du6hVR56JVqUvCqgZbQLfTHcJe4brauXeKLu9,5000000000,5.000000000,1,1730129430,1730129430,0.012617
2T2WnRcoBcWtHK3Pc9L8uZaBeSkkDt4bdMibcwXsqTWi,5000000000,5.000000000,2,1729880635,1729888499,0.012617
2WXaRC1XsCNXX8EMVFwgQVX5FV2sdkvn8yvFDm71xcix,5000000000,5.000000000,1,1729897810,1729897810,0.012617
2yebEYawafC2D86uUHtiVMEHtuUbwn3XDxbBJazPGRd4,5000000000,5.000000000,1,1730130189,1730130189,0.012617
31mpVh5cuTkwPWvarxkzWE9e7RdzyXGVr4H1C9DBAHm1,5000000000,5.000000000,1,1730129619,1730129619,0.012617
31n5MPG1afZNz1JMVkVticGtLCEkLY6sKNr7ZVL7vShS,5000000000,5.000000000,1,1730125945,1730125945,0.012617
3gAJAMY5fRD4QymyHPik9db5FpRADBV1cJ7uzfpiVyDk,5000000000,5.000000000,1,1730122643,1730122643,0.012617
3hA3g2REirvDxoQuiu2ah5hifLqcecY3nGyub6koeoJm,5000000000,5.000000000,1,1730109490,1730109490,0.012617
3LPAoipVhj6BbST3HBNzxj9xFUNih1ZV759g7cBQxQU2,5000000000,5.000000000,1,1730076489,1730076489,0.012617
3MtxvJviTdRpqFGSiWydMxKbvQEu74cVgW5zwMTEA4Ux,5000000000,5.000000000,2,1730069518,1730126148,0.012617
3NMT8phM5TgzDNYfFN6h1izFRoEmtZtXNGDWBAyWBU3E,5000000000,5.000000000,2,1729873356,1729875826,0.012617
3R5fBu9goq7T2xibPeWhKhM5fMk5U2uxV6VwzLH3UceC,5000000000,5.000000000,1,1729871559,1729871559,0.012617
3veWT28k9tcqYeZKm1E3FrHUBzG2CLMtcackSs9M8mqT,5000000000,5.000000000,1,1729949550,1729949550,0.012617
3VL3UDXpdcFgHuPBXPp2A3zHXkXyPMibijvzGf9ZuygC,5000000000,5.000000000,1,1730127105,1730127105,0.012617
3zf1itG3wyDMKdphk7CJkUuvRKaVvpQ3LRgcDCdP8Go1,5000000000,5.000000000,2,1729964070,1730117266,0.012617
3zxsk9YjcHTFePgce98mqKfNYzs2oFApkdKzUH51pmco,5000000000,5.000000000,1,1730112815,1730112815,0.012617
46ym1fqppu2Hj6xXN6bvM4WYrwoNaFzrR3vQV87HWPdS,5000000000,5.000000000,1,1729910529,1729910529,0.012617
4DsDdxB6EAfonq8Ra84EBg5Gm6JXFsVv6ZrAAbPXrzbH,5000000000,5.000000000,1,1729874492,1729874492,0.012617
4f22sFxLdVrQ7j2MppNUvWH5LcKy45mxt9x7sdNvKjH4,5000000000,5.000000000,1,1730081970,1730081970,0.012617
4gViuD32sKVTp4faM9pjwsoAznJ67UWXqQVMDgCG3Szo,5000000000,5.000000000,1,1729963412,1729963412,0.012617
4MRtXS9AqY3GLnVRtcX9eL4ZXpyhg1riwv54BXBPBURx,5000000000,5.000000000,1,1730130839,1730130839,0.012617
4sGUN2n72AQosDs1LtcnwWM4rjnrosPPzsUzdsVMrEAm,5000000000,5.000000000,1,1729966018,1729966018,0.012617
4UC3jJbP6MrDacKLQigRaEqYxKVZ3JWz91F5MadDnqvj,5000000000,5.000000000,1,1730128331,1730128331,0.012617
4uTVVMkVFpYxpTS3SkPFytUXNEpFP777EzVFemfdauS4,5000000000,5.000000000,1,1729872341,1729872341,0.012617
4xS1byVhw1JZj5PpHyvsTPEqkEjERsu7T1rXQGKXFPuU,5000000000,5.000000000,2,1730112746,1730113013,0.012617
52dU9FTEdfmz9TL6k83PXnMsq2Dp7e4MYac86misgKvJ,5000000000,5.000000000,1,1730049239,1730049239,0.012617
5cHXY2GdfMU2XfMXN7wtavLmbRVePmo8SKLtqSCneMF8,5000000000,5.000000000,1,1730127844,1730127844,0.012617
5D36Pfz6xhb9XeyiqnMNYyLoMqLTwTg8kLaDhJCWcaHw,5000000000,5.000000000,1,1730131286,1730131286,0.012617
5eh3ovhPWoo6JFzbfNGzQeBZh6FXfovEFCyFbrcdR6BW,5000000000,5.000000000,1,1730052395,1730052395,0.012617
5Eo6AAe3yd5SRX63Eow8dGsQrEHiEBakgVK7UiPA2ThB,5000000000,5.000000000,1,1729886169,1729886169,0.012617
5GJ18RUio67aS4QoLUwcWv3xn3HkwsSJDZfnfJrEAm7m,5000000000,5.000000000,1,1730043092,1730043092,0.012617
5jhtBNXSbNwAv5fXDAShhj9arAEc4MzCFKRkhJVvAVR6,5000000000,5.000000000,1,1730110147,1730110147,0.012617
5JNWA5RKuYwtYSQn7osHAZMkgCekzDpyev32vUqNRMDa,5000000000,5.000000000,1,1729972383,1729972383,0.012617
5jxtFRBQxF29sBLQsf1ggwSyMqjfGHsH5n1Gqfr9oezd,5000000000,5.000000000,2,1729884206,1730125326,0.012617
5k89ty6avPDLQ6CuYNEsHStHcSBqvZhXE5hGVYSP7XwU,5000000000,5.000000000,2,1730130600,1730130937,0.012617
5mHP1M73sMWZhfbKcd1EQvQtTA6ReiARfG2E4b24pc3,5000000000,5.000000000,1,1729873370,1729873370,0.012617
5qjA8iJqBN3WRX43uzomiCpZeoFVUufHYmh36HXqeLXa,5000000000,5.000000000,1,1729872067,1729872067,0.012617
5qsLpfg7G9ypt4ksDaskCLD1hoPj6WTACJLjD2pgxP13,5000000000,5.000000000,1,1730122151,1730122151,0.012617
5UJkt3GgTvSmQwe6Es8CFGaPf71urtiRkdRfmCfpEoSm,5000000000,5.000000000,1,1730111538,1730111538,0.012617
5UnKQzvJ8qpAcjKH8HAYibqC9SyZ8GB9o5PXFoyQJtrM,5000000000,5.000000000,1,1730013602,1730013602,0.012617
5UyMPxW127T5XVVhz6uP7R6KqQiUCqcDkHDkpXFuHW2w,5000000000,5.000000000,1,1730128971,1730128971,0.012617
5vY69d8LfPQtm6E4apgicWY7EPCg4gmJd2PJ1V48KpJU,5000000000,5.000000000,1,1730130990,1730130990,0.012617
5xobkGvfoamTpwXFw9RZuyfPKxGvNS3xrbPnmKTB7tgo,5000000000,5.000000000,1,1729961863,1729961863,0.012617
5yJ1KmrBxWGezb1HVkokKwWXLJKWaSyWGxWjNK7ccxhJ,5000000000,5.000000000,1,1729872801,1729872801,0.012617
66frGPzDujcrJT8Yn58Ld4TgVk7Evg5EwQdfc4j9QQ37,5000000000,5.000000000,1,1730116669,1730116669,0.012617
68Y9EnCaTg72fmZNUJMeJV19sHVnEkebunGDAEdjafSj,5000000000,5.000000000,1,1730128700,1730128700,0.012617
69WY3PA5ThCcSuhUKLZ9q5NLyvwPBNqvyxxnfRvdDn7m,5000000000,5.000000000,1,1729876623,1729876623,0.012617
6fqjp1SSozvbMnMgQZgKXfxDqWWorVybFrGi62eajNJD,5000000000,5.000000000,1,1730119633,1730119633,0.012617
6nALVtb95HyDSxZ388mGgsCD87TCWzg3FqfHDJH1r44W,5000000000,5.000000000,1,1730125638,1730125638,0.012617
6NWuyetx4L8X4tp4HkEw1mmxbvw9S12E9CGnn5Vbt2EJ,5000000000,5.000000000,1,1729945558,1729945558,0.012617
6ugT9K5SFgF5u4tfRDAa3ovu5oMQrBGoSvoW9q7fgCaB,5000000000,5.000000000,1,1730076933,1730076933,0.012617
6vTXv5BcyLBo76ugwYu3BTrwLt7nKmqLnmE9tBCE3HpW,5000000000,5.000000000,1,1730129814,1730129814,0.012617
71xsQvKnWVBupmEKeBxSSpjM7wnZ2G4VepGUgMkAyXDE,5000000000,5.000000000,1,1730073026,1730073026,0.012617
726NPQuzwyRs7TnA4YfwQt7myj6pUB7QuowASYjjohdU,5000000000,5.000000000,1,1730109756,1730109756,0.012617
73WjfxhEHkV7vrwofkWWHbDYcSYVZqc87z4xku4VHcYx,5000000000,5.000000000,1,1730089596,1730089596,0.012617
78awr9RS8jm5YCe3yn6jLjQFKsM4c4NRRpo4vo8AeEgR,5000000000,5.000000000,1,1730082004,1730082004,0.012617
7B1Z2oxbQFHR94kwSc8AL7VqmLeCkP5zpSWHNbZwJ5mf,5000000000,5.000000000,1,1729895606,1729895606,0.012617
7dDcKC8rh5Q1HxzjW7QZiveoySNkbB2TYcC7TDxAfuP7,5000000000,5.000000000,1,1730073995,1730073995,0.012617
7etmWFGb6kZtv1QJwhb3BrwaAJo9qe3m3CkZYGKa4YkR,5000000000,5.000000000,1,1730017457,1730017457,0.012617
7g1cS6CMi6uUcFPxWjTkEeoP1GrmAm7i5kJE2NQgo5ET,5000000000,5.000000000,1,1730109105,1730109105,0.012617
7KP1ELJtvRGciqnitwuLZZfaMkvy9rH2cniLNNxBt7rj,5000000000,5.000000000,1,1730119319,1730119319,0.012617
7mHSjTugzKjCSjxFvN9kJt8MyCXXA3BVJYbAb4YHQXdH,5000000000,5.000000000,1,1729980771,1729980771,0.012617
7QfbyCorwrL6heMt2eTBikMA73TjdgTP2jBZUnmFugtF,5000000000,5.000000000,1,1729876086,1729876086,0.012617
7SK1dJ3Zt94Q73cYwip3gNU2tx8KkbX8PKSD9X8xjG9s,5000000000,5.000000000,1,1730040175,1730040175,0.012617
7WjcqVcPrjimqe9RWk2XxNyLedHmSi4M584ie4MoUtkw,5000000000,5.000000000,1,1730059770,1730059770,0.012617
7x6KT1ubswbHBDrjS8JQ6bEJxXHefjfXfNxZhp2RGht6,5000000000,5.000000000,1,1730095483,1730095483,0.012617
7yjLoRzUHddUkSHUFZ3z6QVTTDyPRR1apNsQpDmdRkSg,5000000000,5.000000000,1,1730123352,1730123352,0.012617
7ZqXLZPq77sS7AKnFb4p9KXVrD22X9xts48cNVrch1Tc,5000000000,5.000000000,1,1730129768,1730129768,0.012617
88Ho93XrUzwemoBBQQ3qYGTbT8uerVijxqWNat4irrkq,5000000000,5.000000000,1,1729897465,1729897465,0.012617
8eQaqeLgik8HNPZU1aVXRHcrhkpX2sGJs6rdDwevRiG8,5000000000,5.000000000,1,1730127244,1730127244,0.012617
8fQWSeH1zGmn6y6xZWw8w9qESvREJekr8uBb7XPHRAjA,5000000000,5.000000000,1,1729877384,1729877384,0.012617
8gK8TtK2r2wp6JMokcvf6gwpDXFg6ipdfkunc9ebyUMK,5000000000,5.000000000,1,1729921103,1729921103,0.012617
8J7fQiNDy9MW5h3crmgcaUTuR1uxxZ5CZ54zBZ3wA3HR,5000000000,5.000000000,1,1730129426,1730129426,0.012617
8mw9xniVRePrt7kyH6MXWtjTLdvGgg49Whguvt4Xxg39,5000000000,5.000000000,1,1730023486,1730023486,0.012617
8vtuSwWFuV9xkvjtozYkQGb43sNbqCuzsJy9BvayPbj7,5000000000,5.000000000,1,1730130773,1730130773,0.012617
8XAYqni7Tg8Xmtgev5a2eZED2bt1r9kbCx6MpuD9aa2p,5000000000,5.000000000,1,1730127793,1730127793,0.012617
8XHeYTczojb46SvduoFuYUJUBdR7w69KKDtue7uoN8jw,5000000000,5.000000000,1,1730040256,1730040256,0.012617
8yBrCCs37ssEoPpLz5t2e7ARfEBRPbsR8VXA3ZCk31Pd,5000000000,5.000000000,1,1730120276,1730120276,0.012617
8zzXTQAnFyM9UpDoeG4j2pciDyFgx4o5KUfF32rUdBsm,5000000000,5.000000000,1,1730131358,1730131358,0.012617
932PPEUjmFCRJkr9gSFrhepyhYu2ssxJw8sAafRu25Zr,5000000000,5.000000000,1,1730128368,1730128368,0.012617
9bZ43GUEoG68YXeRnxQdCF51UWJJ2JbgnKXt3pWQiato,5000000000,5.000000000,3,1729881787,1730123400,0.012617
9FU7hSTJ5fzbQAizg5eDhVAMAU7jpaop8KM7iua5umMh,5000000000,5.000000000,1,1730125969,1730125969,0.012617
9iP1U7m3g4yAQQMpuJSAiW5mvCfvKQ5GK6XLRVZave2e,5000000000,5.000000000,2,1729958886,1729959048,0.012617
9LPKyZv1ZEohZTNC2XVqo5zcL2b3XDxP2jf9uKZBFc25,5000000000,5.000000000,1,1730089708,1730089708,0.012617
9M1HoJ2cQYFiBjbTfpMJp5EJsMaakJ9ZQeFUFGeuFXWW,5000000000,5.000000000,1,1730131437,1730131437,0.012617
9oUg51ycdVuvffVCfqWpjS8EnLzo1AviQMcaFBXeg5Hw,5000000000,5.000000000,1,1730118883,1730118883,0.012617
9pA4EqXPzHeZ1AHZrNNSB4PYybV8koHQoLr2mMDswyuk,5000000000,5.000000000,1,1730058577,1730058577,0.012617
9q76h1EQ3tJqLGmiD4X3EubDxsUVhAF9nrnfnNFMQdei,5000000000,5.000000000,2,1729940648,1730110001,0.012617
9ULTmSYSpwocn7EKoK8Jg5F7jRQzbdZSZfHcsP9Z9QNz,5000000000,5.000000000,1,1730077077,1730077077,0.012617
9v6CodThkQM2Uo2Bxn61B8TQxowFBQv6PeQHTJ75E2XT,5000000000,5.000000000,1,1730130436,1730130436,0.012617
9WRMYRgQDX9SLqoR1fCjxb2V82ygvDd2VwHY1Mq8tdp6,5000000000,5.000000000,1,1729884194,1729884194,0.012617
9ZjkQHETW8qnDXKc1bCibHnUeANQHLGNcezJXeznSwar,5000000000,5.000000000,1,1729902576,1729902576,0.012617
A2U5owsnFK2jzgBguZCDqXsPzra7ufpYG5N6CFCeQrk6,5000000000,5.000000000,1,1730122380,1730122380,0.012617
A9kF1qaXBMfXQoH2n7SbKER6Mc6z5Ciqpg2FGo2j67qx,5000000000,5.000000000,1,1729874595,1729874595,0.012617
AALznPh2bKz9gMT1L1uEcqCdg8gWtiT7EHqwc3xEsBCj,5000000000,5.000000000,1,1730100017,1730100017,0.012617
AAMjfVkwWg3AhZgyX9j7RuZf7T8AwtWiDKKjdjzgeRsA,5000000000,5.000000000,1,1729964693,1729964693,0.012617
ABcu4uUK1PLiKi2uKSzVSzY6n3eNm5QS2R3ixM9WYb6g,5000000000,5.000000000,1,1730099914,1730099914,0.012617
ACQMsEVMGcgmokncAHTMkBMGXLWqpm6r8dwU2Apwfzuo,5000000000,5.000000000,1,1730123239,1730123239,0.012617
AGET2uCZfrFnMFeKQ8GH2w5NRAs2Kfpov2psMApQzmJr,5000000000,5.000000000,1,1730122176,1730122176,0.012617
AnuobBeNMg6yQvWnb2VxM1DHHrwCaFMnMCpZ4VV8FmGN,5000000000,5.000000000,1,1730131097,1730131097,0.012617
Avc4fcAvrXRNnoEjwRVgM61EjwKX6smdPspGQjeRWLV1,5000000000,5.000000000,1,1730130822,1730130822,0.012617
AVhmphKKfAtfpDE7LVoJDWairtPhitpXNd8uRtfYKj9t,5000000000,5.000000000,1,1730128032,1730128032,0.012617
Avx3LjbESaBaeCY8vK77u1eTCcNdXSrNpJf8HFGrb6nt,5000000000,5.000000000,1,1729883398,1729883398,0.012617
AWGFcsb9w11HvHn2t2msLXLJzHQKkYkapJzX5CnPpiwW,5000000000,5.000000000,2,1730130474,1730131530,0.012617
AZdK6x4jJm2ivrqisrfEU1HtYiAu6Q7AFCu8FsDFNoC7,5000000000,5.000000000,1,1730121829,1730121829,0.012617
B6t4CqBkLaJzAGWX9nqVayeHM7ZzR9PQ8xdpdTcMpPxJ,5000000000,5.000000000,1,1729946676,1729946676,0.012617
B8AjdDZLvrMXMfwjRibpz9yogDNrqd7znFTHrJPutanR,5000000000,5.000000000,1,1730042973,1730042973,0.012617
BAPypxDsV9gk4MFpCbN4vjt6aHpEmcQVm6X9RaHtiB1n,5000000000,5.000000000,1,1730109543,1730109543,0.012617
BAtgZZVQNw2XduzmqsY5PTGqimABf8y5zm6rq7Ky3356,5000000000,5.000000000,1,1729894497,1729894497,0.012617
Bct6PcYVs3RGiHEYzTTMcQSpDMRznXJCLgofzeFpSCW2,5000000000,5.000000000,1,1730057505,1730057505,0.012617
BiVNSWro8pWcpzkt2vMGAxbrEV37b5vPXC7hN1Fm3X63,5000000000,5.000000000,1,1730129713,1730129713,0.012617
BoYCwCLXDTUuoGjxciH9KRMtuikyrSupY3BsDb42PzHi,5000000000,5.000000000,1,1729871838,1729871838,0.012617
BQ5J9RFWWL5w6GxMRixFCyJEtoQu3B22rQTpEoYPRpHj,5000000000,5.000000000,1,1729871901,1729871901,0.012617
BW8C8y1nvexUCrvFGaytLt3bjePHU26q173Btr2WxB93,5000000000,5.000000000,2,1730077060,1730125932,0.012617
Bw8jmHHS3mcLtEu1JQCvAFGzMx94SH1jU3xxZ6CCwxZt,5000000000,5.000000000,1,1730119620,1730119620,0.012617
BWLQzeauzPaBEUTWVciTsMnjMS3YrkvScCjtvX28q2sC,5000000000,5.000000000,1,1730130775,1730130775,0.012617
C3ZTg6iaHajmgzYqdgHkyjPfUScNNtHsjVWZfc2QrYg5,5000000000,5.000000000,1,1730057423,1730057423,0.012617
CajvdUbH6guetjHLwRYvBUUDY5qZ2ZpSH5TDwCJctmdE,5000000000,5.000000000,3,1729984863,1730057137,0.012617
CBMYzMJksXtUnzFSjbCsyHSmw52n5QXzf15N1cNjn4ec,5000000000,5.000000000,2,1729885742,1730101478,0.012617
CcZmaR6MePyKju6uboWAo95aDETGDYi1Y9LCz9t7QVxp,5000000000,5.000000000,1,1729897129,1729897129,0.012617
CDte3nZEUhcbzKMppdjQ8Q8pksZJS6xBEy8fn75aW6cV,5000000000,5.000000000,1,1730038232,1730038232,0.012617
CfaQ6QNjVuydoKM51WBNoVavHuSeHhAMjfTZcRiBgrXJ,5000000000,5.000000000,1,1730128210,1730128210,0.012617
CiuzFfiynuPZ75uar3NsCen4PHXtduZSq8YQk1PaBVXF,5000000000,5.000000000,2,1730041017,1730041232,0.012617
CocYadUgRso9mXcaej67ZFqt5NUJintcRjP2WwRag4S6,5000000000,5.000000000,1,1730125462,1730125462,0.012617
CPjHh6uAVFkaSg1uoYbVsAEHJ8GryeVDdRN1bkPj2e7v,5000000000,5.000000000,1,1730130762,1730130762,0.012617
CYiALZQd2TW7BipJhqTME79stxGEBgyqzHnUvJyqARxo,5000000000,5.000000000,1,1730131266,1730131266,0.012617
D1q9Gr33ocK2efKvRPC6mquXkTqokCT9BYWnwP6qCKGd,5000000000,5.000000000,1,1730094323,1730094323,0.012617
D2Bxsa8CVbPhnd89MmrfJfNPDY2PAQZ2RT7GdhQpdoiS,5000000000,5.000000000,1,1729963435,1729963435,0.012617
D2PsUEpajnAuysWVCBpW878oCNAjS5ARUQnDHTpEcspP,5000000000,5.000000000,1,1730039274,1730039274,0.012617
D6UGG1bYibTGWWcg7ZpegESAeW86cUNqoNrDH6Px3atK,5000000000,5.000000000,1,1730128242,1730128242,0.012617
DA3yHnNeWs6LF2bz47DT3VYes9sgBgtnTZtu79ANx8AR,5000000000,5.000000000,1,1730068452,1730068452,0.012617
DbYFn5XntWhVrxtc68A1zdNh98zaxrdgQp7xCCvvCazE,5000000000,5.000000000,1,1730130560,1730130560,0.012617
DesbJffk1FYSVeZDU7qUmRFhyyH7u71k53pmDL3m1s9D,5000000000,5.000000000,1,1730130684,1730130684,0.012617
DgdiRCHWWRyFoEnSFr7AMdsHzUyWavd8rA7XjTHmPKYC,5000000000,5.000000000,1,1730114405,1730114405,0.012617
DgePfxqDuKYS4qYUD4Cmm12wsjdBAQ4tDQceKsPGEixH,5000000000,5.000000000,1,1730017125,1730017125,0.012617
DMPRo5b2mqt1zE4WXhwY5VPp6mBGZDgpDcW45Jx1DnF3,5000000000,5.000000000,1,1729878730,1729878730,0.012617
DoZCVUvDrKGiRC3cUJ9iVC1RAnuUQvbEy18MWBkd6V8C,5000000000,5.000000000,1,1729983961,1729983961,0.012617
DUaEideLq4mXufMoN4swqWPfY2NUovBVj4N845Hii5EL,5000000000,5.000000000,1,1730125503,1730125503,0.012617
DuWzsnW1Murdqm1aWRPWpCdSqVNqbqPYmrQPZcXizRC7,5000000000,5.000000000,1,1729871658,1729871658,0.012617
DwEW5ohMcKhPuB6V5vQKFW5sgrGwewJHYqZmtTZpd7Nh,5000000000,5.000000000,1,1730127505,1730127505,0.012617
DYDQGb4paeqADRWqG5r4e95QYE7a6ubQ9PDhsdsoWwAj,5000000000,5.000000000,1,1729880483,1729880483,0.012617
E4KRPLTEuU5wuw6tkV4sqcqK9PEfwF4UFRUEX3ETjUM4,5000000000,5.000000000,2,1730078244,1730078332,0.012617
EacVGRotEL1mdHknDaKt9jpjLtAXDZ36vXgRoiFLPvDm,5000000000,5.000000000,1,1729898780,1729898780,0.012617
EBe1jedYo7DxSAbcWu9Qn8vaKsHKBJUQk43h9iEwCK5M,5000000000,5.000000000,1,1730085719,1730085719,0.012617
EdfNXhg8PtXML5n6mH7iS868E8KdmUHYjebnP75JippG,5000000000,5.000000000,1,1730078223,1730078223,0.012617
EdRLYvJN4RNmfHKaXGHWXEzJnpnQS3cXrD6unaYU6TLm,5000000000,5.000000000,1,1729874788,1729874788,0.012617
EezT1JNmeiDwfxEMGdUbFt59acwCNTidUL6k8N88d9kL,5000000000,5.000000000,1,1730119608,1730119608,0.012617
EiGcoYscUHyNsYLf4jG28rX3XYWoGZ7FUJbvm4eteeQ2,5000000000,5.000000000,1,1730128580,1730128580,0.012617
EKP4VgqoApMWTNbh5pAk1m3fpnbUULkdPhHdXeqN5LRb,5000000000,5.000000000,1,1730130698,1730130698,0.012617
En7REpiokbZSpW4zPqX9J75KR4YNmxsLgKyaP4TZXnpA,5000000000,5.000000000,1,1729896191,1729896191,0.012617
EQfZpYS4tEWtBpbrqGJ4Lzjuy7wUD29Pgpnr8EhsdCiR,5000000000,5.000000000,2,1730062326,1730129604,0.012617
Er5yuLz9BuUKCDrprKyh1fBkF1cdXQyT67aztb5wztSb,5000000000,5.000000000,1,1730130267,1730130267,0.012617
ErNKPzqv3eXwaYC8adfgFpuPcyXYFNpwk68NTAbP9LGY,5000000000,5.000000000,1,1730040213,1730040213,0.012617
EUtWKDpegbbHjBPoyDhZj6AijRwAG1x8aF581Wfkeo3C,5000000000,5.000000000,1,1730062392,1730062392,0.012617
EV8dnYSaF8Fd8zM5vJRUT1NCaBHuLiStcukdEPGmihnX,5000000000,5.000000000,1,1730131105,1730131105,0.012617
EYz3EcjvbtBpj8pfXrtuMrRfcNp8jBrvwXjHqGC6NQtr,5000000000,5.000000000,1,1729999169,1729999169,0.012617
EzrSkKuL4i8wdbniwRXTh5Z5kJxqYFMaZXJ9a3VQAKX3,5000000000,5.000000000,2,1730123833,1730126665,0.012617
F2aSbxWmHHZ1FieQF6NaBxm83xRmdnh4CTfpYDLTGp13,5000000000,5.000000000,2,1730076851,1730095111,0.012617
F6HyfY2MjKi8yfTPg6eFhuy5oMbzM6W9KiLaQnCi4DsP,5000000000,5.000000000,1,1729875366,1729875366,0.012617
FAxYjn9goec17NLTUp63WCBGitNyBjfzZbRS2DqCUPk4,5000000000,5.000000000,1,1730110258,1730110258,0.012617
FBeaUz9cvkhurGMx7LGfGmQurLMJN2QQStUP4WANT7S6,5000000000,5.000000000,1,1730048345,1730048345,0.012617
FfvHr4oAG74gA5RXKXmPW73wSmnoyvjDZ5wEQJw8RS25,5000000000,5.000000000,1,1730115036,1730115036,0.012617
FjtZ6cSFF5xwievEMTcLpZMHAPNza1weUcSt29Hxct1U,5000000000,5.000000000,1,1730120576,1730120576,0.012617
FneY5B8QH2ZApmH3tsY3BuNJ8H5oooSNKncv5sXAiJLC,5000000000,5.000000000,1,1730030982,1730030982,0.012617
FqJcF2dSaLHK2wYjC28Nqjp78qTXKkBGNgVZG3DqR1RW,5000000000,5.000000000,1,1730119643,1730119643,0.012617
FRQGjvKuv5iCGYjfHyCYc3s36nJRHB1oDJotrrwcufw3,5000000000,5.000000000,1,1729886409,1729886409,0.012617
Fst56y9qsnkNonphjCFAvogrWMXDzVBthHSbG7E5RAfo,5000000000,5.000000000,1,1730052386,1730052386,0.012617
FTg5mdj5qtrSw4G1QwtZyYjtt61UJXxaXoDaw6BHVSks,5000000000,5.000000000,1,1729888565,1729888565,0.012617
Fx27yxNVRe4jiXqdAM6XD73cW771DSFjbFSgSLKHWgcS,5000000000,5.000000000,1,1730091202,1730091202,0.012617
Fzoy1f9S7wjCFGh3KEG5jdFUL6mx36paayfz6ytV5Bqn,5000000000,5.000000000,1,1730130243,1730130243,0.012617
GDwuM8m1rvK5GHNCKtp4QcHaAjf3sLKRTrNinADhNJ2c,5000000000,5.000000000,1,1730129118,1730129118,0.012617
GkaydEa42t2Mw9L5qEyi7PBkbqnEDf6NcPvBuz7W8QXj,5000000000,5.000000000,1,1729893859,1729893859,0.012617
GmDyWpbntDxuCtAPsTwC5oND6YcfULBGpPE1VwiAEJbd,5000000000,5.000000000,1,1730056813,1730056813,0.012617
GpwmxMhRPZTFZNEGz9i2cUAsG2ZxN6sskfkThhqr5jVc,5000000000,5.000000000,1,1730130567,1730130567,0.012617
GQVw2W5zrrRM7eKqy5S5sKQnPd3vVkxtZRBr85v3ZYDa,5000000000,5.000000000,1,1729954806,1729954806,0.012617
GSV3UQjDFEsDAvaRW6ANcLxwoa3dZFXKqUFpPNZVdh7a,5000000000,5.000000000,1,1730087523,1730087523,0.012617
Gu8g48fDRhYbrSgcHdgq4aqrncEMCuMZdErS2gvmBRWZ,5000000000,5.000000000,1,1730045509,1730045509,0.012617
Gvi9LfcpeAuywGK7NGGruvTvGs1htaaBJWBjNLXn7z8w,5000000000,5.000000000,1,1729879646,1729879646,0.012617
GXwqax7xbX7TbHsfpXuK2VRdUVCg8NjyQJ7LsyxAfv2Z,5000000000,5.000000000,1,1729955463,1729955463,0.012617
H2pGZ6MbcSmLERRQMWfGBmVwrRnTYoAFAijNSEZdA6oT,5000000000,5.000000000,1,1730130847,1730130847,0.012617
Ha8tj6LJoFkhQuoMAEcrP1icsKcxnQLsJtAPQzH69RwF,5000000000,5.000000000,3,1729935802,1730079100,0.012617
HbyHWqzXyx7D9GRNvRuQXkfWWGGMb2mNKPrdWV7h975d,5000000000,5.000000000,1,1730129615,1730129615,0.012617
HDQxSKsEageazs7chBjkav8SPvYtmR33dt4M2eLcUF9T,5000000000,5.000000000,1,1730096952,1730096952,0.012617
HiNhzyNAFrdu1Gz6HAoVN4jV7uzPo2Fdhi5pkoCGyuWy,5000000000,5.000000000,2,1729968743,1730120840,0.012617
Hisdx48gaQiDubg5U4gRTJMKdXDPfzF3Ju8fnmQ3tHiQ,5000000000,5.000000000,1,1729872514,1729872514,0.012617
HpmuD5TGbeWLSRzLeM1oGwma5AokiEopGsvZTUp835WJ,5000000000,5.000000000,1,1730014942,1730014942,0.012617
HsJ2eccMgB9wSz57y8uCwsRv1xefzMQtXqDkuNPTXPJF,5000000000,5.000000000,1,1730045679,1730045679,0.012617
HxeKyJp9s8qW7X4J3gFvTzauG1BDtDUdPAVR3S39NKyR,5000000000,5.000000000,3,1729960996,1730044365,0.012617
iL2Zuvua2wB46HkZDhNrcfeYxt9ZxZA3SAnbagdxTqj,5000000000,5.000000000,1,1730061627,1730061627,0.012617
J5jwDFL3FETgUM6CtHkbyyutGXNEdtRtoMh4QrXfaqpo,5000000000,5.000000000,1,1730044948,1730044948,0.012617
JAbHGxjvNWcu31i9ALeDfxy6FJjNu7PNg6BBECNBqgy2,5000000000,5.000000000,1,1730131071,1730131071,0.012617
JB2CGDSY3yiWNs4N9VTqPzxA8raRnH45qeHgwzsBG6DF,5000000000,5.000000000,1,1730010743,1730010743,0.012617
MVcpi2pKknC92KDZTwTA3zQeSP93Wd6GChEq77PdfPr,5000000000,5.000000000,1,1730107545,1730107545,0.012617
nLF2RToxUD9jjpNMD7qEpAQWc6zuNp2FMxVNKkw9LmY,5000000000,5.000000000,1,1730121045,1730121045,0.012617
NWa8mBSe7bUtYk4gfcFU2c7Zu8VCe9qK893FomWLtJY,5000000000,5.000000000,1,1730097967,1730097967,0.012617
QPpu8qtEnNuVuMTZv6RFiffVJv8aLsaCYYBDMkgHgoP,5000000000,5.000000000,1,1730127175,1730127175,0.012617
wZuqafQuxSURs2UH6hrSMGpWRBjX8xTeoWHCoMpJ5x6,5000000000,5.000000000,1,1730055180,1730055180,0.012617
DPAErNQiWq1u3t7yx5rMzekeYph6V5cZdwBikS33THFK,4950000000,4.950000000,1,1730127211,1730127211,0.012491
6nGt5H16urLkwmByk8x3DA1eKLfDNzeon9AEs5BxxF9h,4850000000,4.850000000,2,1729906405,1729912818,0.012239
9Lcfr2vyVo4Hxw79fbfJikP2rVgb1omSQd8AbjuNmnii,4800000000,4.800000000,1,1730038166,1730038166,0.012112
CQ3wdVyUcJcZk27LLXzXjdwpingv3WnYJR5siLo8BVGA,4800000000,4.800000000,1,1730115785,1730115785,0.012112
CVJfLMWrdnva9jm8ARYwf6M7maDmucU5JEWuzqe3XHsB,4720000000,4.720000000,2,1730130825,1730130864,0.011911
4417eHwZWocCagchwyVYVHxHWH86UaZ2row1akXZxZxz,4655620000,4.655620000,2,1729895609,1729898238,0.011748
Dhh5GJKL7yxjv3Q42Rjci2Vtsh44kdxKhzK4qTf7BMax,4646699622,4.646699622,1,1730000344,1730000344,0.011726
5oxSw52WsZoQxyCboDHZKWquwiRJK1xu3HPXSXuJhNGL,4500000000,4.500000000,1,1729913419,1729913419,0.011355
BnofW8ncoLthFp4Xu3KFDoSRy5KNEcd8Ycvi9H97Vz6y,4500000000,4.500000000,2,1730044783,1730127855,0.011355
Bw7evFoikhPVh45x4Jep4123CebuTDeLcGutgZqvqe2X,4500000000,4.500000000,1,1730043509,1730043509,0.011355
F8epu9wPJQ9fLxYgd6FTFWrBfKYDbvtcJPU5tKiJqnW4,4500000000,4.500000000,2,1729925242,1729956683,0.011355
FSBsC3MVugjaHFHLDih9VWPCuBPtEz5bJ43jHhbgKDiZ,4500000000,4.500000000,1,1730112003,1730112003,0.011355
GKVEb5YzHD6dpqwn4ws1NxgJ8dHQnC6bVoxNG9wadyxq,4500000000,4.500000000,1,1730088470,1730088470,0.011355
HxRWuQPJrK5U1zNAXcqjvjdYY27MM316j5vDzzu4Xryb,4440000000,4.440000000,1,1730126867,1730126867,0.011204
63tHNk6F3reeNnj7542Lu9KwDJXUzwh9oPqUBrjRJSBn,4400000000,4.400000000,1,1729872487,1729872487,0.011103
GDgVp2GZz6MCMtNkPbZQafJrCCyAF5Yecmnw1kB4nQ6t,4400000000,4.400000000,3,1729875427,1730129619,0.011103
BdTBb9CtwifSncdXcrwENNS4yNC5wnF5X2kBwcgKj7si,4384200000,4.384200000,2,1730038696,1730122727,0.011063
FyWSUG4QPvnb2arMKnx3g8dyiot7wUQcyd7vxAP3oYRA,4355886434,4.355886434,1,1729897491,1729897491,0.010992
Ay9VufeE9Z15PropCmpdsPySFAYANLtCPFhpUNzYnh1w,4350000000,4.350000000,5,1729906321,1730038191,0.010977
4uUqNtRKnuif4f7Nwvj6VMGrqV5ZM2iKD1sC3d9navpo,4330000000,4.330000000,1,1729916531,1729916531,0.010926
FiUrNg6tr6HSQh6f3s83QZDnWaDAZVKCbekqe3W3vdEQ,4326535923,4.326535923,2,1730039707,1730130924,0.010918
5j3imhowjx9zMU1GeJysm3mMLXPXRq7CQ7ycpp2kC18e,4300000000,4.300000000,2,1729959613,1730043856,0.010851
5mB3wqikCCmfDqsf2QMQWadGJsJDkEaSasHUrh5375vB,4300000000,4.300000000,3,1729872992,1730025150,0.010851
sbCuT9b7WZ1KAbA8FsLV3wSufrjLn9rDVQtCV1TxF2M,4276353635,4.276353635,1,1730125662,1730125662,0.010791
G7xZXF4oFAFsixnEioHmjWTeTsQpzXa9PRWAKUgxtqSF,4273142000,4.273142000,1,1730130881,1730130881,0.010783
6YyTLfPBFCGdkhW8QBYa8za7AGKwAq4Lo1z3GovCmTAG,4200000000,4.200000000,1,1730014704,1730014704,0.010598
Afnh1jESq1XPmPMHGssahR7DNwgwAuCxSwcAfCRFotUq,4200000000,4.200000000,3,1729924113,1730099469,0.010598
EMfDa2Dv6UM8A26crGpzPHp5xnutVM6137nw4vttPRtP,4200000000,4.200000000,1,1730130104,1730130104,0.010598
EU19LXBzRihXLG8PYdrThyA2SVzMDHD2BAtkHqHxJnJL,4200000000,4.200000000,1,1730131199,1730131199,0.010598
GZjr4JQMJSbVYxjx3CfA8wAxmU5q7VUDgiT1EC388n6R,4180000001,4.180000001,2,1730128674,1741482218,0.010548
8ZWJH6diXCkdDJsNpmtE9KbLGxhx6K7WdE5rv5ukk6dH,4100000000,4.100000000,1,1730121296,1730121296,0.010346
HqXojkUtHRVa7g7QyFm52WqVNaJnc5qL2rjXDhqZs1iD,4010000000,4.010000000,2,1729889041,1730130486,0.010119
21ufUbcQkkmCbochKz59QQY2jBycBn4vDarBW1q13SkY,4000000000,4.000000000,1,1730053876,1730053876,0.010094
28G8DayuC5EFtrACkhrQ6sB3v8P8hDAb4EwmDjQZBXZQ,4000000000,4.000000000,1,1730126668,1730126668,0.010094
29BnD2X367yNNXTtChpyHbjNWXxoffBaiXGnQMaWMW9k,4000000000,4.000000000,1,1730128456,1730128456,0.010094
2EfpfXduy5rBHr6WYmagCKpYmxYifJ6Dkk7fjR1MueER,4000000000,4.000000000,2,1729871903,1730130139,0.010094
342hk2iBBR44NVhvXJUcjZkzvNTkVgh1xc9DzDAJZW6f,4000000000,4.000000000,2,1729905986,1729957641,0.010094
37zDHJXfQuSb6CksEzS9pT7daMdXg6AcoyTrhWot5pZ9,4000000000,4.000000000,1,1730129595,1730129595,0.010094
3pi2u7pJSsECxs1Sfbc9Spb7rMV8QmT3tZjwoPxYLqRJ,4000000000,4.000000000,1,1729878906,1729878906,0.010094
3UHsxAtHo5SaGa4PpxTDgqMax5LYNzV2MR9fW5YLmZWB,4000000000,4.000000000,1,1730081133,1730081133,0.010094
3xDPnvK9nZdUq6p8vkTaUuvZUx6ETq9hGZP8yqcfNh7H,4000000000,4.000000000,3,1730006621,1730064182,0.010094
41SsqkT9YJx1ZeExTbhSCCq7dUcbwujTuXa8KEQDMV6T,4000000000,4.000000000,1,1730131087,1730131087,0.010094
4nDYi4ZhJVqt9Mt8GNuXigR3RdnM7V9oYZFaqYfeR1Ff,4000000000,4.000000000,2,1729874518,1730119749,0.010094
4PwtL2M1Pstq7LYMr3ju5SoHC6FCH9qeqY7XFCARfqrw,4000000000,4.000000000,1,1730128069,1730128069,0.010094
5kHpuZDxZD4kqLCL7ydnJjDhswMsHEGiX8b72EAv9PKp,4000000000,4.000000000,1,1729893384,1729893384,0.010094
5kXVFmkzygjZCbAByraaQREuWvn6MbeqzQK2KuhQLcpd,4000000000,4.000000000,1,1729955940,1729955940,0.010094
6hrWsCY4TyXCs32qTdChVEHPZtL8Jvd58ChTRiK3CVSZ,4000000000,4.000000000,2,1730131072,1730131351,0.010094
6MxvssU6RxLXPcR5TV8deDXySnx2dUmAZKHfqQz4L97o,4000000000,4.000000000,1,1729873331,1729873331,0.010094
776pUBYNf77ByWU2uiB5bQGhymJkSyivV7iaPaHeH9XE,4000000000,4.000000000,1,1729887247,1729887247,0.010094
7qqYDEmRVzfxZ8obXnJm8YKau2SfFhJkPJLfL9h44RJ4,4000000000,4.000000000,1,1730125156,1730125156,0.010094
8MAMtzg6Pfh4d6XRA5FzJ1djSTymobMS4KV9pp327BrX,4000000000,4.000000000,1,1730130891,1730130891,0.010094
8XcpFsjhY919VBU6Kg74Js374n5YWr9A5rzBzB1JMNDg,4000000000,4.000000000,1,1730129567,1730129567,0.010094
9EA9FhCRChHL5s5UrSRZHYopzPfUjR7qcTDvSdM9LJkJ,4000000000,4.000000000,1,1729876905,1729876905,0.010094
9mRn9Zp1WhmV1hEJZFiPkjC4wp5neX1uuiYc5KxoNF72,4000000000,4.000000000,3,1729874869,1730128702,0.010094
9NSE9RJDSNTvAi1BNja1ZcPD9E9vnN7ihJeELUVnwcj,4000000000,4.000000000,1,1730127423,1730127423,0.010094
9rmxbnamP7zGfWFqiswxAwK6MTvfJL4mnJ1A1YHPCjF6,4000000000,4.000000000,1,1729984396,1729984396,0.010094
A24iXWBHjfQQCLEWZFQfBXGs1nZCz94sJmAVnB7eVVXY,4000000000,4.000000000,1,1730126659,1730126659,0.010094
Ae5A8svuECX3S3pWbPGWghcuyYoaDMfu75eotMBsEeVF,4000000000,4.000000000,1,1730125904,1730125904,0.010094
AMoHuWzTigwMWK5EK9jcTe5WTKUjAaE7BNZuupA21bk8,4000000000,4.000000000,1,1730049266,1730049266,0.010094
AMUEUC1MjU13dEVU54saqgP1raL82iR2Vj3XsEJmKiJT,4000000000,4.000000000,1,1730129376,1730129376,0.010094
AU8uKT2uLNYwzoJdZ34HsHb277S7W62c94KUJPqhy979,4000000000,4.000000000,1,1730131049,1730131049,0.010094
B6oRFVPwMMYaFikPi2FbPcwcUpQgtwRJwMzJHy1Tcn5D,4000000000,4.000000000,1,1730129138,1730129138,0.010094
B6T8Co2bwCFX6M1gJaxpeCH6NHp7Yvcc1ytUp5NSJd5b,4000000000,4.000000000,1,1730069064,1730069064,0.010094
b9ZVFct8UVEEsS4qe7zVc1oafPw33PiaTqwNshyKQ52,4000000000,4.000000000,1,1730098659,1730098659,0.010094
BiDy1fLVbwVC83VMBKLktv7DeBpGsFhAkq936EbP21td,4000000000,4.000000000,1,1730086884,1730086884,0.010094
BoRisNikzdwmB4NbRGzqgdcoZzRueGAxBab7vJbEhPuU,4000000000,4.000000000,1,1729984485,1729984485,0.010094
CDnmYRQGytmGNW1127LtPfJznDo4kkVBhbB9P3HQiKF4,4000000000,4.000000000,1,1729947353,1729947353,0.010094
CpXMT77j2GTejVdeiWxDqX9NL6Ssik7Kn1829R1FB53m,4000000000,4.000000000,2,1730128294,1730129379,0.010094
DDSU5pjca1RxowVjSpXzDvhkfKz6unvfLfhKv93GCgZY,4000000000,4.000000000,1,1730044624,1730044624,0.010094
DHVhppeXkjz8bUupgPNd644UWmQ6LCg2WxWKcyVNVwHU,4000000000,4.000000000,4,1729949221,1730131140,0.010094
DKbqCfV221vM7Rxv5RyYmZsv6C3nQiVWmC7RYpGwoGex,4000000000,4.000000000,1,1730050299,1730050299,0.010094
Dn9BNfKVZpYS5mzUewSWmDh12EbSx3zdNP3obu285aAT,4000000000,4.000000000,1,1729965372,1729965372,0.010094
Dr3HN1zPaHq6wLD1P345nJhEUUj4rgPCgQME76tHRZ7f,4000000000,4.000000000,1,1730042809,1730042809,0.010094
DuAhc6BCjqcuRrRNnmBTPYJ7YbpWgVuLNXo3URzLoY5p,4000000000,4.000000000,1,1729955745,1729955745,0.010094
E5bQh1S14DBoik6nU5cnLHbeCR9rnJycUbzr3NNMRTTD,4000000000,4.000000000,1,1730130218,1730130218,0.010094
Ea8b9gbNYPqm6Sxqjjif4nNTwfKPVsq1GViZ7ZPd7mpy,4000000000,4.000000000,1,1730094908,1730094908,0.010094
FiF3cVxAch7dBh4GVhgKE9jTgedfTWg59jutVFz1rk7E,4000000000,4.000000000,1,1730037642,1730037642,0.010094
Fn2ZuBA1NSJAFzNGLBhSFxuyfSWFQakF5N2K5deufob2,4000000000,4.000000000,1,1729933663,1729933663,0.010094
Fp1vHZL4dF8jrrnopsu2DYxqdKbEd4QF1keh7pXC7Jm9,4000000000,4.000000000,2,1730110030,1730112330,0.010094
FptGqKCT5ie6TyFGJAgcHEi38K7QKmuBEL2qCF7rkaME,4000000000,4.000000000,1,1730033862,1730033862,0.010094
FW3atp1GZfN7Yiw7gyTza91j1DvmQteBnXrEuYQMM9Vc,4000000000,4.000000000,1,1730128985,1730128985,0.010094
FWBNDDjHwQE6fu4o2e1CDbnbxBpsFXXARNL6aHCHeJhq,4000000000,4.000000000,2,1729960257,1730083318,0.010094
G2wbkK7mUpo4UrwpCvmZSyTAYpUahN1FuzSqXHpMje5g,4000000000,4.000000000,1,1730053283,1730053283,0.010094
G4c9pVUmZiRerrkNpPDa623wVekJ4UVRU7DT9imuBU9v,4000000000,4.000000000,1,1729881610,1729881610,0.010094
Gm429y7JJpNFnhaAJMfRG7su3KqimPxd5y1TDeQ1MmJV,4000000000,4.000000000,2,1729872874,1729874466,0.010094
GVjZW9LQDvXt9cYm729RkhJ2hMSxdXy2HvCz7qRPUBis,4000000000,4.000000000,1,1730089915,1730089915,0.010094
J3LNwqMscnUffL2WjjWZZEb5W2A16dxxWEFvy6KnmPVs,4000000000,4.000000000,1,1730085830,1730085830,0.010094
J3PvXxWvxnhe3qdGUhuG4ZYA5veRU5gggFXPkhCW1CBC,4000000000,4.000000000,2,1729873540,1730066864,0.010094
tCL1m9wSTwN3LUWfm5CAryYHEjnw3oq6aiL2BVmRCQc,4000000000,4.000000000,3,1729876169,1730114258,0.010094
Tj97QcQzSD44Ve8UYyX2N4JdDb4E8Frb9RWWqBY4GC8,4000000000,4.000000000,1,1730126261,1730126261,0.010094
2Tey7WGr5MpV6XAKKpz8sc6VFSrrecwqC1FwJd68GH1n,3999985000,3.999985000,1,1730037325,1730037325,0.010094
9yKWhbUmqCUaa9Z8phhRcGHt2x4oPLW2bbWSU7ybVjT9,3979985000,3.979985000,2,1730059754,1730059777,0.010043
4372pBqyKhkLSnWRo5rVWhz82VtJQgqaz7hivaAwzQeB,3909970000,3.909970000,1,1730110284,1730110284,0.009867
CQGQxShHdC4S3bz2FLznHvcoU7gQ7Fx1ppvUVpsSDKHT,3750000000,3.750000000,2,1729993133,1730129749,0.009463
4wnToFbedjygAZina4ffHPuxDihVGM3c7awCDFJ7e8j2,3700000000,3.700000000,1,1730121486,1730121486,0.009337
9R66BtrGASzENxoQp31ccVaQdd7XjaX8s8nLL5yiiFHk,3700000000,3.700000000,3,1729880742,1730124799,0.009337
2VHFwPPnNWfj8ZobhUQqcaoyyCHa6VfgNkbgufDDgs33,3650000000,3.650000000,1,1730036973,1730036973,0.009211
ErouHBo9qf94eaSeXsR22ZV7Np3a3GgGrTQK3ys87uur,3650000000,3.650000000,2,1730004361,1730104162,0.009211
7pe767N5T15L1sNr6TJ9GThpZQCMfjoUrbk1d1RV6akM,3620000000,3.620000000,4,1729898124,1730130737,0.009135
5Zr5yjWsqSFmFs4msiC9KedQMSQN9kV8b4BYkaPgW7UK,3600000000,3.600000000,1,1729878933,1729878933,0.009084
9t2BwriUPun4UdAwgHKfiNXqFjy8TW3E2FZdkdTSBM5x,3600000000,3.600000000,2,1730043741,1730066525,0.009084
3JhWKt7MwmDK9kfxsVpKnVgyKwTCe1gd4ijZsMEhY6ow,3578820789,3.578820789,3,1729871869,1729928928,0.009031
7GGyqtvHPfknUkzUThw5WWyTWth1E6YvsVrxF2WkoYt2,3548894598,3.548894598,4,1729936662,1730131200,0.008955
6XLWQHTC9tgb8h6TT9Mv6zwDvTGoMhtHpfP6Unve8dLY,3540000000,3.540000000,1,1730119315,1730119315,0.008933
H7ZFp29eEjZMUPw5nAQyPFkQhtxnyuxRoRqfdfQNQZdW,3538778494,3.538778494,1,1730065378,1730065378,0.008930
EPdJsERaYAJmM6sRvV9ywhauJdDZNafZCiHXXqbH1Lrd,3529519649,3.529519649,1,1729980409,1729980409,0.008907
JAeZoX6G9PDUGk7roZPSbJaE4jzFkwJapMYK85Fjwr4j,3500777000,3.500777000,1,1730125720,1730125720,0.008834
2C3f1j7s3HNqzrXtSYVEuDebBZpZacM38NB5sPku2BGX,3500000000,3.500000000,2,1730061015,1730097171,0.008832
2u2J26MGBbgorStvqf74vpzN25aiRCcKxBG3ArTM9gaN,3500000000,3.500000000,1,1729874363,1729874363,0.008832
32VUDFnLxr7UMpJKP3MSxFifch2Ti595ZT1FrWrYctZ1,3500000000,3.500000000,1,1730130573,1730130573,0.008832
4ThhZ3WUimu7E2ocZGNFJ3aSwn14qXW79uyD3kz9GmMp,3500000000,3.500000000,3,1730036423,1730110515,0.008832
595Li35b2wpj4i1yK4JCfWTc2kDyf4gjPPe82pYiBgTY,3500000000,3.500000000,1,1730131096,1730131096,0.008832
8KHe9uSsTDRLhQtS4ryvuuHanGZC3yfM3erZ8QN4kfvu,3500000000,3.500000000,1,1729887672,1729887672,0.008832
9d88xeWBYqVvZmp9LQu5oG4JTJVtz46ATYT6YnSjDKb6,3500000000,3.500000000,1,1730038548,1730038548,0.008832
CGYcrbnFmNNBXFWKPYvFN374CQhZs2uGDSGNFLhnKfdC,3500000000,3.500000000,2,1729872241,1729966682,0.008832
D22d15mbJcH5BLqsmhDWgm45p5GiXySfVVUGJjhM97wN,3500000000,3.500000000,2,1729874095,1729875704,0.008832
D4vfq1UoVheusoCSriKJp4h1N7PGxF5wcscnRxxLnYCY,3500000000,3.500000000,1,1730108003,1730108003,0.008832
DJPtgsxU7TfaaDMG5RigmJ9j4BYrXNoJpJD8ocDSAP6V,3500000000,3.500000000,1,1729873219,1729873219,0.008832
EUWTwue3ry9ukrbxrMpcXVJD9822Kf1RXwMyPf9yDChS,3500000000,3.500000000,1,1729959545,1729959545,0.008832
F2mn7Fc2LZeKShYjyfdC2QYwCQgCxzdEat9pxH4ySMwC,3500000000,3.500000000,1,1729882621,1729882621,0.008832
FfyNT8MRyBv57fauXzMfu7bmThUq7RJkMbXTGmrMvdCd,3500000000,3.500000000,1,1730044608,1730044608,0.008832
FVHfVoow8AK6Po5P64e8oTEJPpThEw7mRb8hRdVSU4Qz,3500000000,3.500000000,2,1729969132,1730041788,0.008832
GvnyFPkANMD8J7Db3cpwn37iSzvRBnBCS47stDhQuGFZ,3500000000,3.500000000,1,1729874401,1729874401,0.008832
Gx297vrAtUS6SVWdjww2Bq1EFrKhrirNKFKBUqAqKoE8,3500000000,3.500000000,1,1729887599,1729887599,0.008832
hwJcAJBsdKsMUaLKKBR8PmJRhrbfbTG3PHo8Y6asVeC,3500000000,3.500000000,1,1729976087,1729976087,0.008832
ud2Zv5zq87UWCaD3fwiTaQkQkcS9xewc8LYiuL1jFgE,3500000000,3.500000000,1,1729912113,1729912113,0.008832
7BCZZzXDMVHeyfZaFh1mzVaWpk3NBSmPbk4inhPuhRD1,3480000000,3.480000000,1,1730129304,1730129304,0.008782
4PeWxiVmTyxBm52XUw7ckLUBmrvnntUw15rprLTKqJkp,3420000000,3.420000000,1,1730126683,1730126683,0.008630
2JVeJzbaE1EeoQsoURu6v689yzrzJ2FZuZ64c21AVBKo,3406000000,3.406000000,2,1730112745,1730126874,0.008595
Cs3evSW7KvSK73mb56TNARHRiDPeyQD7rvVGe1MKyYkh,3350000000,3.350000000,2,1730121882,1730127436,0.008454
3brBreu5Ya2RAPw3T3DM6ymGHkKhGQJgFnTWDyyZ55F7,3330000000,3.330000000,1,1730084129,1730084129,0.008403
4ZNFKu3VhFjJZvRUTywe4sQQuapFNkVw9EHxUxqGyWmi,3330000000,3.330000000,1,1730127832,1730127832,0.008403
5RAeb3q9mCpTY2acYJwabjiABPKFkWj6vsrXe3SqRDnh,3300000000,3.300000000,1,1729889738,1729889738,0.008327
5UbpPd4CZxuR9hqEZVAQFuUANvg11Hkjir6Jh268vyKZ,3300000000,3.300000000,1,1729878282,1729878282,0.008327
BgJUVSqdiu6KFPid5unaQAm38VZUvyyU5yToNKpbFLAr,3300000000,3.300000000,1,1729930939,1729930939,0.008327
3qTPaT7K8x57wqQroAiiXf193M42wh7HNk4nYX4fJMC3,3290000000,3.290000000,1,1730126763,1730126763,0.008302
AnsL1fhXZCcTNqtS8ywC5CP9DFHLXkfzTkBfnUrobE9Z,3250000000,3.250000000,4,1729911134,1730126216,0.008201
CDmaE4pHRnWvZetkZas5Grek4jSVufxEbs7tppfNR42W,3250000000,3.250000000,1,1730109505,1730109505,0.008201
4rfXLKuy3R775eTZzc2yn7ZRcuv9WvBfUEqXKeU3SjCc,3235675938,3.235675938,1,1729893262,1729893262,0.008165
4yoMi9jAuzm9vpoYvWqSbRbAZfz6XUVhVPc82RqqsieB,3200000000,3.200000000,1,1729893666,1729893666,0.008075
5zny9T7Q5vEVvfUTnWo5smE1wV7wRjvEd62G5AncuTYT,3200000000,3.200000000,1,1729889089,1729889089,0.008075
BQZQ2PP2bcRfCGgCZQFp9qZpKgMg5K1RKg5kCQB54tw1,3200000000,3.200000000,1,1729935372,1729935372,0.008075
cbimJ2teqxsbZNMi5JTan5GPrGAjEArPwndTW8jDU3x,3200000000,3.200000000,1,1730101121,1730101121,0.008075
DZhiknys1Lp6wE83axLLiX9vX3epKWZd245EmGax2mYt,3170000000,3.170000000,2,1730040647,1730041041,0.007999
FPhxnDBt1Vxr7tqohQ461BwYpBjoYSCFkXsHHrpgF4Lz,3150000000,3.150000000,2,1730041052,1730068583,0.007949
6K9yhthUBFg2BL9VEKR5bb1Z9gsGzTJFD8Fi7CJFKnFg,3100000000,3.100000000,1,1730113577,1730113577,0.007823
HprXz1oStS1A6CgwNpbp2mjAKi39YMTBYMug8Nz13xwX,3100000000,3.100000000,2,1730130982,1730131248,0.007823
CZfo3mdUKCVPXoXD9YWPT35r5AKMd9BhUGrAwHTrLoeF,3069000000,3.069000000,1,1729873981,1729873981,0.007744
EfxnWyWHv4Nv2hSVH79Et25zVEqogeuzD47KpPNtuSex,3051173261,3.051173261,1,1729877436,1729877436,0.007699
2SUe3xaneZ1Bkhr4HmcJjWRponkKp1Br8KWE6ubKvyaZ,3037253841,3.037253841,1,1729908598,1729908598,0.007664
5zoFt8NQQe5bDAfbPGMK3cRvucprxuxwXJ4aN5ac5Co1,3033251302,3.033251302,1,1730127798,1730127798,0.007654
3SB3E158VPwkRNpgob7FTU5XrbHJiRFGizTWNBCJbmpx,3030000000,3.030000000,3,1729936793,1729937082,0.007646
E91JE7kvhGKXQTurDYtNQPF5cW4RLGgjv6ToMbKNB5RT,3019861056,3.019861056,2,1730092551,1730092572,0.007620
GtE5y3NkUpVeh7wP36v2PFi25sURk9KHUysyNWGvUC6G,3001000000,3.001000000,1,1730129405,1730129405,0.007573
2b5th7ByT3JUn64feo3smDtx9TuDYdD51hRFPLh5uJ3Z,3000000000,3.000000000,1,1730085660,1730085660,0.007570
2D2ss1a3h3SXnguGwaVSmG7hjCMkJ79LKH5Br2j4DmNM,3000000000,3.000000000,2,1730125303,1730126640,0.007570
2G4Q6cB8ujWrznY5T9aCJL9GpQxbN9uAJ6w6CKdtGhGV,3000000000,3.000000000,3,1729873317,1729977728,0.007570
2hjRikpoVUu7KsWVPo1Tc5LezgK4eS5aukkAktBfqM8o,3000000000,3.000000000,1,1730090892,1730090892,0.007570
2oZU9DWggS4Pfum3M5NSP9JRzzouMqUzAc8sBAkWzHGm,3000000000,3.000000000,1,1730109596,1730109596,0.007570
2pZBnkmu8nmSszQqqrUXw2WkM3Gk4kV8JzsX6Nz6cVor,3000000000,3.000000000,1,1730123477,1730123477,0.007570
2QDBvB1cygyhREKsq4z68EeWZoVJwNYGUaUksechQCFP,3000000000,3.000000000,1,1729890566,1729890566,0.007570
2qqhG61cWyVCKwpEPFibWBZwniedPQvnVbSLzMf6awff,3000000000,3.000000000,1,1729958819,1729958819,0.007570
2ygDhwpwcGVm4nZGXfWUpFpxQgVLxBPvjyc1VsqPDXX7,3000000000,3.000000000,1,1730130572,1730130572,0.007570
3EUuubBx4qzZdWNZufPNJ9AXrgEZ46qFo8WCzMbnmLML,3000000000,3.000000000,1,1730138896,1730138896,0.007570
3fAb2sjM9ZF86zJqQp6jsSEGsUyhTh1J4UoQNUqW43GC,3000000000,3.000000000,2,1730109054,1730118071,0.007570
3j5b5akfyJkY9aVHo3UMNWQn9QaZadHbpZMjzQqyaSos,3000000000,3.000000000,1,1729906374,1729906374,0.007570
3KBDRTpqVHNhx76i7Q7aR4csMdoLCmCvADMVEAyVr1H7,3000000000,3.000000000,2,1729871577,1729871676,0.007570
3LdfkszHzfvMmD7Q7xbDsPXcAR3wAFDxfnKnhYS4XeKh,3000000000,3.000000000,1,1730052752,1730052752,0.007570
3p7BXetYUF5G4RbBaQbvmvhvcPKDwmtXi3sKX1vPVnDp,3000000000,3.000000000,1,1730131321,1730131321,0.007570
3VePiskJMu33fKTbVSccHYzZrTeXkmaqEKUeHhvN66zm,3000000000,3.000000000,1,1729874819,1729874819,0.007570
4Aa5YAp8U1ER1wD8WnMsvM1L9EQiMF3vWkwGTD14m8g7,3000000000,3.000000000,1,1730126990,1730126990,0.007570
4aBKLUjVhp5cHhZjy468TvQPeLuiE3d97orm8Aq8zUFC,3000000000,3.000000000,1,1730064615,1730064615,0.007570
4Hhn3CdwNGqxGU6bFLEdqrqSQamdVLA7SBd3vju9WoKX,3000000000,3.000000000,1,1730063779,1730063779,0.007570
4hw4B6bbcMXTaYWd6ZYY1PiytrwGqL4Cm5as9AEqWaFp,3000000000,3.000000000,1,1730127645,1730127645,0.007570
4JPSVNRDKfBHARZ1cQpq5cyx6TgzLqPnzxfs4JbQQ37X,3000000000,3.000000000,1,1730116369,1730116369,0.007570
4SYr19Sx29peeEFrgD54UmBuZBjcdQP9TJUE6Zmg6N4A,3000000000,3.000000000,1,1729883519,1729883519,0.007570
4tBrpcPPFLUap7qLcwJtkDyPAnruPwVPRr2ubAyej5tP,3000000000,3.000000000,1,1730078522,1730078522,0.007570
4tJsxLXJbXFeCNuNRn8PJyA3HEz7NGPKHgTCde85J579,3000000000,3.000000000,1,1730131253,1730131253,0.007570
4Trkg1jG243t9V92zoJYtWYX6oZcEpcifgz1QAAvCTnd,3000000000,3.000000000,1,1730095699,1730095699,0.007570
58fFuzFmTkeBiyaz15MJV7bCH6Ug4LzoJYLDuJvRVuuj,3000000000,3.000000000,1,1730128430,1730128430,0.007570
5fGk4fEvrvxQxzYTX1zDKkLdp6JKscAy41UQBRivDiCd,3000000000,3.000000000,1,1730058704,1730058704,0.007570
5i8RKSzQEnfc5jJQC3MzCpGj4d6VQv95HSaYHDqqcYkF,3000000000,3.000000000,1,1729962703,1729962703,0.007570
5Locu9zra3fuysFt3MVow4dqX66bESchinWiT8Sksdbp,3000000000,3.000000000,1,1730048067,1730048067,0.007570
5msNYrJebJ8CxWhkoFmQqM3ggiU8B87Bz32t1RN7W8VC,3000000000,3.000000000,2,1729873533,1730128795,0.007570
5uGRK83gfDYcgRxqmyT4HdUFxUbhyX5NGNauVop4DBUc,3000000000,3.000000000,1,1729917882,1729917882,0.007570
62igLQQyfPkGJLyq7WT7hgdJHeVn2881u8AwwmyxYVb3,3000000000,3.000000000,1,1730130243,1730130243,0.007570
63jgL6o2Dc3WAJuzA9sjLrkUomFSzY151whpQiiiWjdC,3000000000,3.000000000,2,1729956157,1730128290,0.007570
6sHPndv6XLhCwjPW5kbejwAaeWAWi9DhCWfvGvmWUUzu,3000000000,3.000000000,1,1730080362,1730080362,0.007570
6uN557Nma3jKHTbWC164AE1bUxJitzfxqrPsjD9MLnzY,3000000000,3.000000000,1,1730098081,1730098081,0.007570
6UQ9XNSm7hpJUhbv6bmbD21yzH1eYUHehDN5vF3c4TpH,3000000000,3.000000000,1,1729984959,1729984959,0.007570
6ZtG9Ky3iti3UawrMeedWjAibaRPQFyXYq3rJbWJtLTp,3000000000,3.000000000,1,1729905428,1729905428,0.007570
71xoSBwtgZgjjfKgxS8rDcpUNJ4ski7rBcuxCec86tME,3000000000,3.000000000,1,1729910757,1729910757,0.007570
75Z2zrV98osrgVxB7Zh5rLqQadNbuoRGnrGZihRvRWH9,3000000000,3.000000000,1,1729934587,1729934587,0.007570
77jz97CBmxjHQ3omEmyMYJYREFvT21D3v3ZPHq2qz4Z2,3000000000,3.000000000,1,1730089975,1730089975,0.007570
7A2kpxqD7dBGLg2krvDCSQBRTXoQ7RQgoj4DHWhinLaV,3000000000,3.000000000,1,1730130984,1730130984,0.007570
7CYDtKY7xXiGZHQJqhxfSHL1po36H8B4VfYUCH7dm4mi,3000000000,3.000000000,1,1730055325,1730055325,0.007570
7do4bmqcBy1c2miNXVrm7kNZtXGnw7pqVat4cF134FiT,3000000000,3.000000000,1,1729887776,1729887776,0.007570
7DxbnQsAa5hYx9fncDe5BEaxsjXtcwCHMPHpx3r8LGiX,3000000000,3.000000000,1,1730082643,1730082643,0.007570
7mZnTtCxJoqDMCEXvtYEQHqst9ACcFAW6qdTbTjFun9i,3000000000,3.000000000,1,1729873329,1729873329,0.007570
7pUH8m2zSFYeFSkGWoscnZs5uP12LMDJNmKjVk7P7Q5y,3000000000,3.000000000,1,1730130986,1730130986,0.007570
7q5MMevj5djHbiXhfgWXG1oNE7DjBTJxkdJWGRHu8U8d,3000000000,3.000000000,1,1729878624,1729878624,0.007570
7QTsn5koR6DoALfUsgoF8M64fmeeWqJoh7Rkj41qD3Wd,3000000000,3.000000000,1,1730049556,1730049556,0.007570
7VUDfDkDpmtCb7F5ub781YYUUmGRvXS2KqtuLQnxB3nh,3000000000,3.000000000,2,1730130469,1730131153,0.007570
7yBT32Z4Z5fPvxpPh6wW8C1SEpsptSiqo317CmrdFSYu,3000000000,3.000000000,1,1730126253,1730126253,0.007570
7yGuG6Hp7CYP9Gf9MuqJPM4VPeQeoZnbCM8sCHUeTUjL,3000000000,3.000000000,1,1730121777,1730121777,0.007570
81fwxXkFTA5juRxTJzhabekx8FjWsT9XiPAedLELSVPx,3000000000,3.000000000,1,1729962027,1729962027,0.007570
84DeeFwpqBxK5G9wVgGtLAX7F6BvVpXese9F3fufiCC3,3000000000,3.000000000,2,1729874961,1730125601,0.007570
89pqEgbDuDAdzzZG8igtWwhDbswgS5ZqzW1TmvwPpGgv,3000000000,3.000000000,1,1730126754,1730126754,0.007570
8AHfXZTDfW4ehmMRDP6jJ9Mm7s6GnnU5VCZmm8mgL737,3000000000,3.000000000,1,1729903682,1729903682,0.007570
8B3dKUZqYsfhs8Cvm4oSweQU6Ksfn5UDUmnHhnEG4gtm,3000000000,3.000000000,1,1730041147,1730041147,0.007570
8Bcagz4nrPv3j6iNzPfGL3vvGWRpACgyx3FXv137ZBeE,3000000000,3.000000000,1,1729930714,1729930714,0.007570
8c6RvBgdqvXRjLPGE4GJHkjqeAzi7PWiEkrq5EGRMmsT,3000000000,3.000000000,1,1730064450,1730064450,0.007570
8gtmbyp4636FbCkBuy3NKrTeFfmSVpFx4oCyD8xhxhLN,3000000000,3.000000000,1,1729978004,1729978004,0.007570
8nLCkeiKAAUVohW28VrgsVoE2ySr74dVD44j9amqntP9,3000000000,3.000000000,1,1730122035,1730122035,0.007570
8TPxBXKGxKbLovsD5TRP2pe8CvHY3E3fjHRhsU2w6Rqp,3000000000,3.000000000,1,1730131036,1730131036,0.007570
8WPNimDtfjZvYZ3eu3pfVMeCSvfTSWKDX5hNS3e38gbv,3000000000,3.000000000,1,1730066877,1730066877,0.007570
8WrXKN6g9AEjzejNefNZYxh5vQZYWb8vQpmDYNURq6QF,3000000000,3.000000000,1,1729886118,1729886118,0.007570
96bdwZ1DVoHkMFBumRio6MRGJRoPt58PU3ykNSU52iz9,3000000000,3.000000000,1,1729875058,1729875058,0.007570
98ZzzKxcG1efm9njpKmpEP5gDpk2JwWwoTJinVsFkdN6,3000000000,3.000000000,1,1729993033,1729993033,0.007570
9bxCgw8VSU2n6ETpxg8qFGzou7HmiHMqSe2wwW4CEbB5,3000000000,3.000000000,1,1729983929,1729983929,0.007570
9Dwm8APTRp3HU9bLa1YgeA2h8VxA55YGhHuSyX7fVaZa,3000000000,3.000000000,1,1729911194,1729911194,0.007570
9iWo59M35tXRkQynFsyYcwHbvEvvBRSRhyX3jD13VcAi,3000000000,3.000000000,1,1730051896,1730051896,0.007570
9KDyzFNZS8sA1SD64hSdEMynZQwgjKCGnwetocrZrCUu,3000000000,3.000000000,1,1730131072,1730131072,0.007570
9kwMd45ii2NtkzfNxvB6kNUntaJ1tWZCXpCL6GAfpsT2,3000000000,3.000000000,1,1730126301,1730126301,0.007570
9ohAAoG9FC16fTsc6yHM9DZeE7eGQtbzG6QDBv7FD4pW,3000000000,3.000000000,1,1730106984,1730106984,0.007570
9pcRKA6o631KzuPxifd91ngiEjGvnU46Hx6mZBgYjPdk,3000000000,3.000000000,1,1730088974,1730088974,0.007570
9YkerBSENPBcbYNdxzLnLgk4hdQbE6TT2y5asiK7gQk5,3000000000,3.000000000,1,1729927476,1729927476,0.007570
A9v4HHR91YrYacBCMvJ3oK2ALkroMVnoxdeARzBnzxy5,3000000000,3.000000000,5,1729875588,1730130764,0.007570
AAHVQwaQRMf61K3rJxHFPnJVSZbYbJtzXLHzbcGyXhx3,3000000000,3.000000000,1,1730096555,1730096555,0.007570
AB2iAiEQGMnokG7K1ZDMBQveQBx6sXNc9KC7orGyKewz,3000000000,3.000000000,1,1730004881,1730004881,0.007570
AbBmiQFpgNRx2kyp4GKVo1KzaaLbGesN82FsMea5xbUY,3000000000,3.000000000,1,1730126312,1730126312,0.007570
aecReEkXVqwaoRYyz2Kb3L4xwiUeLWkr3u6Qa1smyJV,3000000000,3.000000000,1,1730131118,1730131118,0.007570
Ak5odfUuxu5R1aXtaQz5n84QjnhPVD5NVziJkVExmegq,3000000000,3.000000000,1,1730038113,1730038113,0.007570
Aoh33wH7iYZ3kLmqqSSVKhSHnVDGWPgD3cA2xXXvdKTS,3000000000,3.000000000,1,1730128940,1730128940,0.007570
ArYZfr1WE2BE4PzD89jwctqzf4eRZytYvEz44gQbN85m,3000000000,3.000000000,1,1730131406,1730131406,0.007570
AxMQjJEa6RHcQicKpQzDfv6pQmUvVeuYqN4766KUiRHu,3000000000,3.000000000,2,1729895249,1729992519,0.007570
AYVNqDm69EipDTkasXWqghaHPfGCQtKMyG7Sigtq1kCW,3000000000,3.000000000,1,1730128299,1730128299,0.007570
AzcVphb9y3DBqWS4NvJfs9Zusftm9Y5U9f96yfkubQZ,3000000000,3.000000000,1,1730063623,1730063623,0.007570
bcxfMb11hMuDaakJ9KMyTWe4Z5VfMv6AHexk8iH5jNf,3000000000,3.000000000,1,1730131235,1730131235,0.007570
Bgk7eiw39XDwPFjwvB22Yy6zwz28Qiwm3SDB3RDqgr8y,3000000000,3.000000000,1,1729871540,1729871540,0.007570
BJTMxj9yDYntaAdBJVHWHZynUhwkqRx8KhxXe986K9PV,3000000000,3.000000000,1,1730037480,1730037480,0.007570
BnwLGegkjPKgBEvdFg8MnZ9nKE2qRXwS29N2Fg3c6hZn,3000000000,3.000000000,2,1730114159,1730130588,0.007570
BPHMyZB4seXQjGywSaXotEUd5jfsgH361CrqqnWa56KM,3000000000,3.000000000,1,1730128373,1730128373,0.007570
BtBdamB3EU9ztu7pbwgXbUJGuAqcU9a1mGbBB1vzyM4X,3000000000,3.000000000,1,1730043847,1730043847,0.007570
BzeCXghcCoiFwh4AdayUeS5z5qUDVo8w8ZqM2MDicwbP,3000000000,3.000000000,1,1729873401,1729873401,0.007570
C73dRSdunVsAnZSUmq58NLKPmHi34VeThEYHbn1FaKBc,3000000000,3.000000000,1,1730080475,1730080475,0.007570
CGkHS4ZPP3xc2zAGvxu1bg1Dtnxb76s38DuBSSvY8kMU,3000000000,3.000000000,1,1730131266,1730131266,0.007570
Ckm4fuNtq2jVqLsnKzp9XA6NFUNXQCFzXDfrWycfCnDF,3000000000,3.000000000,1,1730095715,1730095715,0.007570
CkwktnUt9zb89YeWGAtn6gxN89KADGwaCXcaXHZZRj2C,3000000000,3.000000000,1,1730130741,1730130741,0.007570
CMFBTfQ3xG27CgWd3QPm6BL5zZp9uJ9xSXNEAFzrmAz3,3000000000,3.000000000,1,1729872750,1729872750,0.007570
CoR1gSCxFnmQBLrLSsrHsVDXmrYHpkeuwmkyBgfMuYFT,3000000000,3.000000000,2,1729946026,1730036859,0.007570
CvWCLxJ4qVEy6qXya9EZnZWZjAgnRWWFQF6iFcJxVPPZ,3000000000,3.000000000,1,1730123027,1730123027,0.007570
CZcgALeJW5Xbuj98GhpnydS3iCDTzneqQKb4HQMWCXEq,3000000000,3.000000000,2,1730014168,1730084498,0.007570
D6F7rGccA9in39P4DTcKabEo85JyRZD1kBoj3dVD7QEr,3000000000,3.000000000,1,1730094416,1730094416,0.007570
D9NQvY88chAQZAbKkTn146SS7ynmhGvwuPtWfMAkQhaK,3000000000,3.000000000,1,1730042277,1730042277,0.007570
DBpM1VfDMts4PPQT4mmNQV1L6i8p35s98sx3yBG8m45F,3000000000,3.000000000,1,1730131128,1730131128,0.007570
DkaHKj4QAqydRNSJKJsatWng9PAwoXTre4ghptQNQM7S,3000000000,3.000000000,1,1730126476,1730126476,0.007570
Dp78UQ16UAAM1YL9gFPQqWkn2wGq98wRjUjdEDzWibL6,3000000000,3.000000000,2,1730122814,1730131152,0.007570
DTMrWH1aE5BDPkHpvb3sQRzZw2ffjZy62qot8y8VHqEn,3000000000,3.000000000,1,1730108137,1730108137,0.007570
DUw4noN46wHpcm8QhQDWG6kUGNLfGYELMccGAd4A1EGf,3000000000,3.000000000,1,1729930660,1729930660,0.007570
DYghVbFtm3osTbL1r8qTWQWQo1qwMZYnHgin9cqnpHpm,3000000000,3.000000000,1,1729897956,1729897956,0.007570
E4duYFFQeFxZsshDyVwm2kiGjuboSsW3pHAXJzH8RuoD,3000000000,3.000000000,1,1730092232,1730092232,0.007570
E78W5GzEuziMjmKpBmcVvsGedH32LaMNaMWfgHu6qym2,3000000000,3.000000000,1,1729872838,1729872838,0.007570
EFjwriq7gTHNFHxnGdwW6eRmEWcr7GJFvsXYyByVveV8,3000000000,3.000000000,2,1729958284,1730073798,0.007570
ENTQSK3rfHTuo7PoavvJJaXLronCeozDaQJ7ErraMF1P,3000000000,3.000000000,1,1730130386,1730130386,0.007570
EogWyHMAWjsT5i6B7NnayH6bKZ6qiU1ff9DYyZdH3fUS,3000000000,3.000000000,1,1729973981,1729973981,0.007570
EqVRKZvv22RE4G7suyDnxxMqurLQiGhBhc5nB2V3VXUE,3000000000,3.000000000,1,1730126788,1730126788,0.007570
EwSpdpwu9Rb2x73z8RaDoUV876Ar6ysPbevNjKcUCZ6q,3000000000,3.000000000,1,1729871673,1729871673,0.007570
EWx1BX4cmat6QeZzutKkxDZyKNYHYPhbk934jk9ekxST,3000000000,3.000000000,1,1730037283,1730037283,0.007570
F6xCMmLwAhGnkPgUaXaR42mYC6CnBXJJqH6JTmL2tdvx,3000000000,3.000000000,1,1730132491,1730132491,0.007570
F8pfZrQ1yJxhm8SMYY7iAKH8z1KFaiNaJNGgMMKfxsUn,3000000000,3.000000000,1,1729958726,1729958726,0.007570
FcXzN97pmeLDfF1wH1hNAKfxDpz8BE7KMjq6YeXRtbTP,3000000000,3.000000000,1,1729958023,1729958023,0.007570
FdbrZMiPhqnD16VFF62t5s3Yhsoo2bwT3sjzAE8tfdnQ,3000000000,3.000000000,1,1729921695,1729921695,0.007570
FEPejhtXpQ18BbtLv6GvNgRqXRrgse8Ayg2uhkUC71w8,3000000000,3.000000000,1,1730129926,1730129926,0.007570
FgEZabEd2HoEEvSvfybtyQQGuKPTFmdo7BJwgEHQxyfo,3000000000,3.000000000,1,1730077137,1730077137,0.007570
FJxE2RyPfPDh3WSiXAsNHFLVZueFjA5MJ8pDbQZTuAGG,3000000000,3.000000000,1,1730129925,1730129925,0.007570
FkoNjj5uuY8u89SoFanAFXt8z5P72RumNNQGtwzZXsfM,3000000000,3.000000000,1,1730131465,1730131465,0.007570
FNbVw5r57YPfno86ibG9FTuN69BhYQaQraMKX8NRQAA6,3000000000,3.000000000,1,1730038670,1730038670,0.007570
FV8igXBn6gavxzey1XrEG9n5pD2dMwJGN5ascPEvWdrc,3000000000,3.000000000,1,1730131007,1730131007,0.007570
FVX1HPUxsVTuUo2TUbL1FVgrCmHEzgZm8nK4LPAMGSAw,3000000000,3.000000000,1,1730112972,1730112972,0.007570
FVyQdYRWjxkAPS9f7gMtZ6fmqT3ZvE9JAEigNGKRSbJt,3000000000,3.000000000,1,1730123368,1730123368,0.007570
FxNi9TnQns5z7Y6U1ouJpgR8Dd86SgfmnwSRRFqpcDJq,3000000000,3.000000000,1,1730127366,1730127366,0.007570
FzNGihTHWCaCqkC9dcFdHpufs53UpDHTmAkq4TY5M9vR,3000000000,3.000000000,1,1730081674,1730081674,0.007570
GiHccJQyoFzNgu9o69TK7YWwYTtdv9dCHf8C5bqrXy4G,3000000000,3.000000000,1,1730118949,1730118949,0.007570
Grspna6Kmpc5pr7TjARKFbXe8hLW24RaJxDVH4R9ZfU3,3000000000,3.000000000,1,1730122497,1730122497,0.007570
GS8GMkfXDx4GHu7HSYkck73rRvwPv1LoAPzzRGWnwsy7,3000000000,3.000000000,1,1730061714,1730061714,0.007570
GtEupDpUh9sPPqgVRau2NxY1eptZ5gftNZARgzT4FKPy,3000000000,3.000000000,1,1730082185,1730082185,0.007570
GULdGSm7Un2kEtZVRgNLDMYpzrvVFUcYkLxyVfAFvYvV,3000000000,3.000000000,3,1730131111,1730131183,0.007570
GWsPDCtqFe6yGeveHxv2tZZCdqAWzhFzWLDaU8tJCZZN,3000000000,3.000000000,1,1730065180,1730065180,0.007570
GybHR3zEYoXTfVajsoLGVVGceKcTPmD2DaNpWJtkD4st,3000000000,3.000000000,1,1729874000,1729874000,0.007570
HGDe8gsE9DHe3JdaxhHAAb8hvgpNy5XQR4aQYqdd4fmY,3000000000,3.000000000,1,1730129556,1730129556,0.007570
HGHBnw7pAc5RucGA1xa9fTHgoDbmkRaMHaSGuFEVxBv5,3000000000,3.000000000,1,1730056153,1730056153,0.007570
Hh1oxFEWQ6Ym6R7MyDCuSRhqzVGiNyWtJJrBiijR8ukw,3000000000,3.000000000,1,1729880380,1729880380,0.007570
HKWso5D8n2sQCUN6mFYPT7kLo2P1c7yE4fxLGALtWRiq,3000000000,3.000000000,1,1730118610,1730118610,0.007570
HLdeGnjvkbKxALFoLopjqgCiQCyprzKPr5Q71bcsFJpX,3000000000,3.000000000,1,1730031078,1730031078,0.007570
HMcsVQgQSu6qeMusfgGUXmVpc66PnEwrQtmaS33LwJ2M,3000000000,3.000000000,3,1729871975,1729900776,0.007570
Hp8SsZZZot8UB28HTfEuxxCXECoSiwHfpzqwenjrMPKF,3000000000,3.000000000,1,1730038413,1730038413,0.007570
HPssx5BALoA9G17feP2UEvFqErTmrugsz6NFxC6tF1cU,3000000000,3.000000000,1,1730129413,1730129413,0.007570
HqxWXj8VJsGAwJuesYSxfsehfgjeZhu5LKYgvvE4gm9Y,3000000000,3.000000000,1,1729976222,1729976222,0.007570
HUoQae5YsRFg1rvZqmPv31DKHqKzW3aa9jxRfXFXzMSJ,3000000000,3.000000000,1,1730052796,1730052796,0.007570
HVatPoshmac47Biz71qrNckFzfVVdCMH6gozLBZ71WeL,3000000000,3.000000000,1,1729872457,1729872457,0.007570
HwNxsQq1hpA5wGYYKNzk1yQaAEnjUbBXxuZwydKkhu1h,3000000000,3.000000000,1,1730130241,1730130241,0.007570
HYRKQZHtJFXjaGhMf2LEtWunHHrJntrczP5xAQzbUf7B,3000000000,3.000000000,1,1730128030,1730128030,0.007570
HzVYwHyyofQ2AuhNnDcyokiM91MecuSTcX6UXVKYeYKd,3000000000,3.000000000,1,1729873420,1729873420,0.007570
iGPqM3p5migstobTFza2eAXfrzj7tJVBw6rzP5yoQBF,3000000000,3.000000000,1,1730122737,1730122737,0.007570
J3KZp4VYFJ6vAeBS4nFirer3sHiHuTJ36L7LhLXtyNLk,3000000000,3.000000000,1,1730130434,1730130434,0.007570
JCw7SGZptiyAxPoEwgBb8ZJBYpnTuiYoamvduGtvzdpr,3000000000,3.000000000,1,1730082034,1730082034,0.007570
JDAQYDybEkNkv2vzWSRHtrcZ7x4DrLUigEMvdAv5b2nw,3000000000,3.000000000,2,1729983402,1730056961,0.007570
JE7SdafN42C1muUzFQXNfoiZwq9L7rm8CsZRTTowa2Uh,3000000000,3.000000000,1,1729947087,1729947087,0.007570
kMMYMbbFnCCxt9vHMfpwqtLiZJd4a8SnETDVmw3MihH,3000000000,3.000000000,1,1730125951,1730125951,0.007570
MpNieENPPXHYxCVxA3tNG7gW8dXhR1AxcVvdDAP5R9B,3000000000,3.000000000,1,1730085145,1730085145,0.007570
Mw9DA84QcNhgbS78wsAtj1NSzDMmTFThNXsLuTRqLQW,3000000000,3.000000000,2,1729884839,1730121701,0.007570
nHPXxZTgVxzrd1v7UqEns2so3wLM7TiNJYDDCggHHQx,3000000000,3.000000000,1,1730130645,1730130645,0.007570
nNyyT2b4NCewJ9yxFP6aAE5qwxjwy7cuqDhJ2L86Awy,3000000000,3.000000000,1,1730078323,1730078323,0.007570
3MAEtpxKrWiU7pVtgWGKoWhjyAso451aw4es4uZQLjnX,2999985000,2.999985000,2,1729871843,1729872531,0.007570
9GkQibrD9LVxYGk9ELv3wtiMzDucX5QyXDcA5xrrQc5q,2999985000,2.999985000,1,1729893326,1729893326,0.007570
HaGYS3pMYAhnpeKas4Ak7Ub86EDydJJpmBY5iVTQ2MnA,2972121500,2.972121500,1,1729879192,1729879192,0.007500
EhXHnrsBr5UnsA9nstB1wj1vC7LHC8XUECk8A5zr99cq,2940000000,2.940000000,3,1730105403,1730108678,0.007419
2U1PPGqpRTK72oTfk8aKNwmSmHZUgSjaohGJj3bRNPZx,2900000000,2.900000000,1,1730132598,1730132598,0.007318
8bQYNKicrabvWhRCxmnV34h9EpwiPs5cP6Wwqas6S18b,2900000000,2.900000000,1,1729917181,1729917181,0.007318
94Lj7zh466KbbRkeWHNyB6ag75p8VnDTzec4GSmHsej,2900000000,2.900000000,1,1730130958,1730130958,0.007318
B6uiCo1j4cGAn4cExFVMGbv7kke3bfjXeSyCvXKY57Ug,2900000000,2.900000000,1,1730100027,1730100027,0.007318
BeDsEePqXG4pGCbQiBQ3pAffq1eJjZDuzF8oRvS8xpqq,2900000000,2.900000000,1,1730049461,1730049461,0.007318
CksTSRnYh3jrBwXRAFLLHMTmougXTuT78MU2gUuKghNR,2900000000,2.900000000,1,1730056611,1730056611,0.007318
EXM4RqdpjdT7FBpczzQPtmMvH1ERaMB1LBCQB4M1t7Wh,2900000000,2.900000000,1,1730079591,1730079591,0.007318
FD5Uk89aXTnG1e9WpX2RKo5xkb8jUepiR2TZU8Kruh1c,2900000000,2.900000000,1,1730117192,1730117192,0.007318
HAnzpWjHfTJFs35PLS8mNTYH2XS1yj8s3Gf8tJbGBReP,2865119979,2.865119979,1,1729883364,1729883364,0.007230
7G2QTYQ5y7t3HoJLCbJfQQdMJhU42W2ttwUwc7LCgkBA,2860000000,2.860000000,1,1730130607,1730130607,0.007217
6C3Mhuo44HKUuK2wgLBgVoqdUEnTcxNBXcRX72B3cq7i,2850000000,2.850000000,1,1730059048,1730059048,0.007192
EYzf41y41RMo582WBf6XAsRjxYBWnBDah1EMneiFzBd,2850000000,2.850000000,1,1730120910,1730120910,0.007192
F6k4tG8yjxChezp6j4R5phDQRNLbBEuG41fE2fiEcatf,2850000000,2.850000000,1,1730129280,1730129280,0.007192
AZDMcs63d8gNyUwVU8QU7EBBCEKpaBNAA4Pz6pDwaoSC,2832000000,2.832000000,1,1730117962,1730117962,0.007146
2zYVzJTitWtWEVuBwm998CszC3YP1qifHnCbY292njqJ,2820000000,2.820000000,1,1730061698,1730061698,0.007116
39Bg4tGXRxciaz9nSiZTpeZWE1Mbvpfncta2Cyn5J6eE,2800000000,2.800000000,2,1730121858,1730121924,0.007066
3DVdgWG33BxurjN1PrGWiruSNFFicNmJ41aQh1P655Nv,2800000000,2.800000000,1,1730122488,1730122488,0.007066
46GxLdJi19xnT9CFxFCaLAijGJsJJXYw5wh6RTKcw1bh,2800000000,2.800000000,1,1730126046,1730126046,0.007066
5BN7x8TwMAVn5Yjf688vFu3abMY8VjeVzrbCGTNZrkYv,2800000000,2.800000000,1,1730120822,1730120822,0.007066
FaAqRFmxg8Chg9F8VbYD1nLnpCfFWc51yRmCgAv3HGgB,2800000000,2.800000000,2,1730046814,1730048142,0.007066
FLyxLmTi9UQDNR8kCVQY2FA1BWNiDCMXjYudYWnvVyzC,2800000000,2.800000000,1,1730131311,1730131311,0.007066
HyX6gCd6epBNzDMsVVc5YxK1c6ThutJUh2qDX6hBan5i,2800000000,2.800000000,1,1730067655,1730067655,0.007066
J5qVSQjMzrfXgE1qbJG8YD79Pcgfwe7yKp4uHnRNdqDx,2800000000,2.800000000,2,1730121741,1730128247,0.007066
4iUh5zmNHBoU7zTsvdUCgsHC386qYapM232tofUEV1sg,2784390927,2.784390927,2,1730116372,1730130967,0.007026
14WBSDe7Wy2DGBed1nuK6vH7qNdC4Gbm8uBgQAB7YU32,2750000000,2.750000000,1,1729874310,1729874310,0.006939
6E9BKeg6cH47bgMVzT9hKwVX1dfjB85q6UL1d4rkissN,2750000000,2.750000000,1,1730130368,1730130368,0.006939
9j6Mos2WWDVPfQjJpSMB9ZLH3T1mRmuiUxb8TZvP84V8,2706169160,2.706169160,1,1729965710,1729965710,0.006829
GAHLyXNLssrKDwp4U81k27aFSRa35tY1dE18vw7DYBns,2700000000,2.700000000,1,1730123400,1730123400,0.006813
4D5orXux92eqmS5XDRPFboyMwb9nGprtx1C3qAFL6XSu,2660000000,2.660000000,1,1729986348,1729986348,0.006712
fi36C7nmtHbKBeuLSooPBrCwFh4VH9SK7x4ZZFTkaj6,2650000000,2.650000000,1,1730121698,1730121698,0.006687
FkDmWqgN5dxLVo5TmRKiDGPiN3A3ucRM2soc2XdU7SYc,2620250000,2.620250000,1,1729874673,1729874673,0.006612
Ej3cNm6bWfPvMRpe8tNMP8D1QTarsxLrz4PCY3r98NR,2610000000,2.610000000,2,1729896344,1730128160,0.006586
2qLScu8ZxL8Y3p7joHpgfXvRBu1Y9RyJAR1x7HbgheDv,2600000000,2.600000000,2,1730115311,1730128616,0.006561
9Kow8FK2CCYHsi1MSEDk3w4tC5qMHA1cx6Mr1pyCS3Jm,2600000000,2.600000000,1,1729988899,1729988899,0.006561
9sFAm9CX9TynfFZkqs4KYnu3jkVcpfHsUdh4dd9V3XvH,2600000000,2.600000000,2,1729876364,1729894320,0.006561
DQKxzsw2ENMDquxTrVyY5S9gySTM5Zir68QaE34DktA1,2600000000,2.600000000,2,1729872945,1730129915,0.006561
5rqJjmz4X7vUqXfi8cDu27PSKR4Qg9fAEdMPoWsHCTpx,2573481716,2.573481716,2,1730042396,1730042691,0.006494
CWNtBxomsT7ZCnX4pUDAoTg3JZEiNRtzYU6jhG4y9m7T,2550000000,2.550000000,2,1730076485,1730130823,0.006435
5e1XXA7DuDMbfZAxoZGtpH1RuhN6m3xmt7k2ZsoXgmwK,2517006701,2.517006701,1,1729889801,1729889801,0.006351
H2iYcJ5zLMko9JYohgfzgeeuZLpXwufWQaf1JLXW1EWo,2509972000,2.509972000,3,1729892448,1730125559,0.006334
2AtQ9xLNgvaN3wJy5zwnmPWoAnDBVBVF98EAUz5BHtWw,2500000000,2.500000000,1,1730129208,1730129208,0.006309
2jALhwbHoSzVY8XivAc2THqgbc1bGwVquzckVrAgHtYR,2500000000,2.500000000,1,1730125457,1730125457,0.006309
2RytuoKSyGCXUGmykFgvEQqKxMp6HpgRkTbYrReaGQw6,2500000000,2.500000000,1,1730130504,1730130504,0.006309
2UcTcqetibEAE6o3k1yUCm6gPagq9KEgf2jDRsWcSa5e,2500000000,2.500000000,1,1729926773,1729926773,0.006309
2xSopVJWsXsYBR2rNF9eB22fHGNe86xaxFHyAnB5NDn1,2500000000,2.500000000,1,1730117961,1730117961,0.006309
31i7TEa6dH2DVgjZqzkhA5thfjRiQ7JpbfwSAt6NLUQ9,2500000000,2.500000000,1,1730130194,1730130194,0.006309
3a87AhPHWsGX9Wj1vgNoorucboBWvkHVaEQHBbA7BrcS,2500000000,2.500000000,1,1730119630,1730119630,0.006309
3inMT265d1RHnbg1mjY8twaLWQDm62fpmMBgGQ2M8T5k,2500000000,2.500000000,2,1729878770,1729879217,0.006309
3n5Gy4Pu32NsXoeb57ZofAmcSf3NKrMmGJdhQSBpdwhQ,2500000000,2.500000000,1,1730128961,1730128961,0.006309
3WDLwEdzf3wj94vpHLW35F5G6HVdiEniATCS8dw5KuTj,2500000000,2.500000000,1,1729873785,1729873785,0.006309
49AffX7FoCAVYP8e1K7jhgND6MPd4adzXJVM74BcbYyY,2500000000,2.500000000,2,1729876022,1729928033,0.006309
4vx8wfBWrdYRciithy2czVZd2UkTfgLYWmh1TvM67Vwm,2500000000,2.500000000,1,1730130113,1730130113,0.006309
5SYD5v9xTHz2BySeFT7zTHRZNxkunxN3bGqBsNesrcW9,2500000000,2.500000000,1,1729924676,1729924676,0.006309
69b5DVhkSVpTQh5qkNTQbW6oNLmLE54JWysEiJWjexh9,2500000000,2.500000000,1,1729932647,1729932647,0.006309
74CgdVUAytFQFLVpvG8T24Zn1BrRJd5GHPtT1fYx7RHE,2500000000,2.500000000,1,1729888908,1729888908,0.006309
7i6qVTy9b7gEK6dBcbXAbx8Vdn7Sf3foXVs6HoiWkAVv,2500000000,2.500000000,1,1730034874,1730034874,0.006309
7qng6UMeFu1QQnE2zgb3SsDM11EJsZ7Vb3xkXRS24jx2,2500000000,2.500000000,1,1729963972,1729963972,0.006309
8PaAf9EWq9cysLov6ckEN3xYoFUiACVdq4DvBXnn2JRB,2500000000,2.500000000,1,1730126163,1730126163,0.006309
8QJhFMyJmaLagHW74DCxY3iSZ7vFf8Bpsnv2DtzQPHnT,2500000000,2.500000000,1,1729962956,1729962956,0.006309
8VjWpw8vH3Q73p4N615YeyithHpoRto3cCNwgtwr3EEH,2500000000,2.500000000,1,1730130688,1730130688,0.006309
8xKEmMoGpcaRTNCh2YgHafSfVaPJvquxSJe7Y2GCqH7m,2500000000,2.500000000,1,1730104180,1730104180,0.006309
9ckecMSSSNqHbLSsjoGXVEVoY21Zn7EqFvc9tYSqY4v7,2500000000,2.500000000,3,1730045481,1730065139,0.006309
AnoMcc7McXAs4XzS8pw28Yv8SfRfZakv1o717Htq5fUd,2500000000,2.500000000,2,1729872003,1729876504,0.006309
AnUyTUj8hWco8swANLCfjYc6yXmn9MTCmxyttnpMqQKA,2500000000,2.500000000,2,1729873651,1729947210,0.006309
Bs2uSZRREDX9Fys688TZUUCe2Bsxfv4goKvgZS81Moiu,2500000000,2.500000000,1,1730126301,1730126301,0.006309
CBJFaDPFMrmszRNC3vsu9m1WqLfPWzewt5EoReMVdJFJ,2500000000,2.500000000,2,1729888637,1730126480,0.006309
CTV32Lg22ckZwZYaCb2C9ywd9TgDpEpaQu1BKeduHQ5S,2500000000,2.500000000,1,1730107179,1730107179,0.006309
DGj14qHp2GknUUQEF8pPFZ4Qx53pyN29oCuE6xuF9v9J,2500000000,2.500000000,1,1729964503,1729964503,0.006309
EwSVz4o8b9AUgcMUEQ3mVz8EaWguEzWjL1GDdRJXBSU3,2500000000,2.500000000,1,1730038810,1730038810,0.006309
F3RE9Tp8NT45cZVEsE4yxtadEPm3e37FqJGbbymnRBX1,2500000000,2.500000000,1,1730115362,1730115362,0.006309
FqrWe3YvtCwf2VdAErkrCQjpMr7cwBoseotDuhhTaGLB,2500000000,2.500000000,1,1729972412,1729972412,0.006309
GjrxdYBJZjhzvoSzvRBiYa8Pgn4iHk48gBJZewi8AWuY,2500000000,2.500000000,1,1730042028,1730042028,0.006309
Gyofo32KNzmD5d8XBxKJhpGW7NBjBJj27yjyXyooPa4z,2500000000,2.500000000,1,1729897264,1729897264,0.006309
Hbt3TJwdxGqTsibUaMPt3rhbEcTta8pVvivzpKriN6Ns,2500000000,2.500000000,1,1730080001,1730080001,0.006309
uNJAraEVJL26kG5PHYtGPiGeaTA9QTk2tVSZwwTQxmw,2500000000,2.500000000,1,1730043959,1730043959,0.006309
39CPQgdjg3e5VGu7VXuAonVxxfNC4hAFwUBzesGPTQkM,2460000000,2.460000000,1,1730130137,1730130137,0.006208
EQLLkHgi1k87svQmWeDa4wrFts9pc7NcdYr2ko9kPmyy,2450000000,2.450000000,1,1729929773,1729929773,0.006182
7qgR1Ppf8mBgBfGYVquRTtXekaVoQLuzosYTGjBZwQNz,2400000000,2.400000000,1,1730105964,1730105964,0.006056
GonKFVrHzWeCrkqEERoNYrW6YmknyNzdNfu6BmsVTSi4,2389810589,2.389810589,1,1730034282,1730034282,0.006031
2r5jwq2HG62EDem9viPMjYioqg1NsQnEY99o6gwQGNC7,2350000000,2.350000000,1,1729957713,1729957713,0.005930
4pFBXGyBpDwgBdMYJCkyWLiatAt5d4m5bRLmDVpeXpAT,2305000000,2.305000000,5,1729928360,1729993933,0.005817
2WaoPnyEiGSECvwQ68U1XMZS1r9ybe44E46hGrTFNeXG,2300000000,2.300000000,1,1730105531,1730105531,0.005804
3egu5c8D5umNHQvacGAXugZAHGeUYn6KpbtUi9rHLWko,2300000000,2.300000000,1,1729902922,1729902922,0.005804
6V9f9WAC86DBX7UkJ5WU3MRxDeR4K74Pgxn7XGkFJHHL,2300000000,2.300000000,2,1730041439,1730126791,0.005804
7S3ciSyvC1p95mEux9spTCRDsmoYNAddTFixT61Raobf,2300000000,2.300000000,1,1730129489,1730129489,0.005804
9jEVtWgjjvjqDXC8W4iBdFRhAHzMUAZ5u8GpXkdFRcmT,2300000000,2.300000000,3,1729953776,1730108268,0.005804
APHRmJmPqozgELSFwGvC5aebTptiECQR1eLJJrvbyAS,2300000000,2.300000000,1,1730049778,1730049778,0.005804
DFLnnpJjFU69yGEMcDGVS1EoBajCvZqkfKwTkHpidnpz,2300000000,2.300000000,1,1730129973,1730129973,0.005804
DrydZfWCMPZG1ZwtJ57DhEBuAm4F6f6B5KVp49JVoqM,2300000000,2.300000000,1,1730083865,1730083865,0.005804
9QGV2f8b63nH8vyMBNRET2C9hWd3QToFUbZbxp387ZMa,2289400000,2.289400000,1,1730127728,1730127728,0.005777
B8xJkMPiP5En8vav9V3FHdUgwQXDJsZ14hUjNUqijHSG,2280351986,2.280351986,2,1729873117,1730082208,0.005754
CnZpYDfvcQSA7o1Z7LaT4iXLrYsBoi1dKprLKghwGuVx,2280000000,2.280000000,4,1729871493,1730129903,0.005753
4nRFcQxggcvwPF2inHrpZ3K9iBr26xtUWmvQ1dgaZHQn,2250000000,2.250000000,1,1729964169,1729964169,0.005678
DwQ1CwC4CaKwW2zSxC6s9DUweirhVHViQXfqZY7MiNfP,2250000000,2.250000000,1,1730129300,1730129300,0.005678
HDocQVnSLRBisXZELiyuteqPimgxseUg2Au7K72EZPMU,2250000000,2.250000000,1,1730077228,1730077228,0.005678
GtL62vDLxhPts761UXghFL1ke3LrJ7rxnVjePWZ18QwJ,2249700000,2.249700000,5,1729883207,1730121564,0.005677
5LDBkEETtkDHe89nwx9EWP7caPwpZHsYBFGNDDaKru9i,2220000000,2.220000000,1,1730129584,1730129584,0.005602
DPHXc2SZ85RZU5QdUjX4C6rnWRadFhv9a8Fr3iUyLAXm,2207254923,2.207254923,1,1730127741,1730127741,0.005570
29ePhwexDe6hotsWvFUdig1ezw935qos24geAru4NLdv,2200000000,2.200000000,2,1730130737,1730130909,0.005552
2k6PnDbR63yKHVb3qgKJfc5PbLhTHjwYmoNRsgaFEtMc,2200000000,2.200000000,1,1730129300,1730129300,0.005552
6AmRvjcA1j7aNbMq8c74veKw8BbPZF1oHa8QsBrJ6oTa,2200000000,2.200000000,1,1729958861,1729958861,0.005552
8cPwZA64Z4JjkqZxYQyMe7oPJfschKriNjFEfm2oD2no,2200000000,2.200000000,1,1729897354,1729897354,0.005552
8MzJLs3GPpYEUYQk91SPLnNW2hHzLMYcr9LK6Zm53afL,2200000000,2.200000000,1,1730082915,1730082915,0.005552
8WRb5VdkRD3UccsHDy61WZVXJCUNM1cymgDeLyxJ711D,2200000000,2.200000000,1,1730130323,1730130323,0.005552
C4b12NbKHeUXEJjMGt4gZbJjgrQwjDevmRGh2rceUgkM,2200000000,2.200000000,1,1730112747,1730112747,0.005552
E98YNzLxR5RcyvBbPUWjgxex6FAo9AohjAyn3bXhMe2E,2200000000,2.200000000,2,1729991396,1729996825,0.005552
7w98AU4HCvEj9HrdNcSiL5amSEDXfLosX53hkv1s86aQ,2190000000,2.190000000,3,1729928380,1730016931,0.005526
7KDziEqwR8YBgayVR82ts1UB5SgsA4xR3BswEMRfAyiG,2169000000,2.169000000,1,1730130160,1730130160,0.005473
247sBgFkzNg66ZSuzGeNeHF9KEdbgSv7NrL1EKUkmaep,2150000000,2.150000000,1,1730128196,1730128196,0.005425
FqYt1b4dyk2PkwCk1haAR4nfRSS21Fc828QgTRGkfQdo,2140000000,2.140000000,1,1730128473,1730128473,0.005400
E4hYcBnLD8H1bHcdt9MRnoAyDXXERe8my3ox5kxi41sZ,2111706425,2.111706425,2,1730128212,1730128684,0.005329
85xxjFCqrEEBXMCTjWaoP7DcqQem7PzKCUXrYtit4MKn,2100000000,2.100000000,1,1730120828,1730120828,0.005299
DRfheEtzNACwHVd88oDivJJuzq3DXF9WkQSyLQ15HX1Z,2100000000,2.100000000,1,1730131094,1730131094,0.005299
EE537Dczq5aTXeFnxsj4uV8efQYPaFUf8hA6TF8JjpY6,2100000000,2.100000000,1,1730128643,1730128643,0.005299
Fj811MzkEX44GafCwSmJB23fjxAVKkdgYBwEF7JW97e4,2100000000,2.100000000,1,1729886209,1729886209,0.005299
GpftHhM94kNC8vFfb4pot4XLzPU3mst9UQkYE5HEkwDb,2067487059,2.067487059,1,1729872686,1729872686,0.005217
9ELF8Ezjzg8tbA8gmsHhTAT5AvWyePZJUagBuVoSyN9j,2050000000,2.050000000,2,1729929627,1729930494,0.005173
CQEKYY4jobbiUWU44oFsrQJk2qH1BTFHwg9nX7GPQ874,2047306889,2.047306889,1,1730129748,1730129748,0.005166
qZ9zi3EdG7wBmYCkHWt4DmcUeHkMV8mAiMx3ABXMMZv,2025322500,2.025322500,2,1730118055,1730118095,0.005111
9K4iT2SRWw9xsDqMS5SQskFqan3v87fmL8gWXgBfdgKF,2020000000,2.020000000,2,1730094343,1730130783,0.005097
CyMjDyETy2Uoqkcg3LMcEmzSQWYwQYwRwhkkL1uBj8Wj,2020000000,2.020000000,1,1730130098,1730130098,0.005097
3wnwq7kMd5AkJPjyokvxpsCrGBatyVeUPrxooDQ8u7Ph,2016475314,2.016475314,2,1730059197,1730116898,0.005088
9v4FWH5paecjyKBaKQ9N8g9dfExFmoKoXcmK6XAb7w4n,2012000000,2.012000000,3,1729874078,1750900206,0.005077
ADkhrEWduTjEEhCUpwScXB4QSxxCpTEEjaBKosACxWW,2010000000,2.010000000,1,1730039778,1730039778,0.005072
DouKQoWGpx1RM4hYp8myiRaZtBpjZNZMRAa4jzLvTb6C,2010000000,2.010000000,2,1729882473,1730040161,0.005072
12dV66wrHiUNYZwVaKkfWFhybcad1hQfgPNvpSiGZZDr,2000000000,2.000000000,1,1730094813,1730094813,0.005047
18psFTp4yEZqgvqinzRnfx8xxPYNWqd5j1Su7TdzQUs,2000000000,2.000000000,1,1730130751,1730130751,0.005047
2339YcuPWEQQZRNZg6ENwACZeuLC2K9NDLpRSgBGDdyh,2000000000,2.000000000,1,1730042305,1730042305,0.005047
25JnQ4fLjBxmm1vgs2gQhcWNrnQxKBLHK6AmLXqg9EXq,2000000000,2.000000000,1,1729905451,1729905451,0.005047
265JKWjCy5fUVSEwo2SBjabbDa3rtrEarZWni7nYVBaM,2000000000,2.000000000,1,1729894707,1729894707,0.005047
2A5saFtMvgoZQPqy6AcsMHq1FUkJernqwHtefwWtkfjD,2000000000,2.000000000,1,1730081663,1730081663,0.005047
2ArpBCN7sAmESs9Mb8YZYa6zabftj6TEmmF36hA9C6Am,2000000000,2.000000000,2,1729904285,1730040634,0.005047
2AVA4ktQmms7bafQEbdNnD3aj4WCttgtxoJgmVKABfZ6,2000000000,2.000000000,1,1730115084,1730115084,0.005047
2DETcrXEEB6VKkv6cmWDXncs1AXupA41FL8uP7Vc12rA,2000000000,2.000000000,1,1730009421,1730009421,0.005047
2ehtZBsyMVC5xZPG9gbefPNkUTwfegvpY2wKFAG1wC3U,2000000000,2.000000000,1,1730043905,1730043905,0.005047
2GSTGzVyYgXBPcqkEVVgobVjgHj8UA8EHgnxYbgfv9G2,2000000000,2.000000000,1,1730063427,1730063427,0.005047
2kvcmpKmpZgAzyZLDBf4rPP1K8EepaCWrZGopA2WZZND,2000000000,2.000000000,1,1729982823,1729982823,0.005047
2M7o66nDM3oR8wERLNF9X1io1f1pnumhQhhK9mZoWSKN,2000000000,2.000000000,1,1730057300,1730057300,0.005047
2mf4Uk8d7FS5DYbCf2K3T24j5LuQHi148UA6WT8fcfjV,2000000000,2.000000000,1,1730017397,1730017397,0.005047
2RFfVXStfcHvzYhaGWTjZ946bEZr2JYaXhJxMgt2QdKd,2000000000,2.000000000,1,1730079068,1730079068,0.005047
2TmunKzJm4sojw8H6YoaaTdg4JPNxvJtJ1mC7t1zF6VA,2000000000,2.000000000,2,1730130623,1730131300,0.005047
2VfqVX9ALN7cWu4cm6DSzS6xgn1KkF1hPfjvgQQfsaHM,2000000000,2.000000000,1,1730126610,1730126610,0.005047
2zbpvBdXWuMfuzJc2KbHfetqr19JtJVMorLQzF5Fr2xp,2000000000,2.000000000,1,1730131062,1730131062,0.005047
33NSokegZLLNha5i4XTdfsHF6BbZHDzUHqEXN2Z477yj,2000000000,2.000000000,1,1730040629,1730040629,0.005047
343bGSt8L9QB27Womobgr5sqSEycSTSN64tzRHT6agGx,2000000000,2.000000000,1,1730130488,1730130488,0.005047
35nX4Yu9ResMm3vjmA2r2qbjDfRLa8cBpLBmt5zGNDYb,2000000000,2.000000000,1,1730128646,1730128646,0.005047
37RQkCjFnqxG2a5xxoCers4JL5BE49Y3u91jSMNrYY2H,2000000000,2.000000000,1,1730120780,1730120780,0.005047
3AhR9huh4jEr3Y354LNbeMygW2YHdLPbKYurAMCLexEZ,2000000000,2.000000000,1,1730130992,1730130992,0.005047
3BFa5Ew5CgAUzJj5vuaKHEyoY3UXxipgaJGYe3qZuGTS,2000000000,2.000000000,1,1729905871,1729905871,0.005047
3Bg4JSD5WrpkpXvYG7NwEFzMB9qW5PTw34M6wLeAuuh5,2000000000,2.000000000,1,1730041016,1730041016,0.005047
3C5TX4sSPeBKq63nQbjeHg9nMUphvdPbYJwqMB1XMxXN,2000000000,2.000000000,1,1729873291,1729873291,0.005047
3CZN78Dt3hkEETmiFNJkWax5qmjjnwv8DWFidf1W2QAX,2000000000,2.000000000,1,1730095772,1730095772,0.005047
3ECE7zQWFNmb63643xCLPVaDM9nw1Utz5Xis9ELaCf4U,2000000000,2.000000000,1,1729872350,1729872350,0.005047
3eqjP8vB4NSCPqXk3RnPyHXLLLTv3MCjdPTChFa5n8LS,2000000000,2.000000000,1,1730072740,1730072740,0.005047
3GMKXd7WCEZMLjEr23cw31jd7cX3ASGHuvFue6a9H1gN,2000000000,2.000000000,1,1730058669,1730058669,0.005047
3gzvwGcKLTcKnd7MJh13rpCwuaxy3cRz193uQ5ZBBuV6,2000000000,2.000000000,1,1730106120,1730106120,0.005047
3HyF9wrqUGY1nengD7YYwJV6wagL9zp4E1hRfzdyGusz,2000000000,2.000000000,2,1729937253,1730129213,0.005047
3iiGueGpZvFhKpxFJbMdG9BX3Bc5phz6r2XxguoSuPSQ,2000000000,2.000000000,1,1729963800,1729963800,0.005047
3j9XXF8p7gJWFoM1omULna8AoFDRaJt8oQPZo7AUNzJD,2000000000,2.000000000,1,1730118462,1730118462,0.005047
3jysfZSE2fuWw7uXoZSZNScNon2YJF64CorgkV5kNkmb,2000000000,2.000000000,1,1729986634,1729986634,0.005047
3Kq5WJZNX1ZGUNRHmaPBwcvAcNMAkGauC9Nnkc8XRQSb,2000000000,2.000000000,1,1730073887,1730073887,0.005047
3opFgqEjZGksw9xCaP968eT4L4R6aRdCeQzWLgrnanV6,2000000000,2.000000000,1,1729884730,1729884730,0.005047
3QyiJLbjGCT7YaZwBWnydiYyZhQJYuytfKw2QuCgtQky,2000000000,2.000000000,1,1729956282,1729956282,0.005047
3Tsx1UgcR4sdH6z8gw5JW9mb4JPeqHgXTf3gttdtUrv2,2000000000,2.000000000,1,1729924646,1729924646,0.005047
3wtah6MQyzn3BxKS1N2op2Y9Gh6tm8uBTTG77R1E7hme,2000000000,2.000000000,1,1729871761,1729871761,0.005047
3z8XeeSWebiuRP32HY7JdNgNR6Wk7RB5r75ajZcnuGLm,2000000000,2.000000000,1,1730130825,1730130825,0.005047
45Q9sAMhA2wHYsU6bi2qFFaxmk3msh1oZuaEi8CRU2CW,2000000000,2.000000000,1,1729971545,1729971545,0.005047
47DNBERxoViV2eivvcVunBJPV1kgGNhN11FoGDgWYrrB,2000000000,2.000000000,1,1730064999,1730064999,0.005047
4bvXku1YWsW5MYuvfyaJfi4kce9BzpHvjzxXmFoK3XWa,2000000000,2.000000000,1,1730130697,1730130697,0.005047
4D9xufExq93DVh4jz4SP8VHtxdRjbhvy6NbM4nUcT2Mk,2000000000,2.000000000,1,1729937738,1729937738,0.005047
4dFTv3ziQcNJUETSD9G59QQcgDGconqQy8nBRhEt1MUz,2000000000,2.000000000,1,1730094758,1730094758,0.005047
4e8YpNvRJ1xJktVKXHKPRRrYgs3VtTZkawEnMwk1Q1kD,2000000000,2.000000000,1,1729892194,1729892194,0.005047
4fKMnoCCmmWkkjXKrJxUXGkSycAhE4AZR3BiSWW4KbMp,2000000000,2.000000000,1,1730129944,1730129944,0.005047
4g2i2SFVcdgFr7VDgyo6UZWyhJi7NTLVQzvSfAdktPps,2000000000,2.000000000,1,1729946380,1729946380,0.005047
4igcqjbDjeZoTPZsAegNzUxgUnWJzK7H5KgdJX2KxFoZ,2000000000,2.000000000,1,1729873743,1729873743,0.005047
4J48ia6wZRw3nGNvXEpb1UVKLX4aSSi3o9bvKLM2uw7e,2000000000,2.000000000,1,1730109782,1730109782,0.005047
4Kdh2uRaZ4RabrMwCxi5av66jQbBh82LdaCs6kT1GAVy,2000000000,2.000000000,2,1730032103,1730036661,0.005047
4KHWWZBcA3XyNyWjGn8umJy7BaN2HhQAA4mHwUriMACU,2000000000,2.000000000,1,1730055116,1730055116,0.005047
4Lx36jJqGnt5Ps8G6fWGJrcQCEEApVu6na2ipZFpvkiD,2000000000,2.000000000,2,1730131097,1730131138,0.005047
4nGGnLFnFmfZjkmmWpYvxke9PtMjeDMqrVL3QUdXyxbx,2000000000,2.000000000,1,1730115090,1730115090,0.005047
4Qncs1RodHg9hHXQH3V3MfZfL37jV736JKCz1X11onQF,2000000000,2.000000000,1,1730037418,1730037418,0.005047
4SSQHqRrgDrSSwrks3Bvy9yez98sHeu31sWhd4RjZGmb,2000000000,2.000000000,1,1730130409,1730130409,0.005047
4SuSpe6DyUuVMVPXeL3k8hjxoR62LFfSTQfMtmhJt4M2,2000000000,2.000000000,1,1729901610,1729901610,0.005047
4uEAqjQPKRXP2vKhChYrSMZfQYZbLcSqGEp7cJ3KYCWc,2000000000,2.000000000,1,1730034189,1730034189,0.005047
4uZLyfC5XgGBPKJYcuW4Hy5yJPNNCTRzY5w4v5CmtJiQ,2000000000,2.000000000,1,1729986079,1729986079,0.005047
4WSP8yQDao1JYuvcjSsiJJ25APaXjowzwo8ZnxRCTkN8,2000000000,2.000000000,1,1730094114,1730094114,0.005047
4WyHfsYDhPqRpcvTFoo7uxNGKA9FBmYMF1sp9xbAWCkT,2000000000,2.000000000,1,1730126391,1730126391,0.005047
52X8NXgjSUABnaXF9uLNQD91uyeVJwqeLrPoejddTHQN,2000000000,2.000000000,1,1729965019,1729965019,0.005047
54hUAmZFNnfHBsgjPT5Uz8XS5T7LaMWEZpJKfW9HNj35,2000000000,2.000000000,1,1730043909,1730043909,0.005047
56T75oTuSFDsF5MWSJGr6bSAiFLZN74WGR5yXDW2NaBk,2000000000,2.000000000,1,1729959467,1729959467,0.005047
57LiLUGepXQCY2zkwYFdtti3Daz3CP72jbmk6MDhGcFf,2000000000,2.000000000,1,1730131553,1730131553,0.005047
5cKBF1e2oKzUjpKFo8akWFdgCeWYuGVydUz5rhC6BPVV,2000000000,2.000000000,1,1729981437,1729981437,0.005047
5CSPwq3cDdrkuqwqn5pJbKCHti6mWEoZTHT3VwVAuWK2,2000000000,2.000000000,1,1730132449,1730132449,0.005047
5g9QEn8umpjHVuK7iLaA54mLYLbYfRek1EoBajC5yWWQ,2000000000,2.000000000,1,1730130894,1730130894,0.005047
5HkurZLvRBrWWPzPuRzBmhNUyTduTJuTaqCrHt2KX12f,2000000000,2.000000000,1,1730062722,1730062722,0.005047
5jkMwLCfzkWoCfjqxqeGAPB1FBaK4dL6xNA7NRUSv3mV,2000000000,2.000000000,1,1729901781,1729901781,0.005047
5KA7iei4P9RdzocwJY8NxCP7P9VjCCVzh8atrXWPefrM,2000000000,2.000000000,1,1730067407,1730067407,0.005047
5mPL9SJEFbf5KQ2KHdQzgrj1tg2qrNkq4QCJCUUBXLnB,2000000000,2.000000000,1,1730099303,1730099303,0.005047
5mVWE6XNyHXPzJEyEw2GigyVdiRdmd2iCmXkYYuhFkSY,2000000000,2.000000000,1,1730127091,1730127091,0.005047
5Pi6UniHW1iGpJNAfbBfdxGT9wvJoWxhf5qR1VknrnCP,2000000000,2.000000000,1,1729986480,1729986480,0.005047
5rff2PajB51oKkPHufswrg4ZwRXXmJdZpqjC9p85Qos4,2000000000,2.000000000,1,1730129931,1730129931,0.005047
5TqZPBeh5yc4geZnn8j6wLGb7B1mvP9NoLh9AjGVKmVK,2000000000,2.000000000,1,1730092238,1730092238,0.005047
5V7Hb2ZPNcjZpqyXKnVt1UUVcrBdbRjpzbLFDwdCcgKe,2000000000,2.000000000,1,1729972258,1729972258,0.005047
5Y5piRHxSEwRBqq8Fj5t2Ag2cWJTGb7poJLE5kQt9oET,2000000000,2.000000000,2,1730068595,1730125694,0.005047
64w5J7ZVGEtYMzr6iXjTWhjBr2cn8MWN7fcmeBFuintJ,2000000000,2.000000000,1,1730001804,1730001804,0.005047
68gvhj5sWJnzZiWxcZHA33XuAV6s63ivAs6MMWMPKVGn,2000000000,2.000000000,1,1729995872,1729995872,0.005047
68NGNTDKmmQ1TsFr2gPcQC1yXnYzGxiiKsccYvdXkMx9,2000000000,2.000000000,1,1729879663,1729879663,0.005047
6a7p5Jd9kBeYGieenDGVNEjQjMxwJjm41pRcjeFvPNqS,2000000000,2.000000000,1,1730079107,1730079107,0.005047
6AT4chFeQfdGLX7D78AKzsQDDqtNyNQjdCoz9vyu1knD,2000000000,2.000000000,2,1729906444,1729987974,0.005047
6ATi2vAgN87AWGyuxfsnNUyHt9VdbteS999EQTVfm3bU,2000000000,2.000000000,1,1729897676,1729897676,0.005047
6bCmSkFhciJmJXNoY9dK89zJZ9g2ViaXCmJbvMAhR3em,2000000000,2.000000000,1,1730043942,1730043942,0.005047
6NfU8rT3UjY4X1gqsUJZr5yEwPFucTSBtEGjrVaZ4vr2,2000000000,2.000000000,1,1730126795,1730126795,0.005047
6QmTWpqaoX1XtWedXLAg3xEe1SDGS6nDR1ifz1K4oHzv,2000000000,2.000000000,2,1729871769,1729884015,0.005047
6rD6aVaSD6TYQpKzEHEfhgzyujmiSM9RZzyXhTAKuviU,2000000000,2.000000000,1,1729970323,1729970323,0.005047
6Wf9VoQCn41iRfvzoNyDTmpHafJdLkUG9eSGHQ9ykvbu,2000000000,2.000000000,1,1730131035,1730131035,0.005047
6wxzFBtY3SoNUZQ1h26d5uMubTQpdY4RwiLQ6hVEgscE,2000000000,2.000000000,2,1730007235,1730007473,0.005047
6xb2KpeKycyNog3RJVFGowdPu314pMRhXx92JeqbFzm,2000000000,2.000000000,1,1729932577,1729932577,0.005047
725tRyZTUYoftV2n3nFokpwvCcJLCDZN9m9tvqmVoxfg,2000000000,2.000000000,2,1730043924,1730125489,0.005047
7AuvnTzBY55tWSWcAUnCqoMyYneCxyeZaNd13LMzD6yU,2000000000,2.000000000,1,1729992218,1729992218,0.005047
7D3pWHbKwEdhEyQpEBNWr5DNweJ3wsGcwoBMrHrB3YMq,2000000000,2.000000000,1,1730130272,1730130272,0.005047
7G94NjzS3eGgB7KcDA3MWWmrVAdoqSRfSgh4eMhqdAoR,2000000000,2.000000000,1,1730097577,1730097577,0.005047
7gTdfbM1ctVAEoNwtZwpbtJ3Egy7Kyzrux7dNFXRw8jz,2000000000,2.000000000,1,1730119730,1730119730,0.005047
7hzD2DzUBjxwUcYLbiBcryKA1kyRN7xxE6NsEhG9Xp3m,2000000000,2.000000000,1,1730094772,1730094772,0.005047
7jj63V4krtEz4V5oP9RspjiqaspNU8QscK1do2f4pka4,2000000000,2.000000000,1,1730119905,1730119905,0.005047
7kvwh9UZ5JK5foTppcguwaPm9gSduLsXva4oCAZtmEpy,2000000000,2.000000000,1,1730101108,1730101108,0.005047
7LRozup3ci57DcpePigfpyLv4zxSNdanccSMTkDmhjnd,2000000000,2.000000000,1,1729963837,1729963837,0.005047
7t6SV7XvR71dWJZFg2ZUAGbEoMVdk81fKkgoD1DzRVjr,2000000000,2.000000000,2,1730050321,1730088283,0.005047
83GZqmLZntsdTb2kJThanaqXMJCP1Jv66Fo1DqR7PhEB,2000000000,2.000000000,1,1730130988,1730130988,0.005047
87qbzCnyJzKbsmkEnsthSJWFw4aYkGtnw6B24mR3Uv8t,2000000000,2.000000000,1,1730129580,1730129580,0.005047
88MYEYLrCu5V2iy9PNnA2QdHUHwXyXR1bzMGPGKHpBe9,2000000000,2.000000000,1,1730130121,1730130121,0.005047
8AwnU3ELoJh7aumsPNReYdZsstEYXBx2xYXiMwq8xWHF,2000000000,2.000000000,1,1730127655,1730127655,0.005047
8cn5qaXMwMbBx26e3r72ghxxraNg1cnEdbJHBuJZ6fkm,2000000000,2.000000000,1,1730125862,1730125862,0.005047
8Fb34x44tw9We5S9T9cZPDq21J7UznPcL5iieSa3NqNh,2000000000,2.000000000,1,1729934429,1729934429,0.005047
8g8aLLtvAgSW5uj9NocRk1wTXWHp7Hzxdbo53KsJrEbf,2000000000,2.000000000,1,1730130074,1730130074,0.005047
8gPhugML8BZ2f46kHcXYws1Nm5AVqJ1gN726HktbtsP7,2000000000,2.000000000,1,1730128786,1730128786,0.005047
8h9EvBEeWzeVkdSYs9XCmoQNwWLiZm6538zGV48w1Vyk,2000000000,2.000000000,1,1730073221,1730073221,0.005047
8HEroyvfkDuBmbLDknjPdmZTmsyyqTxvWrzC5w5TnjxC,2000000000,2.000000000,1,1729992164,1729992164,0.005047
8JSE2bfqp861QrJbbANQmQvsP9r8zLYLpar4C9dmcSuC,2000000000,2.000000000,1,1730065697,1730065697,0.005047
8LjKGu5kdRJxLR8cBLwUCL24JkLGrjZe1C1iSgnZXqKB,2000000000,2.000000000,1,1730119163,1730119163,0.005047
8n9bz5tgZgYQXiUbkixhm4RLmAWturszX4ehJaXrK3QA,2000000000,2.000000000,1,1729895049,1729895049,0.005047
8pb6z9B8zs9VMgMQSjeLXsTpYj196jg6RCqv4zVc3bTq,2000000000,2.000000000,1,1730091695,1730091695,0.005047
8RouYzU1fLzupd54unVnR5TeZrSgR1nhWtCQ7Num8wnp,2000000000,2.000000000,2,1730131408,1730131437,0.005047
8rPEhBkAdx69hcvcPzJph5schVxnCr29McjCVbUWyETx,2000000000,2.000000000,1,1730129604,1730129604,0.005047
8rYVJCYLpxFRiA5ocKrmqPgK3wxELrweKk9abMZdEHDq,2000000000,2.000000000,1,1729938667,1729938667,0.005047
8sWzHE8vitpD4JFh2wbsFZK3z3B8pzcfXm3Dcsrk9jWP,2000000000,2.000000000,1,1729874835,1729874835,0.005047
8tVLPCThPWiAzdrJe65H2Xgoez9tpTqDKPsEs1yTXKJg,2000000000,2.000000000,1,1729906772,1729906772,0.005047
8ZHUMendu75q1eMaJUC7avbVVWzvB8tWdBNXHtSkgqJ3,2000000000,2.000000000,2,1730061165,1730062328,0.005047
9aJrnGDjxvaMva2avKPphKpzt3D9kcLtzj5yLPE8MzVp,2000000000,2.000000000,1,1730036858,1730036858,0.005047
9dc7qBYGjsTHvFXSdJytU8dGfukFBim4teCRbXTyYjpt,2000000000,2.000000000,2,1729899986,1730042868,0.005047
9hKCQEpWWuAFpknmK4K1FESN6GDdS9chc1uEpFi6wAJY,2000000000,2.000000000,1,1729923588,1729923588,0.005047
9hMdEP4e4mgZ21PyvL1zAia31GyhLMVHVipnWDBgWZFs,2000000000,2.000000000,1,1730127738,1730127738,0.005047
9iMA3GHV4k9gxutVSsywbZi3qeed96RUzBgcJJ7Dt48L,2000000000,2.000000000,1,1730131104,1730131104,0.005047
9JrfFdyRjfz3tXQxchX3rBEzusWkERM2WNYUnAKwWTJU,2000000000,2.000000000,1,1730128894,1730128894,0.005047
9jt2K9NCz3NXSwTSrWx4iVbzoaBUaHCpBCHCtDHYPZF,2000000000,2.000000000,1,1730116874,1730116874,0.005047
9kcSg4Dp8VNtPWrbV1Q6YNna35RECHhby22ZsgTJykBH,2000000000,2.000000000,1,1729881627,1729881627,0.005047
9KRoEvH827S17YHooUGzmC9RrTyoRa2UMmYxe9AeXeTo,2000000000,2.000000000,1,1730130418,1730130418,0.005047
9QdS69Db3pu1jXoiUJ6rX7cqeB9f3Adi9FFmbYysDJPy,2000000000,2.000000000,1,1730096812,1730096812,0.005047
9VbsL7pUMe9qGRZqgBDjtJipE6nqFzRvbcxvayzUmW3z,2000000000,2.000000000,1,1730128190,1730128190,0.005047
9YEDq7ZQuW71H6v7Jgsb65q6gJ9TGbiNNJ2gjL1qR8MB,2000000000,2.000000000,2,1730044098,1730130916,0.005047
9ZP4DqJmkTzFzgTyNo3g8BH3UotwLkYm8kwQMut2KtUE,2000000000,2.000000000,1,1729878044,1729878044,0.005047
A6DwNucvtTnCZMzUp6CWbDW2xW5SVio4f74vhW4BhFPD,2000000000,2.000000000,1,1729934365,1729934365,0.005047
A8CMpVWC2vEsC55ujxx2TEBtLoJdFw11zbPa9xv9CorX,2000000000,2.000000000,1,1729894697,1729894697,0.005047
Ad9hfmosjTzSoRpkNVdFVZK5TvowdxRv49ugt3Gqc6dx,2000000000,2.000000000,1,1730131121,1730131121,0.005047
AKfdD7Zd1SBR9mtyPcfRhpMD5bjsHAk1m4WaDxX3RBtj,2000000000,2.000000000,1,1730118098,1730118098,0.005047
AKwTvYBDVEApckoeCiwGm8fsB8TGiwD4MNf34VtZvnZc,2000000000,2.000000000,1,1730129048,1730129048,0.005047
AMPYuxoNftNcJ7UbKgtRMcCwGEPSPxN82z2whurA7wVr,2000000000,2.000000000,1,1730094854,1730094854,0.005047
An43qYSCrFLTiDKKAodTXEmmzMC7qgMNo55LvzYFgjGc,2000000000,2.000000000,1,1730117685,1730117685,0.005047
Aph5Fu2Rq7cFHuKEM1YB9wZTjkGmFgwrqRJv5xwEQqW1,2000000000,2.000000000,1,1730128584,1730128584,0.005047
ATBoD7ubtqEuTT49aPTvAtxv2CxHiBsEfynxWngSJcMc,2000000000,2.000000000,1,1730130934,1730130934,0.005047
AuoxnRHKNjSkZ8R48eAf8p4ZgnzKV5WY5SX8PfwgoErt,2000000000,2.000000000,1,1729988113,1729988113,0.005047
B4pr3JJBoRBkqY3cR6gpWcseFau4afb9hZt2TKwnm7kB,2000000000,2.000000000,1,1730070057,1730070057,0.005047
B4w6eJSqZJ34T3S95iAhCBB6Q4XsNKh6qjSPn4VS7Ktd,2000000000,2.000000000,1,1730082001,1730082001,0.005047
B65RAq8acazujs4M8zRFSpq9HUrEw6abNnBxLZgenz9c,2000000000,2.000000000,1,1730131161,1730131161,0.005047
B678DfbGjvJCam9NCPLPtaRXqiWWbVMYrwK8BgsYvqDT,2000000000,2.000000000,1,1730123836,1730123836,0.005047
B8FrbbfY3X18xjv34GtKGp3zVRDTKupGXNwfdn3yJBsR,2000000000,2.000000000,1,1729872995,1729872995,0.005047
BAk2xMpCDkfBGYneadpfz2pDYxbQXMdNUJYrd1pz9dzQ,2000000000,2.000000000,1,1729976924,1729976924,0.005047
BDJe91G3D2ttNNyCVs3Nfu5WcfGD47gUmuFLt7S8qnuE,2000000000,2.000000000,1,1730109119,1730109119,0.005047
BDv6zYibsz6zqTYk2q2LZmXzfJYaonUj5UEAdwpKgdL6,2000000000,2.000000000,1,1729875520,1729875520,0.005047
BL241nD23Y4fsUHn6iPqxxiLGf5ZS6eKSjDygiNUArX8,2000000000,2.000000000,1,1729890850,1729890850,0.005047
BM5aJnCi5czmyMQAdbsigeLgw5KpjVfBD375j5pXq95f,2000000000,2.000000000,1,1730114429,1730114429,0.005047
BNe1Z4H6z1oKkc53brKEiN4XkdP1kHhvmuQ15M7Hk1zR,2000000000,2.000000000,1,1730122082,1730122082,0.005047
Bt9izU7AgJbWWWz5WowwHaCTNmR9aAVVPQmLsykqQwUg,2000000000,2.000000000,1,1730079953,1730079953,0.005047
BtK9XY8zEsQfduB7Yswqd3imUaYYksD3UEYHp2L36RfM,2000000000,2.000000000,2,1730122926,1730130803,0.005047
BVemo4TY1AAqWFM4EUPvk56bosWSu7Wsty3bDY53nFYf,2000000000,2.000000000,1,1729872634,1729872634,0.005047
C2WLTn4cgnkeHrCaokuRnjyJai18rGUWnBj41M9Zfpys,2000000000,2.000000000,1,1730094793,1730094793,0.005047
C33R7b1QizXtWQ6YS8QD2j6Seb4vxp8ACeZRrhMS5Utv,2000000000,2.000000000,1,1730115936,1730115936,0.005047
C8QSwrsmAmnVS4HHS56bsVwdSJJqQQCRKhQymH4MyWKS,2000000000,2.000000000,1,1730057254,1730057254,0.005047
CD9cBRJPxm319WpLptutpdvf8B66vNfR9kmgwAEW4NE2,2000000000,2.000000000,1,1729872015,1729872015,0.005047
CDL5UokNZG8dv4itBE3moQmjn7hbtyXV6RucLoFwvMSj,2000000000,2.000000000,1,1730024308,1730024308,0.005047
Cdy7rPoRJSE2w8qcAesh4e9Upi2J9JM41Qcrq5Yj9CsR,2000000000,2.000000000,1,1729888328,1729888328,0.005047
ChEcobazXNCfxQpxJcgJKAR2i2muccgURCJSdUEcUc3R,2000000000,2.000000000,1,1730083172,1730083172,0.005047
Ci43ygU6WBW3X6rjnNPUxJVw5Gxxv9umGDSWBVHs5Xd5,2000000000,2.000000000,1,1730116729,1730116729,0.005047
CihoJUgzg8P2ckPuACyjViQRpbMAbcwqudwycj54wiH6,2000000000,2.000000000,1,1730095658,1730095658,0.005047
CjQ4oXHpSDnRhF7WHSoFhXWxc83Acxk7bzhMPxtnGJyb,2000000000,2.000000000,1,1730130265,1730130265,0.005047
CKnsugBrLUhb1ZiD4uRZeCW5awKc7dqP16gD3bPqxowH,2000000000,2.000000000,1,1730126303,1730126303,0.005047
CkoWrgjt29XvKhLXZZY8CD1DspnwLJszfP7sipwQeLz3,2000000000,2.000000000,1,1730041280,1730041280,0.005047
CmZJFxTo5nHfaDrKAGLcRhqz5L1b7fSLQKhYD93AVLPd,2000000000,2.000000000,1,1729889982,1729889982,0.005047
CnP33htGVwKHF4psPq57QnRpiNTgKW58RyceytoX78n2,2000000000,2.000000000,1,1729946389,1729946389,0.005047
Cq2WEUaSnZi6JxJZS9wgn17NDLS8LrK6gR4hS2VDxxJn,2000000000,2.000000000,1,1730130770,1730130770,0.005047
Cqvn5AW6a75uaLTUfnJvykujDSaNXBt5o7PfytiUuufu,2000000000,2.000000000,1,1730074373,1730074373,0.005047
CR5KozkT8mZv5wCaZHpzSQ1pH4v5HvDYAqX1FmneYfYL,2000000000,2.000000000,1,1729879369,1729879369,0.005047
CTrDvnSjgvazBDTeSfwAmhPwMbLFc4iFQxN8yx4zDKB4,2000000000,2.000000000,1,1729963698,1729963698,0.005047
CXiwn27GMZyFXuccCD8wFmRoK7hsH9DHGoSZ3ssJJG3u,2000000000,2.000000000,1,1729882000,1729882000,0.005047
D1pQBSNEUW5uFFRHXxvwUhhDfqbrtZH6JHG7HzPjDGMw,2000000000,2.000000000,1,1730067731,1730067731,0.005047
D7TeT6N2otwXGa78TWAWWviaC4CpPUrxhrxtH4mWD6hU,2000000000,2.000000000,1,1730075001,1730075001,0.005047
DeFrGw3UC5ArTMYW6zKC1ts1WF3qs5vFoFFeEiGoVnLA,2000000000,2.000000000,1,1730069622,1730069622,0.005047
DGbXNi3rYkGyPR4WgceBhWho3ziemf3W1F4yAiHXxyaU,2000000000,2.000000000,1,1730096921,1730096921,0.005047
DGYoEC3CpfTW8Re2Xw1hyh4R3g6ixHWixCVMPq2dNsnA,2000000000,2.000000000,1,1730129152,1730129152,0.005047
DH4rRN9H2SHQVU6GzoufPT6zvs7JSGXSd3h9qjwgk14V,2000000000,2.000000000,1,1730128463,1730128463,0.005047
Dh8Stei13iSNtuy2P2e8Q9S5usq1a6Q5zqa4V8H9Scz3,2000000000,2.000000000,1,1730062238,1730062238,0.005047
DL9Z4ozM7GskdrAiD9NngBj35svnAwt1BpjW2XjsSR3X,2000000000,2.000000000,1,1730130903,1730130903,0.005047
DLbWPNBbyDirpBa8yTWDuf5K8PQuGFntHVqjKScsg54C,2000000000,2.000000000,1,1730128097,1730128097,0.005047
DRp8Yosbc4BqX14rt5SwmpvxwZa4TdzsX378ZfznwfUQ,2000000000,2.000000000,3,1729873307,1730129737,0.005047
Ds1jGV9JWx9PFkdPAE1sjotbDPZ4LVJkuNmts22na6Dm,2000000000,2.000000000,1,1730010735,1730010735,0.005047
DV8268oMAtthuWvsjDhKJtk21gqBPbELvwtVezT54zpo,2000000000,2.000000000,1,1730130500,1730130500,0.005047
DVpQTAzHjLz6nbdWABaoVao2aYcbvwu7CWxa8BNBoEi9,2000000000,2.000000000,1,1729884965,1729884965,0.005047
DytpY9BWcDoNdSgCjvsY4CV6Lvv1YqJyH9NTrMxmJzzo,2000000000,2.000000000,1,1730095733,1730095733,0.005047
E3JJY5LKTZ6ggVR4NNToJtYo72h8dNx11ywSxti31ma,2000000000,2.000000000,1,1729871762,1729871762,0.005047
E7pBB1naM1KE4wRmdpgjJSsHwhEXoMKydg5ceckhuVeX,2000000000,2.000000000,1,1729957607,1729957607,0.005047
E7U29pyCVEstxGXmqEuaMLpicGBHCEMFuRHcwvGTGAfR,2000000000,2.000000000,1,1730130227,1730130227,0.005047
E7UHY6Wv8GvdPif4qF4ko1bgLwpQwfprSad5WxdbZeWA,2000000000,2.000000000,1,1730081806,1730081806,0.005047
E8W13ky54WuWZ1vCmwnm6VoYG68jtreXqG5e7n5DGbB9,2000000000,2.000000000,1,1730131579,1730131579,0.005047
EBquSGu4Tva772KchED7b7qkaVJHjt5xQCiWoPNCDo2n,2000000000,2.000000000,1,1730125543,1730125543,0.005047
ED7QZWzbj2Z7GgkBSNtXjrc6psh4sWzRsNZW3oJFB2rv,2000000000,2.000000000,1,1730068442,1730068442,0.005047
EEaSmjXwe9FUiEAL4Kb2T3S8L2EmWTfwRLgExQvq7ARt,2000000000,2.000000000,1,1730126353,1730126353,0.005047
EHAxAFoa4dojPWRAeQwxA4kE7HSsJfsu3TgVkh3BFBDx,2000000000,2.000000000,1,1729896082,1729896082,0.005047
EjZvGC4DvtX7Ustjo1XyH4VXEwUp44pi9YyJi2FaecYP,2000000000,2.000000000,1,1730095895,1730095895,0.005047
EkLy2cAXwo8DG5Y4DEUEa3zV9kdoom8E8tGQhqhfzDW9,2000000000,2.000000000,1,1729914023,1729914023,0.005047
Em3ZQod7hiS3hv45G7RT76HbAXFDJ2ZE4mhhNkHTZpgG,2000000000,2.000000000,1,1730089768,1730089768,0.005047
En3e9j1fH7A9o4XF4Lb4umDAw1Vivgg36sTb7pnYDssW,2000000000,2.000000000,1,1730122697,1730122697,0.005047
EqZFodW5c6R6W3rpYpUD9x3o8vej6YBcfBCu5ZmroXyc,2000000000,2.000000000,2,1729976761,1730127433,0.005047
ES5WYbtf56prh9t6Hv1zmMdPiuk2qy3nJFr3mN789oky,2000000000,2.000000000,1,1729958985,1729958985,0.005047
EsbtzsXKTpbWgR4CDWKns68KAafyBudteFWeAzrfPkDe,2000000000,2.000000000,1,1730125820,1730125820,0.005047
EU9dDNiKPFVj8qSTJvQTrkyMo5p8o2ZnhXx8mkjDV9BP,2000000000,2.000000000,1,1730093901,1730093901,0.005047
F2ZQJxXfDhDV8CLfu6G4m9FJktMiUDfhbgbx9VAipCXj,2000000000,2.000000000,1,1730061727,1730061727,0.005047
F6rFhudtg9sWK3GaybhwBNynUtpGn7fia4iPih2V4r7P,2000000000,2.000000000,3,1730125157,1730128644,0.005047
F94GTXHtYpiqBzLSSnAiJejemNzu1xH7SpxcFKYxD667,2000000000,2.000000000,1,1729873952,1729873952,0.005047
Fb8AYGw4T6txEL1gSzdAHCL14nhx93TTYYPAuTW23dsX,2000000000,2.000000000,1,1730126079,1730126079,0.005047
FbdmiG6EEC1MyJGYgi1C1UA7jACmd48548YaT8iBEJRS,2000000000,2.000000000,1,1730094840,1730094840,0.005047
FczxLU25K7ov22vxfKL8nbgpQp3AZoYPvjWXrveN8XWH,2000000000,2.000000000,2,1730121926,1730129468,0.005047
FdVsk1tf4b6QEVpm6TNg5ZoJ7BSSQ8P1cmw9cNmAHWTx,2000000000,2.000000000,1,1730120092,1730120092,0.005047
FfyJrYPXS9CsW4cU1hy5bFwfgHs3uWPW5YHA1mbXdwD2,2000000000,2.000000000,1,1730084265,1730084265,0.005047
FJU9SQHu5R2SSq3eheUXoxVgWzSPDiE5S8s5PUY8GxBF,2000000000,2.000000000,1,1730128712,1730128712,0.005047
FjV9PYXxcjtCRo5rfa69oBTRTsr1poFxcqcW9ieWfiY6,2000000000,2.000000000,1,1730117264,1730117264,0.005047
FQSmguKckUte5uhydy298egaWrn56A2P8M7gq7doYDmM,2000000000,2.000000000,1,1730073234,1730073234,0.005047
FtFnd1AMHHudJemcfMCpMm9rBs7vWuVsDwPP9Hm9uNMV,2000000000,2.000000000,1,1730094744,1730094744,0.005047
FTPUGZB4RETgooQyAhKz4op56y3SeLeydufmpbvAS6PZ,2000000000,2.000000000,1,1730115490,1730115490,0.005047
FtyR29wj38h6PvKoqAEGcfGNBsDSqAgEPEqFCtp5LVeX,2000000000,2.000000000,1,1730072314,1730072314,0.005047
FwU7TeBK4DJMq4jnwNdYd85uPn1iAdDVkRtEBvZ2U33Q,2000000000,2.000000000,1,1730094726,1730094726,0.005047
FYfSAX7w81qqqCis3AD1j8EV38GDRaeNsCS3Rdx93RVe,2000000000,2.000000000,2,1729878282,1729984424,0.005047
G2mpZ1qqYZ8ddegvDT9Wvv1jWF8dnjPwXGAQYcBiGShh,2000000000,2.000000000,1,1730045908,1730045908,0.005047
GbfxancFaxwFNc1xgombGowYKvUn1aKqWXDEZ2V28oeU,2000000000,2.000000000,1,1730130291,1730130291,0.005047
GDSyjzLKNtL7AzyHpBiT4PY7ZjGYa6RztQoudjWiErnD,2000000000,2.000000000,1,1730024949,1730024949,0.005047
GdtyaqgP5qMnFEJu3Z1d1NRYxkW5Vz2G5UM6n7jnKb9U,2000000000,2.000000000,1,1730122375,1730122375,0.005047
GewyNsVuNxoAjpKJeKJHggpEozP7Rc7crnFMnLfJBq7X,2000000000,2.000000000,1,1730131102,1730131102,0.005047
GitLB2Hiy8mhnxwaJTJh5zkHeHhnqfGk5xnKaSZxKVL8,2000000000,2.000000000,1,1730131474,1730131474,0.005047
GiTLC2FGtCvGzrFpbCgr1BRoBWcKipLemozRmTSpSSkR,2000000000,2.000000000,1,1730053041,1730053041,0.005047
GjhAPdGnpMWqDTQXApPpKFWppmhuZ5cRJPfxh8GyJYq8,2000000000,2.000000000,1,1730036750,1730036750,0.005047
GqcoRdzCautq6iebTmXh67k27W7MTDHRiDgQDA5W2dtc,2000000000,2.000000000,1,1730040515,1730040515,0.005047
GRA2hCVQmck6wZiWqPYA4D5vo4Pq82cgHoSGWvhExPHM,2000000000,2.000000000,1,1729990569,1729990569,0.005047
GsuRUBVvURaJEmdCfQjY4vyUNBMPr44QtzVtb7TYYBmr,2000000000,2.000000000,2,1729900914,1730127091,0.005047
GwGPmLobSgVSGrfBtyjS4B83S9RZr24B8qFNC1M8FdRh,2000000000,2.000000000,1,1730094827,1730094827,0.005047
GX9DxfZcHCp7DrdUn8T5yDHnobLJnE9eHvWu5Yh3MdUt,2000000000,2.000000000,1,1729996056,1729996056,0.005047
GxyiHTJ53eGCqSfDpPS81Qqg391DJA3NUzgCBHmN13n2,2000000000,2.000000000,1,1730125322,1730125322,0.005047
Gy9oj4CRfEdEWVkikqsJvF6TeUNKYNAmkrApeALRZhva,2000000000,2.000000000,1,1730126156,1730126156,0.005047
HaiB6nNvsNvDckneUux1JFyUZ95o33gpvfSQqCeEMjSv,2000000000,2.000000000,1,1730134427,1730134427,0.005047
hAJJTvL3uzsHSdDvcXy6JYKn8FzEnLpqbNF98DYkP2y,2000000000,2.000000000,1,1730079708,1730079708,0.005047
HDAxRMTa1Uw7TayYBgmSHZ5Ca8WeM3VRDFXy4ocxU5kC,2000000000,2.000000000,2,1729896385,1730040528,0.005047
HdV5FQJ9bBGSUmQMHsruAwqpTVJbonSea6PEAr3tARQG,2000000000,2.000000000,1,1729961898,1729961898,0.005047
HfVbCWaArmXtFYPZ2S8p4sMLaEivUrxBmfc81xArcxLQ,2000000000,2.000000000,1,1730131479,1730131479,0.005047
HfZsydHtjFkYFUhZoBoSZYdyVUCzMhY222pgcQBotAL6,2000000000,2.000000000,1,1730066348,1730066348,0.005047
HHoACXaDMogQsuRpaSB1GmCgErdWahjaS6FS7aywgLZA,2000000000,2.000000000,1,1730127600,1730127600,0.005047
HHs4imuyE1ECocrjUgMGprbkPohwKjk8GSXzdafL1vyM,2000000000,2.000000000,1,1730126588,1730126588,0.005047
HnMW4mryeUqzJgcMMbhntF1t2XvpBASD3xmccuhBby66,2000000000,2.000000000,1,1730131208,1730131208,0.005047
HQ8wmSeBQg2Ab49wDKLDgEZnxTSKXVeARBV9YSgrfWYq,2000000000,2.000000000,1,1730121774,1730121774,0.005047
HSftMRhQoJGzTB2qmaUeS9kEEhZb3rUA327zHKh3FCFH,2000000000,2.000000000,2,1730120865,1730130480,0.005047
HteidBM2uPvpByboKxUnzWXhnQMjemfaWgTbQqZHkV4v,2000000000,2.000000000,1,1729951978,1729951978,0.005047
HUHKQpeNQcpNTc1RFS9PJzENdhVAZWDvSGi4E786Risi,2000000000,2.000000000,1,1729964586,1729964586,0.005047
HuL3SX5JcZPmmGBazGF9nnnXdN9KbNiqbxLF15ginpy4,2000000000,2.000000000,1,1729961266,1729961266,0.005047
HwJp4Dejd2Ye4n2hgMtjAHhoFwTgGsrB24TkcGgNkmLH,2000000000,2.000000000,1,1730082929,1730082929,0.005047
HxBNxxcQAE4RerXNJbQ98n6TtjoMjGp4uQjqGAJyuoUA,2000000000,2.000000000,1,1730129932,1730129932,0.005047
HYH7RVdcZf9THbwEY9k31kQxhmrVcjzRBAdV9WxNLD98,2000000000,2.000000000,2,1729945213,1730077004,0.005047
HytKqd3eKbYpMLNJUBxSXaPbcJM9sz63N4VicvT676ZN,2000000000,2.000000000,1,1729980725,1729980725,0.005047
ikXys2iF822fsp4M2SwVs9AfRfedyJeCn72QE7BrxFo,2000000000,2.000000000,1,1729960240,1729960240,0.005047
J1CRD9CPYUvpp1U8SHjtJomEA1kXGjApKQof1szgTeDM,2000000000,2.000000000,1,1729968327,1729968327,0.005047
j7rz1ixxLHpK3J7XGy2E862L8vFbvKazj54tPaQzDzT,2000000000,2.000000000,1,1730094868,1730094868,0.005047
JDkD533pWnDVXi4vFhES5MhEp7ejQYWs4cBwuQth14h8,2000000000,2.000000000,1,1729992207,1729992207,0.005047
K8JCYDa4UbDSMy8S2foiYpmkDZ6ZvKhLrnvBZZLQTUa,2000000000,2.000000000,1,1729986867,1729986867,0.005047
N2vjJcLbemRjiwcGcR2UcrCTCM5g67Mvb7ip8tdMMbm,2000000000,2.000000000,1,1730086896,1730086896,0.005047
oxn5mmFJQkG4bxYi9hP5zUvziFNaG5KwQwZHb2o8xt2,2000000000,2.000000000,1,1730130038,1730130038,0.005047
PVuJcmtLHih8krEAfJMLH7gbkcP4KLGa1S5vsferbD5,2000000000,2.000000000,1,1730130500,1730130500,0.005047
Q8pww3Ph1M2KSS8J1BNd7DNrMLsrWfHaYeYEw5qu1S2,2000000000,2.000000000,1,1730127972,1730127972,0.005047
rFsLqpBLK4fjBuwGg61XxcdnPERp3sa7qVvLHdA2ENq,2000000000,2.000000000,1,1730051971,1730051971,0.005047
S4DRAxgnKkr9NX3YgyjJdRNrto3U8mobhjU9ofTCySr,2000000000,2.000000000,1,1730038406,1730038406,0.005047
viiEfRWFqzui5YhVetYKtsxwrLmpgiBmxLYWrpFjYJs,2000000000,2.000000000,1,1730030606,1730030606,0.005047
wGdQM2BnaoD8uFnkVmbDH9M7ut8EDi8JuZwVszsxg8p,2000000000,2.000000000,1,1730125267,1730125267,0.005047
YQTiPHabDen6X5nyjMSJuJ9W54PXS5mr2zyhzhrVSRS,2000000000,2.000000000,1,1730082085,1730082085,0.005047
2SUKqhXS5NEXSARMQ6YaSriukEfLuCW1FvZnMQuNrTu2,1990000000,1.990000000,1,1730104478,1730104478,0.005022
5NrktTJYhjttDedXSSCWSmDcgJZmNpE8SFrggsjqnu47,1990000000,1.990000000,1,1730060634,1730060634,0.005022
9DKNkkgobvwf77Hp7UF8j2EkAcQWBfKrqkdiKeXXbsRP,1990000000,1.990000000,2,1730129011,1730129071,0.005022
ATdMv93hmweDJQNDYBwXNGL16XnZK1bjpQ3hAfJTxrtb,1950000000,1.950000000,1,1730125246,1730125246,0.004921
CAw7vY8Kyk82M5fJX2NnCQYD7sSUdTKNb3Mo89eebKZh,1940000000,1.940000000,3,1730130834,1730131013,0.004895
7aZpioGfqsApzZerRXmvfz1VuJjg6TxRx3YHjRXjVj4P,1939043524,1.939043524,1,1729874670,1729874670,0.004893
39ki6H9itY6F89xJwgPvrE3uuTPKpyfzAgVs3jzqvDou,1900000000,1.900000000,1,1730132864,1730132864,0.004795
3tJvoTbG8nzbS5JGAx9ejkLXDPab1qw5AVSACQ5DiKWn,1900000000,1.900000000,4,1729901691,1730067463,0.004795
3vucB1b5qV9Q4kYGGwRhgFKoSB7scyCqZ5LQREmnzWud,1900000000,1.900000000,2,1730117305,1730117412,0.004795
8tzwxp4Ct5dkoLEgKe9rtFWXXHdpHHFfDhyQ181wZTWU,1900000000,1.900000000,1,1729991193,1729991193,0.004795
B8VTpGbv3hx9BzWHpAdwrmcA8yUoRXTV7eV5LZzE8gT5,1900000000,1.900000000,1,1729889491,1729889491,0.004795
DHgq1dH1aLxnRL1JJf1Mie4vbXnFfSmurBLVXosHrJag,1900000000,1.900000000,2,1729871914,1729892244,0.004795
EWcGJr1DQ3vyw2zstysNJZzACpXR5paJbSQh1GdLYTew,1895167558,1.895167558,2,1730120936,1730120952,0.004782
B7qPeoebANSUbHyVr1PUgyiNEuvJ5p2218hchFzi5gbi,1890351270,1.890351270,2,1730128012,1730129476,0.004770
4kkEFHxig74VwU3rNuUEahN6wh5wkM7f7ovUoRScosJM,1860000000,1.860000000,1,1729988824,1729988824,0.004694
CvcVckwRRdFBsrjjwW7XtWF9DzKKNChCDxhuF3oKbqpp,1850000000,1.850000000,1,1729896409,1729896409,0.004668
F9WSau1bg4NGHJmVM5sTE4XfZQ36Qtm7JSaVHSJiaF5v,1850000000,1.850000000,1,1730129656,1730129656,0.004668
EvxKGhsajjwkeSLputJW141HRLkbpT5H6jEYw8SrRWR8,1846000000,1.846000000,2,1729897936,1730130870,0.004658
Fj7X3soYaQTJYVbskKdXXzfojvoJvPKrmgy6G6RraCjD,1830000000,1.830000000,2,1730036708,1730126694,0.004618
G9CnuLzNrv2MJ6TJxzk93ejYVhdDFvPQEcNkBHxqV3mK,1818166818,1.818166818,1,1729904926,1729904926,0.004588
HCwvmehug4ryUD4yAQLiJiP9zhm3KmREor1HR5wDATAA,1810000000,1.810000000,1,1730028521,1730028521,0.004567
2onUUi2SZS14KpjNqb8PhmA2AJ5GEFe8hpaBKSMCTkGi,1800000000,1.800000000,1,1730131339,1730131339,0.004542
4aU1rEFSWUq7dxhR8eSq3SeavdDhb87DxLfrKhJzgSr3,1800000000,1.800000000,2,1729884745,1730072760,0.004542
4XzBbek6GD5iNe8ABgFXUC9fVfZxEtcFePkRzUYBdfGe,1800000000,1.800000000,1,1729887670,1729887670,0.004542
4yrcfnLhq5FSYhLM2YdUWMj2sjzNDnTcSyT4MRguVFsv,1800000000,1.800000000,1,1730039910,1730039910,0.004542
6zuNa7tDktFVSUFsHfgCp7buBbm6q4GbxzDdcWrtkPZL,1800000000,1.800000000,1,1730014962,1730014962,0.004542
Cc9Dxkd7PcHTimKS2qcrnzSNz4usoB4y2KdBqXiH839r,1800000000,1.800000000,1,1730128308,1730128308,0.004542
CsxN7VvQLiFkuuLywBXYyhckr84fR64jeG6KuC1xAtVT,1800000000,1.800000000,1,1729967936,1729967936,0.004542
3hs3HWfEtf1k2jHEbpHGq1egnzkV8AGKWJYGgX5STo73,1769000000,1.769000000,2,1729874413,1729991627,0.004464
36VoYbF9xhYbXzcd4T5yDWxRCpojTnRS3MceSD2i8pRo,1760000000,1.760000000,1,1730127170,1730127170,0.004441
HBf3V6fioCyHvgYiZvFewuyWAXyrawknkZzNCoLd9cjj,1759000000,1.759000000,1,1729984765,1729984765,0.004439
9bcTHTKMpnZH3iBSFoTADGb2gn4m4gZXmbdKUsscDdPX,1750000000,1.750000000,1,1730042748,1730042748,0.004416
Bvq3EXMs4DvASwfSKPN78JUK7dNF4iJp9dn6jUxhQKYJ,1750000000,1.750000000,1,1730125711,1730125711,0.004416
ECU3TzHCrGUhK9Zb524xAhz7pcihPmqzaxAXBLVJjvVm,1750000000,1.750000000,1,1729871576,1729871576,0.004416
DVTLcnGB1MEmVDr52XrNuE2EmGzc7qvsTWr6mF67jMMj,1730000000,1.730000000,1,1730046780,1730046780,0.004366
EEXyNnc2WdNy4S9b8jug6rvTdQpM93kCqvScgA37p1Hz,1711805648,1.711805648,1,1730130747,1730130747,0.004320
8TQWGgcpuR92r4ce7r61d4Ph3C4PJfkXXsJDJuVNf2Yk,1700000000,1.700000000,2,1730131102,1730131225,0.004290
AN8t3KSwtgdqG9ziCqnWj4TWTbxbGQ5Dg9pCxyWdUXZH,1700000000,1.700000000,1,1729999679,1729999679,0.004290
FkAsj6QRbmX6nS31RpbKMrd7wgBYLZUuM6KdoiwtT9dj,1700000000,1.700000000,1,1729940206,1729940206,0.004290
Gc4XL86Q4Y8oqLGV8vzHMvknVJE8FijoT8SUzXJ58Hfu,1696286440,1.696286440,2,1730069329,1730116598,0.004280
jithP3hGXZXRzSeG3L6RKRgKV7V1xF4Rw4F1kwYuSkb,1692269525,1.692269525,1,1730064005,1730064005,0.004270
9NWuM9yf3jKjU3qUMYviT6bs5CApNiaHi2aCVD1r17N4,1670000000,1.670000000,2,1729872383,1730039628,0.004214
2g2hgspgbcxSjq4q4Qsmthp5sPiWrnkBSmizocDCSmLJ,1660000000,1.660000000,1,1730129416,1730129416,0.004189
E6PFKvGjsEAwZah3pNRJfhikTcQDsiCywA6Vn2PLBU3L,1650000000,1.650000000,1,1730117378,1730117378,0.004164
EZNqdMVDPWCtM5479pkBaf7jQt2CMujHoVWt6AVfQYvF,1630000000,1.630000000,1,1730127475,1730127475,0.004113
DWbxjrfAy6PxrAaCe3aeRBpuLW4hR6r5kLaiozS6dERg,1625000000,1.625000000,1,1730115713,1730115713,0.004101
nWsWit7rBhBsrZoiGBri4qtuV1zwDGqRuaczMPaS2L3,1612195241,1.612195241,1,1729872521,1729872521,0.004068
3ULA8FHDDPfyheQwjAZstStDDT5z9eBUaM4nA71VgAJn,1610000000,1.610000000,1,1729872713,1729872713,0.004063
7HMYzrKdBh1MKef9jjp3t2hXcriyaTN83gZuiRmDhFcP,1610000000,1.610000000,2,1729878827,1730038237,0.004063
3Uh7ndhVvs85pnAC1TfLVvWnT3frRC5QGq7xabAXZYCZ,1605360762,1.605360762,1,1730130573,1730130573,0.004051
66CXHPYEkSNrVC1NpbL3LhdufuqpisgM18qhRD9ZHtEx,1600000000,1.600000000,1,1730114831,1730114831,0.004037
91vu5AJGKPYVx41ENBMss5HUhkn1RwgDxCNFqMAQDfKu,1600000000,1.600000000,1,1730127775,1730127775,0.004037
BpkUptTvt4DxmLgPCwDodFKFNpnT4SNTPB8gUX6p754D,1600000000,1.600000000,2,1729961353,1730039198,0.004037
CGvVvGVEmTdhDaWL1jfvy648ypxQSLZt6MTNQ3hiie3w,1600000000,1.600000000,1,1730129101,1730129101,0.004037
EToskLeZPEU5VvZ99Lu3Xbcnhwn8zc5NszTD665qCvtV,1600000000,1.600000000,2,1729871909,1729887201,0.004037
Fx4GzFMkJx8mTmEXTyamQH6v85e6GbzbcuaQqKGxrjUc,1600000000,1.600000000,2,1729960663,1730071710,0.004037
HV9ZQw7iu93PX24u4pXtF3Liu3hSHA9qFM4kgXTSDo5L,1600000000,1.600000000,1,1730039230,1730039230,0.004037
7s9PkXnwEWqR1EfciSh11GqzVsPetjAaMLtriwxTejVh,1570000000,1.570000000,2,1729915721,1729918874,0.003962
4LQfoQcagoNYtbzTBKDCkjoGRbVprbRbmkcgK4g1CKGg,1554900000,1.554900000,2,1729898798,1730130746,0.003924
C8nimvRGRbg3FGrr5XkicpwGCyhKF58yqwqmcYNq6X2M,1550000000,1.550000000,1,1730127279,1730127279,0.003911
31PxoZjX1hJcytmQ86NuG75weycgnSoGCQAHwAh4vpYL,1500000000,1.500000000,1,1730130934,1730130934,0.003785
3dPHqMs2rGVLGi6Dy2v3n1zoUyq3ymPikKLW5yoNx4C4,1500000000,1.500000000,1,1730044917,1730044917,0.003785
3n1pBXLHmo3jjWQztr4Mei4vcr6QU86ZPqsMtWT6KmRm,1500000000,1.500000000,1,1730122687,1730122687,0.003785
3wDKftPpb9Y4H45uwvh19nT6DkbRK4kBR72zaug8Gk6A,1500000000,1.500000000,2,1729986098,1729986388,0.003785
3YJU6LZBvLPH6gU2oVQb9e2REVbgEGLKBFAJZ2S76Fqu,1500000000,1.500000000,1,1730036805,1730036805,0.003785
45EYZF2H8a6kjX7W4QEkEfrKjVfF1jtBLZWjuRGcukt3,1500000000,1.500000000,1,1730095990,1730095990,0.003785
4dtcGVHoUNJgr9CgTESKJmMgCAheenjoc2mLuLdDcRH6,1500000000,1.500000000,1,1729960178,1729960178,0.003785
4J2WmAXKTSk2PsDB9W8f3FVV3wDmGwmD3MKi8cx73zoz,1500000000,1.500000000,1,1730084380,1730084380,0.003785
4LnioqkC77gDhqNDaqbo2T9MfT5XWq5zTotri9hsVT8Z,1500000000,1.500000000,1,1730121660,1730121660,0.003785
4xHDubvWHJv2Q9nNrxGcqcqmY5vtgx5EeKpANG5h9arz,1500000000,1.500000000,2,1730126342,1730130087,0.003785
4XoG5JY7BdQb7Svpxzb2zCR3KbPsbnCg1BhM66XL6Mq5,1500000000,1.500000000,1,1730040860,1730040860,0.003785
5Bf2HvW4mt32aKeztfnYSiT9JPrAKvgNoQf8buKMSjB6,1500000000,1.500000000,1,1730031997,1730031997,0.003785
5HjHKRueNg9baJJMW5jbNNTQJdZnhDpQib3nzYMhWWnj,1500000000,1.500000000,1,1730043324,1730043324,0.003785
6gHP6D4FZ7xobuCR9KLxYiQdFz9EMMLkHADN17RsPJBQ,1500000000,1.500000000,1,1729876995,1729876995,0.003785
6Jfmu3ZdC3Zd8n2uUSXUV1YLQc3rq7wYeyC6X14JBFVH,1500000000,1.500000000,2,1730127451,1730127466,0.003785
7BWipFwouNsiHCHdPHz7ogizdATdmQV8gQQWEQ76ZXAz,1500000000,1.500000000,1,1730092549,1730092549,0.003785
7GanenLU9EFxD9nPDXaHiEi1VXa8NcJmAgn8D3AArHY8,1500000000,1.500000000,1,1730126452,1730126452,0.003785
7kgG6hrdQb63Zv6tT8NUoS1eFjGy4Vj9y44pQwY5NHCB,1500000000,1.500000000,1,1729873780,1729873780,0.003785
7t71vVQW8WFVGZTNyv4toVDWxnSSYMNz66dHYdhJPKLi,1500000000,1.500000000,1,1730062328,1730062328,0.003785
7TjtD5BKc5hndj7VNYxW5SX5iZcp8K1RF22ciewaFpgH,1500000000,1.500000000,1,1730131430,1730131430,0.003785
86KsJAVjCQf4TSZUU6d7eHnoJBPfuu2GdiSkNyHTgAS5,1500000000,1.500000000,1,1729982722,1729982722,0.003785
8jwXWKbqn6YjkQPG9RHWfDZX5McSvuSJaZevhgiKY8eU,1500000000,1.500000000,1,1730121498,1730121498,0.003785
8nZE63iLxRz9sBaHyheZ6qWMp4RCobFKBvcUy6bLxdWo,1500000000,1.500000000,1,1730128357,1730128357,0.003785
8yxMHrB3tiqd4GshHB2tVBz2595oqmcgcEmhHUsqoJ55,1500000000,1.500000000,1,1730129030,1730129030,0.003785
95B1KJoxvBEeRqo8VpV6LMheDeHwJ7mekkxRrV9UG7GR,1500000000,1.500000000,1,1730096417,1730096417,0.003785
9F4Ck2ec4PXT7JjWZuQPHANPHQWUEZfokGX7VxE2N3f6,1500000000,1.500000000,1,1729987871,1729987871,0.003785
9FMrpSnkcdf3DP591SZdmrFCSDHKcazvX9Sw8MNyaMtb,1500000000,1.500000000,1,1730119210,1730119210,0.003785
9GQup5M433erYknPWQhEh5evZ2oPp7sr5bci4oRFT169,1500000000,1.500000000,1,1730116587,1730116587,0.003785
9qdU4CpU9WSEXCzoNqDdQgyTNZwNrLJ2pZaAT6Rxntrc,1500000000,1.500000000,1,1730078988,1730078988,0.003785
9y7bTjHFUqJdvZAaddNK5XH2aP9JRzszKB26YhEbkfyN,1500000000,1.500000000,1,1730122619,1730122619,0.003785
A98a5X9xqAaowxzsrWjThhvenTEQsHRqT2964UmbYTez,1500000000,1.500000000,1,1730126543,1730126543,0.003785
AAS68Hq2vZwQ1RUwHMusHqH1pcYRgTe2bMuE5AWsgGUF,1500000000,1.500000000,1,1730080467,1730080467,0.003785
Ac5yknZ55hxAbQMugn1N5YGgxxLbcYVebbUp4ja1prkG,1500000000,1.500000000,1,1730007985,1730007985,0.003785
APqq8jbf7EngC2kDpmX9XwQkgs2qJN629XvvjbeWDm8M,1500000000,1.500000000,1,1730122681,1730122681,0.003785
AquExwgqc8QwKRUu4Hu8kaNzs7CR7rtouRDL6oVKqGDG,1500000000,1.500000000,1,1730018603,1730018603,0.003785
AYLGQUXQBZfMRmX1KDoE86rBexN9671mPvYKe1f6S7bf,1500000000,1.500000000,1,1730050367,1730050367,0.003785
BABVDvTbwPd4UeHM3yHLviXBdfu8XWrLDWhpqDrXFuZQ,1500000000,1.500000000,1,1730129707,1730129707,0.003785
Bb3Y5hZ8Cj3kkGLzbwtD1i65dmjoeCPnWN3m1sctffXb,1500000000,1.500000000,2,1730067530,1730129228,0.003785
BbeXBqwyMspYaCNSTPUfonXTFnsyisfZffzQsbNyaZS3,1500000000,1.500000000,1,1730113571,1730113571,0.003785
BKNCmkyMmd51QmyUjKvAHMNvnFrjMrkmezq9kvGGAnxc,1500000000,1.500000000,1,1729957590,1729957590,0.003785
BoHGLfBMx2HdfmfXrREgEc5rujuSt4yqU4w4TbJZ9JMc,1500000000,1.500000000,1,1730120463,1730120463,0.003785
CKzBUFi5J9cdfoG9EXxpji2UWxShvwvvGs9xdnz42wyE,1500000000,1.500000000,2,1730039712,1730127760,0.003785
CU2VQRgBEAEwhYCfhitN2NHHitSpCs2Du72dc5Xr5uTq,1500000000,1.500000000,1,1729872350,1729872350,0.003785
CXfTizwDRjEjx9zK5pn4d5BY2wSqtUsByaRcF4WKzaXx,1500000000,1.500000000,1,1730131148,1730131148,0.003785
CZb3SW6vp3qEGdoNvHyBxqbdHTaYN5U9ptEL5MqoD6UF,1500000000,1.500000000,1,1730130994,1730130994,0.003785
D3AZjdej6eZxV5o6zQ4tkVnAPtSnuAqd9qvghjoXAnRG,1500000000,1.500000000,3,1729873338,1729874984,0.003785
DhdQmynKAgv16zLcCmUQkU2M48PyM4XwYbo64LTrXrHR,1500000000,1.500000000,1,1730068266,1730068266,0.003785
Dnveix8Xowzz7LW7zEhfTQJ8g6LECpS5MvPpfTX2ovve,1500000000,1.500000000,1,1730130302,1730130302,0.003785
DVJFyJc9CXQPK4PPvy1S1gQV9kBWxiZSY2abmCLqbneF,1500000000,1.500000000,1,1730131544,1730131544,0.003785
DwnVBkzD8tSe6jcS71FwLaopB9MJfcxBWPSvbSGSTMXR,1500000000,1.500000000,1,1730048365,1730048365,0.003785
EaDcCb7EEfudynN3gi1ugY4exeuLt7hcEvvfCpVH5Qfg,1500000000,1.500000000,1,1730129043,1730129043,0.003785
EDpmKBVnGuawiZAzZW21srG5VD5PEDRHbXR7u9tHv7qM,1500000000,1.500000000,1,1729994824,1729994824,0.003785
F9yQVByGrnBBvhtLKvQmrYtPZyu8Rms1arPPUqLYayBV,1500000000,1.500000000,2,1730119134,1730130877,0.003785
FfQUYtx2SWbppm427SkZpBQA9NoH79ZYHH9jqBskdsiK,1500000000,1.500000000,1,1730110741,1730110741,0.003785
FProBApYreKt9CmYaEpvx7QAMH42SxF6wETRA7qicPrd,1500000000,1.500000000,1,1729893878,1729893878,0.003785
Fq7xqBXXsP2WLGJGD3uCDtWtx7AwX6T1B2YBFMTnC56t,1500000000,1.500000000,1,1729961522,1729961522,0.003785
FRfoBEzuUBCmUAruXnfxTmrTP4CwUCBESzaQNF7dNZTh,1500000000,1.500000000,1,1730037041,1730037041,0.003785
FsDze5BJraMqHNEo2DBgYMD21kLXgpW5DJmhCiPwxnMN,1500000000,1.500000000,3,1729928453,1730130117,0.003785
G7KcREXDutTe7LyPAza1z34xMrQmPQH79wFpTSP11N5p,1500000000,1.500000000,3,1729895093,1730130607,0.003785
GcRRK81ENACh6X2SpLztsDRGvzYfm24xMt8sqyKLXvwc,1500000000,1.500000000,1,1729925319,1729925319,0.003785
GGSC3aErM6qJRSB6tkWGFn3c5ghaxDDMTPphup4kChCf,1500000000,1.500000000,2,1729976506,1730128368,0.003785
GV2fw7g5spHT7VuhSZG1Tm82tnXJipxsxov3UzhNAMxH,1500000000,1.500000000,1,1729900469,1729900469,0.003785
Gy5PuDVXUqVX88CLvLpjspDsrv53CMuykuovCAnqB9nY,1500000000,1.500000000,1,1730092161,1730092161,0.003785
HdFUTbVLWywnrL1z2skoU7FkdAanxwz6vMyGkiTSJ1wx,1500000000,1.500000000,1,1730129448,1730129448,0.003785
HeFzjgpkzwbNHud9EWZovem9gTE1uMnoaB4tRtPYQ1on,1500000000,1.500000000,1,1730093829,1730093829,0.003785
HnEwBXMymqXzCk1r8ft9Kg3c6YnWZiSJo64Fw8ES9oe,1500000000,1.500000000,2,1729895424,1730036641,0.003785
HNgXr7NB34PRJuiJjahy92vrE8VdhjrSj92JFkJhWRQq,1500000000,1.500000000,2,1730041034,1730125761,0.003785
HuN1yTv8AAz6bavt5bcjUTUHd3jCQ2SfVSWLryxtFz3K,1500000000,1.500000000,1,1730040105,1730040105,0.003785
HWriH7L1nTSmhW6PKd8RnuVdQTCpbK3FW4qbG17vCSg1,1500000000,1.500000000,1,1729876806,1729876806,0.003785
HzPaVxd7yzRgLwsbugutmtGifJX8eUd3woJz9KPkTba8,1500000000,1.500000000,1,1729985359,1729985359,0.003785
J7ej6LZsaD5imUT3NiDY3zSz6DMeWJudCzW9z63NSU4y,1500000000,1.500000000,1,1730108127,1730108127,0.003785
JDebAr2yCJNoyehMRwqSHmsufrzdTDdug5wZwQaS18NQ,1500000000,1.500000000,1,1730040221,1730040221,0.003785
MMXgcjYJGKgMLf2THhtAdHMrvTsQpQyfaSG5AWJCrHk,1500000000,1.500000000,1,1729956837,1729956837,0.003785
8EjNQk8ikv46Rf7q3hsZdMLnai99P2KTpKfyXqAgq2yR,1490000000,1.490000000,1,1730131031,1730131031,0.003760
FqBXrko8CG1PDA5KP9VDwWywe9uHPdE6TND7NiCbCaME,1489985000,1.489985000,2,1730042863,1730042882,0.003760
6THsH2taaQLjgCje4hKKQouqD3AunymjXoe8aNqHz1jX,1480000000,1.480000000,1,1729905669,1729905669,0.003735
6ZxmkgER8d4rfRvgUN2TCsxMHKCPLmtHEMhcYwRjkf24,1474184463,1.474184463,2,1729976109,1730127087,0.003720
qMgvCdu6nein1RhbYJFdcfvJgiiJwL5Gv9PFiaAFYyN,1470000000,1.470000000,1,1729878003,1729878003,0.003709
CeYRmUVqQ1MBeJr1FwULaH1yAtuPbg5kCWj8LLJi5dxH,1469000000,1.469000000,1,1730007921,1730007921,0.003707
9ZXpQ9SZBgUuyw3J4rk8AZ5yD4YiqBBBWvo1nYGnYPPr,1457939826,1.457939826,2,1729882750,1730122442,0.003679
C8U7mKAz7gbeAKECdQNVC6Vt31rCKW9oqAuAxVahFdiX,1450000000,1.450000000,1,1730131145,1730131145,0.003659
fcaSFcNQfS8KyaVbAc34QZGuxqDbvi7gy7vNc4p1fah,1450000000,1.450000000,1,1730130317,1730130317,0.003659
2oirxbRuX8gqesJ1NEC7cBbgnhsRuDsQuUSLyyUbZmpE,1444000000,1.444000000,1,1729881225,1729881225,0.003644
6U4J9rzzRpCuBsY8vPKib2vC19ZQCnLXevRs9p6e3n4h,1440000000,1.440000000,1,1729892228,1729892228,0.003634
u4BAPGQ33MeUgcQsz1jNd9A62uFGr2pztQzCUkYZYTS,1430000000,1.430000000,1,1730130740,1730130740,0.003609
2xocGdJNcXBpYCW7griR8J7SENfhS7xPenARV6Rqh63p,1420000000,1.420000000,1,1730120399,1730120399,0.003583
9uSXKV1mibjvFDCX7Csvevxh6iXxALGgmWPPrzun4a68,1416000000,1.416000000,1,1730041766,1730041766,0.003573
F9Mvv77dAf2gJmZiwvqYs8CzeG9u1VzsJkWwpguZipaK,1402595202,1.402595202,3,1729880666,1730126394,0.003539
32utVBq38nKRBdWnWRh8qBVK1gMmYkv9ycUfad5zupco,1400000000,1.400000000,1,1730081298,1730081298,0.003533
56BHx3cDfAh46kDWEwAoBrhn1ixEaqGiJdMUjBcfaQXQ,1400000000,1.400000000,1,1730131279,1730131279,0.003533
71rvJ1eNJaDB9StbyFrVaWg74wcBqZMfGrAnRf5PetD3,1400000000,1.400000000,1,1730127893,1730127893,0.003533
CJFzgRGTxPkLdcdrCeg759eDBCS8tC3eDSZoee8GbVjQ,1400000000,1.400000000,2,1730003477,1730082892,0.003533
HHjMCQaJi3fPGZSgFkxaGLDR1CJv3sTFjHkFfgMyhv1U,1400000000,1.400000000,1,1729962607,1729962607,0.003533
64dsMhEaa5LSF7NidPPrufwEi2eyiJCknSHib8a4ARxQ,1380000000,1.380000000,1,1730128700,1730128700,0.003482
E7YxdBNuJQRiySAuysQ79pXWaUbxd646G3ZVWMe2oT2n,1380000000,1.380000000,1,1730118126,1730118126,0.003482
EZh7Yc1mQBprJTXFjsRfnXji7r25ciq41RCPfvKpnF1S,1360000000,1.360000000,1,1730046982,1730046982,0.003432
F89BSuFUPPyvSeBVi57g2SM5o2vRHnFXDcAGyuzqnV2i,1360000000,1.360000000,2,1730067617,1730130748,0.003432
8KtXyXVJHbBYV9zAp91h2W1JYJHr6me9HhnPuxsQvFHS,1339242500,1.339242500,1,1730130862,1730130862,0.003379
EvuXzrUgjDHyja9CnYPJLDxNc3iZ5Vw3iTsCbDYCuRQq,1333000000,1.333000000,2,1730061755,1730126242,0.003364
6ks6mPp2hBxJ3mGfwyWo5G5C9qiynqi2mKWas9e7hUbg,1320000000,1.320000000,1,1730123252,1730123252,0.003331
rLYshWdiqVJe2UMA2NdNFKx34UfsENKuphs72tKT5cV,1310664960,1.310664960,3,1729985495,1730928777,0.003307
2phqBS6377ppCL5G74QzRT4R4pXib5DGkvaoEP2MzjxY,1300000000,1.300000000,1,1730129437,1730129437,0.003280
2PMhVodVhNZdH9fRwwA3UJSdAWmD6JXtmMUxgVNc7Jj1,1300000000,1.300000000,2,1729980145,1729998839,0.003280
3boZDXfRENnhdwrPTB3j7hvhQoMPdW6HUTNFRugFSjpZ,1300000000,1.300000000,1,1730040541,1730040541,0.003280
4JS9r8FtVW1xuwm88sfLpVF2P1Z9344jS6Cp772BAijz,1300000000,1.300000000,1,1729992278,1729992278,0.003280
6kNAABvFa57U3oPYsqdzAybvhwAiatQUH2Un76HwQ2bW,1300000000,1.300000000,1,1729876947,1729876947,0.003280
6smSWbcXUUDYPnBrWMTGgHfueDm8gawFzxTzKEDb45jD,1300000000,1.300000000,1,1730128069,1730128069,0.003280
75Nv7qiW5YVSHiDitkHDkqNLDwyFD5KeNsM65qM2yfsM,1300000000,1.300000000,1,1729950487,1729950487,0.003280
8bUseTLWGrsq4ntn9boqsRyqcqw1DZfi1CkzoFGoqyR8,1300000000,1.300000000,1,1729939337,1729939337,0.003280
G6SUdTbyhtR1n7xNHU521emxHR2zn1FEdSMo6ivhgvag,1300000000,1.300000000,2,1729895472,1730127762,0.003280
H7Q93hVDC6KKuo679tjr19tw8SQAHjdUf6ZX3QJARu7f,1300000000,1.300000000,1,1730072561,1730072561,0.003280
BCVAApPZGnbp7yaF5YQqPF1YPbCnwmU81Qiri852YcoX,1280000000,1.280000000,1,1730130698,1730130698,0.003230
5vy5VAmXfTHLaxeaqVoLdUP2bxu8MsnVu45ArQWhPiCi,1270000000,1.270000000,1,1729877176,1729877176,0.003205
2o5uuXqt5d1epB2E1DgWyU3HEFfbqPymWf2DR3HbAFZ5,1250000000,1.250000000,1,1729908005,1729908005,0.003154
537vZX4QJuHWQLMfX6SgN8prewkZqEj6CCVjJZHMDe6f,1250000000,1.250000000,1,1730044323,1730044323,0.003154
5zDr96KCgYqpq2XLFCchJHBT3dX2FKQ5nEEGoLBCJ4f9,1250000000,1.250000000,1,1730124302,1730124302,0.003154
7a3NF85WpxyEop6BuVZK7xF5dXSjf5jv96rtCTEq6cAW,1250000000,1.250000000,1,1730123459,1730123459,0.003154
7x43hV3FCi9fCXmdAv4FxYPhUcTx28an91Xt9uwmFrXx,1250000000,1.250000000,1,1730129385,1730129385,0.003154
DbSkrw3Gms61CNMmBSpCGDjVruojn6R7vs9iEaU9qnxi,1250000000,1.250000000,1,1730095092,1730095092,0.003154
Dxo4hNgxnrvRG92tRajUrENEFrNKjzDXqfUGTFp1wtpf,1250000000,1.250000000,1,1730081383,1730081383,0.003154
X9p8xLutzPFqE3Tgoc8Puvc36EqqP2c71Zp6F6pGa5L,1250000000,1.250000000,3,1729909427,1729955872,0.003154
FVxcK8DRZ4BiZfpdpU7mrxnHrT4ERLbMWf7kbuyNPJxh,1241510179,1.241510179,1,1730037696,1730037696,0.003133
GZf2s9h87SU9PMi2gxQxjvy7wgUMDiqkYLcggcU4QTe9,1240000000,1.240000000,1,1730128700,1730128700,0.003129
6qVFLtozfGaJVR53junF7n8XbU3xLD7Q9HrB1tvCA4dc,1236396275,1.236396275,1,1730129285,1730129285,0.003120
DvvtQJjCUu8zfuHt8TbqfBDQzhvQVTV53pUv3vA6NQpx,1235635544,1.235635544,2,1729873188,1730130197,0.003118
4DZpHzq5DdJftHngiGPgU6DLLePhpnPpGUsmm3w7AZZr,1230000000,1.230000000,1,1730123427,1730123427,0.003104
6YyYj8Usoxzn7shKydaqE1m1kLqZUy9vssY9UVbHh9ys,1230000000,1.230000000,2,1730130508,1730130956,0.003104
8N4rG8zciFPm8svi2fTpRiVhM4zvGZhjbAuT5PrvuTs8,1230000000,1.230000000,1,1730110966,1730110966,0.003104
HTULe9cJnnDASYoJ9W7yeJUvFZGhkQJ6879qWfVYUqyb,1220000000,1.220000000,2,1729961606,1730125591,0.003079
2iu6tb5A4JAhNkLCL8ECjgkP8MQ23KMfDoqreacGj3cq,1200000000,1.200000000,1,1730122977,1730122977,0.003028
3w2B1VprBwLtYSNTBiSuvYMnSaPghuQpTv1dsiEkuwGF,1200000000,1.200000000,1,1730119972,1730119972,0.003028
4euyxUK8qrGS2tM1Y1QqarAoSyXJF8KpBPXXBDTFcroa,1200000000,1.200000000,2,1730047742,1730130611,0.003028
5GZ2KXZbyCoxG9oi9xgGEj4aNy2Mirtyi2M4nur8RuF9,1200000000,1.200000000,1,1730000449,1730000449,0.003028
75gdBrjESYY6BPz3DyfEZdM8j7RzWR2rkBJJtJNiEhaK,1200000000,1.200000000,2,1730021888,1730042009,0.003028
7aWQdj4pBwyXKFWha8roKKk15pru3Q9CrX2zC7BmwfDc,1200000000,1.200000000,1,1730122489,1730122489,0.003028
8mQq9y4xUseWq6GMbSSF2LPGURDo65BSNBptfDGyFe3b,1200000000,1.200000000,1,1729890828,1729890828,0.003028
97i4Wj3srgK3cMmvQaGTkPBnezKiTxeCT4xKR7bc8ZdM,1200000000,1.200000000,1,1729889338,1729889338,0.003028
9Mtzp5KXKj44HK26Bi8A6HfJCtT9Lk2NPpf5yuSJzHQq,1200000000,1.200000000,1,1730030460,1730030460,0.003028
CAusTwjmV6Jb1fF63Z7hbn7ioy9U43YwQmuZNoeNPBP5,1200000000,1.200000000,1,1729996006,1729996006,0.003028
CTopa8XN9CHGWRgs2NocVNXk1bqm7EBWBVUEMds5YBWP,1200000000,1.200000000,2,1730043095,1730129447,0.003028
DkuCxnHQSitotkQXDVDcqPy2Q8R6kVf7TLjfM5rimdVF,1200000000,1.200000000,1,1730091893,1730091893,0.003028
DLRNTv6XoSk59f4Cd28TL9eVuRThZrHi2c6zNt2ZvWHF,1200000000,1.200000000,4,1730122150,1730131065,0.003028
DN7aV3ALC3Z8Fsn8M1JForw6oea1MTYgokUVeVozrfrp,1200000000,1.200000000,2,1729944729,1729945805,0.003028
F47WHasZewsMSoN8xWCbakwEZPz7Y27mmc6oK9bc2gn5,1200000000,1.200000000,2,1729871929,1730128597,0.003028
GMfJwqM6LV73vzcr4fziWm32eCQMQ9AE3BK62N185abi,1200000000,1.200000000,1,1730026385,1730026385,0.003028
gQLY978zrnU2dNXS5WzAewiqE44RRcEvQqBoCyunF2N,1200000000,1.200000000,1,1730131270,1730131270,0.003028
GVAw8N7yUGEUkmtGJHMvjYkXMPzHwjRN1MuuNzs9D1bk,1200000000,1.200000000,1,1730043139,1730043139,0.003028
HbE1B1csCgFkyatKS2gQFBoXhrdPk9ZiJsTHdf4dxiCE,1200000000,1.200000000,1,1729965768,1729965768,0.003028
HUDYSWR9rcoPJUTXfWuvcxZH3umfpXishAZJTyZ941pK,1200000000,1.200000000,1,1730023103,1730023103,0.003028
3iZ1gZKbpSsBjk46sBgonZg7hQ54HzFiuiFTYLHSSuCG,1190000000,1.190000000,3,1729874724,1730016956,0.003003
85ufnvS5DZporZBitDLGRMenA7M6zMBinSzZza2uWJfB,1179051008,1.179051008,2,1729883288,1729969475,0.002975
3fwT4mWqBXGRyrZrj3inyoFPS7ydwUAZXr7W8BqsN3NH,1173529636,1.173529636,2,1729958052,1730127967,0.002961
4HA6uLrjPJHVaUJziTsmghLT869eZ5LFiLbqme66Hrh9,1165229550,1.165229550,1,1729871894,1729871894,0.002940
699RpshAiANDMpP4pRPFzCNsJ9vPJRSzfnDpDnPLDgxm,1164339965,1.164339965,1,1730118874,1730118874,0.002938
HJwdhSYiYMniw2rr4yEbjNh2V18wS6jMwipycb9VqJwG,1160000000,1.160000000,1,1730118226,1730118226,0.002927
4Mre238LEhygH3UL9HN85sQ6gbGbuckfqzrfkVwAjL9k,1150000000,1.150000000,2,1730129655,1730131323,0.002902
4nM3WGr4jPzMq2yT6HoVo2P5eFTRmUNf2FWwaHypPHoL,1150000000,1.150000000,1,1730083214,1730083214,0.002902
5yL2sP48e4MZv53HZUsdLHuVAs1JUJq4VzVc5Nf8Pad8,1150000000,1.150000000,1,1730058411,1730058411,0.002902
7onchAD5Qz6cgFA9UGPH5U5KRvdAVw6RbzqYF3XxuNo,1150000000,1.150000000,1,1729933814,1729933814,0.002902
8acaYkBAuw4DB6Bu9wavvp9qp6QrynuzuFr6mjxA2VEP,1150000000,1.150000000,1,1730121729,1730121729,0.002902
AWEbSrLg4viXmD4BZiDG5Q7LQw2yGhkTMUW7EQky4Yr9,1150000000,1.150000000,2,1729893209,1730000683,0.002902
EFdeQjARYfFMm8x7jc9jWXmngjksbSMzWPpUEsoWHdJz,1150000000,1.150000000,1,1730071793,1730071793,0.002902
iPgQf8Y9wm4QQdMQZ7s8XLX45yMpfRLwf2rLtt8kzqQ,1150000000,1.150000000,1,1730073159,1730073159,0.002902
sxCfqCSRMRcUrx1ZUiaKYpuYWfbJVLNFSBCqffe6969,1150000000,1.150000000,2,1729981165,1730125800,0.002902
A4EHL76JtPx6LDd8DiXJdZxLAaisxdv1C763iCmei3Mg,1148000000,1.148000000,2,1729996537,1730037492,0.002897
FYX6GMfQyuXRHhGhcR3xUhSdJtuvyW29zLyWdRB9Z8R8,1145000000,1.145000000,3,1730046375,1730088748,0.002889
79dfkvAnAsap8AaYECJ2q59dfUfYmheNN71Qwr76bfkb,1139985000,1.139985000,2,1730067208,1730131328,0.002877
4kRNj3SKsMnjkAHaEHSdazcNBRz9V879w7jcK64KSysG,1137900000,1.137900000,1,1730097578,1730097578,0.002871
6yq4vwMM5MpkfcDhT6gQ7xyjzqrXUDp1ZvjJBynHXEiD,1133877932,1.133877932,2,1730101064,1730101080,0.002861
H18nFYYYeYMGfQn8KgYnCyFwEVaL4m79m69JTAhBy5bR,1131000000,1.131000000,1,1729997088,1729997088,0.002854
5XfqrW3uxZMjKdC5XY5fUAyrqXhKdkQ5YkU5WGxuwz3m,1110000000,1.110000000,1,1729906255,1729906255,0.002801
9B8SoXBV5q6TvXoqP3PuvPbQq1Tw69vr613fw1eqxZE2,1110000000,1.110000000,1,1730092989,1730092989,0.002801
9Q4wz8aEJFNA9vtK4kKByBFUM5aQVdpQRbVfFR9fTMsg,1110000000,1.110000000,1,1730123276,1730123276,0.002801
CvU1hyGhjrm4NoqRnnJtWaot19SozCprw7adFvHP3kzv,1110000000,1.110000000,1,1730093045,1730093045,0.002801
HyDySTPgftq6eowgAFoLpHfP5tQXTGM3fBA2FjAkqBrn,1110000000,1.110000000,2,1729871567,1730126147,0.002801
3F43GRim9pQLkP3iCCGVdDQwUqu2HFBJLf7Uj1d3hmht,1100000000,1.100000000,1,1730084313,1730084313,0.002776
3UuUvUSnmYYojyyGQXpWXcERG6y8BwTJuQk35WtrudVk,1100000000,1.100000000,1,1729922911,1729922911,0.002776
3VHxjhsgw5a3cLjVfHGenGMPcVdrMxNRz7jMbzSwTZ85,1100000000,1.100000000,1,1730044044,1730044044,0.002776
4gJxwmPMU9QU5weevhFhuyd9376GjCiUh8b7ecKnRK2f,1100000000,1.100000000,1,1730127206,1730127206,0.002776
6jsVGif3xuftNUzcB3UhTX8Ff9a5aKDu8mLLkjDrjvAo,1100000000,1.100000000,1,1729988143,1729988143,0.002776
6U2TUAfDm4UJRDiuiwecaVefZfUvjSrU6qqXtN7mnAL1,1100000000,1.100000000,1,1730124743,1730124743,0.002776
6w2tbEvaL3qVrhkiqQJuNirLnkzAK12Qmp4yfq6scV8y,1100000000,1.100000000,1,1730110393,1730110393,0.002776
92Fd6bZPGit1z6T4hw1jcyNUrszn6Gp7uGcJpkE8NKB4,1100000000,1.100000000,1,1730131428,1730131428,0.002776
9cJ99kPifRXdxsTfu1nujoqeCyphXN8EzcC2g4bwLJGJ,1100000000,1.100000000,1,1730022711,1730022711,0.002776
BQz4xRWATkXt8ZMiVFtZHoutLENj8ECss3XqFkEjyLN8,1100000000,1.100000000,2,1730081851,1730130597,0.002776
FdUrm6jdeJoVUyYf6LyH89iXTjjkLok11E7CDYrPf3gj,1100000000,1.100000000,1,1730129437,1730129437,0.002776
FNcrF6nt9BXswJrHom4hNmXCeW9no2C8wKh5UqdP8ueu,1100000000,1.100000000,1,1729894179,1729894179,0.002776
FpRWDht6kAmjwbuJ7AM825EAsPRmrRq84VcZfF7T8oRN,1100000000,1.100000000,2,1729894389,1730129885,0.002776
HxgSZABvpU1s54C4KVfeSDfag4c8keVt7RTkZCGMGygp,1100000000,1.100000000,1,1730130850,1730130850,0.002776
DXRCx2jDbS9RE1L91H4SZQt8f6W2QnZfobq98c3zCS14,1099985000,1.099985000,1,1729880219,1729880219,0.002776
BEru4uXAz1mkHM54G3qihVCZJVu1xnEe9kTvcz64vUVB,1090000000,1.090000000,2,1729949597,1730129999,0.002751
236m59LwEfFn24U2GSaTxnjAE8cBao15vTh3b8BS8J48,1074648449,1.074648449,2,1730122281,1730127418,0.002712
Fah5KkFCDX5d2yMTZzHbfqyzDyQ2KBcygWiafXhKhZuk,1070000000,1.070000000,1,1729993666,1729993666,0.002700
5GJh77DEihDw6VQ9gAXhjbT7ymwuXefdP53UxxgnG4Tv,1052069000,1.052069000,2,1729960989,1729961092,0.002655
4jBrq93m4p3aTVvfYdTV6KYHdWVw6a1cD1ZVX3CsoVHP,1050000000,1.050000000,1,1730120795,1730120795,0.002650
4nU274irGBRUVwNzbt3KK9sWi3L8wdczFam2Sr2ZRUhc,1050000000,1.050000000,1,1729892295,1729892295,0.002650
4PygoXdiNArUNWbpTLF6rUKgmaMqD8FW4hJAZcZJksW9,1050000000,1.050000000,1,1730127478,1730127478,0.002650
8twiFg2dTwhWR3pRsTxvmACskki21D1diKcvtkS4nuQp,1050000000,1.050000000,3,1730084032,1730097827,0.002650
8UJ2fz6SLCedMRjVTnQckRZDQ2zoPqB6hxRwydpKy8Z4,1048483408,1.048483408,1,1730131051,1730131051,0.002646
AvRq9V1vdDsQ3TqrTxqLR6grHSWYLiVKvfDAX3zAY2Di,1040000000,1.040000000,3,1729989439,1730038708,0.002624
BVVsDS5mk8sqygfjmcHLy7E67MGnwDWrgg9vQJjkf4Mj,1040000000,1.040000000,1,1730043595,1730043595,0.002624
EDw2WkPnGk9SpqMYwsPfNXs73FxE9QRBbrek7NAcpBvx,1030000000,1.030000000,1,1730006516,1730006516,0.002599
EUMJ9eYQSKNFmZ7LAy6P8a9REYGBnvoYfkK46EPUcQea,1025000000,1.025000000,2,1730127545,1730128784,0.002587
HqKBYpYphJEHTK42hzqt8aiuxK7VvF6NH3jZaVR1j1S5,1020000000,1.020000000,1,1730128081,1730128081,0.002574
2AWJmDwbavptQ9bKLSehKBRgq1btx4czqAtDnzZdvTNn,1010000000,1.010000000,1,1730001498,1730001498,0.002549
4B8F8J535r6T34ktCAM8K9Mx8VoWdtbVYJEcL26pVBjG,1010000000,1.010000000,1,1730129708,1730129708,0.002549
6adpnBbrqiu9R2pzMfQMj3m3egtbMNSgFbWwkx3bwLNm,1010000000,1.010000000,1,1730128197,1730128197,0.002549
8YwNDiMfnwbUY6vzcoVUBy2t4aziSKR99vS1zfs41Cew,1010000000,1.010000000,1,1730039623,1730039623,0.002549
EFYGjXZebPs3K7vKM1LdnSbMTM8UH3QFY7H4KmNx1rC8,1010000000,1.010000000,1,1730128150,1730128150,0.002549
ELGassE7y4UnS7AzT7qmcPGhuxKDBRKzs6sbRAG3MWHH,1010000000,1.010000000,1,1729993012,1729993012,0.002549
FJzAAtTeuSb5e4q85HcqWuzgnTnJqk5rLTuKGNPHVZpq,1010000000,1.010000000,1,1730130863,1730130863,0.002549
GvTkehfdvPPh9PQ3fw69XTpHFrsdaYKRps1DwWRiEzqL,1010000000,1.010000000,1,1730128867,1730128867,0.002549
Hb1vXmQLb9EUUHboXg661J8PCr2aJsgTeko9B81WPGTq,1010000000,1.010000000,1,1730130768,1730130768,0.002549
HbyPWdzA7jwzsS9Xk2TppEACuvSHNDgKGwZDKesc2PhA,1010000000,1.010000000,1,1730130150,1730130150,0.002549
HFhhpgVuYsrvRSE4eAj64Wi9jSRxCKFiH7dFnWS1oM9E,1010000000,1.010000000,2,1729872899,1730129627,0.002549
EbXkivhcxhbnhTshoLY6itaQCePBTAXZMcE8my7c7hQr,1007701014,1.007701014,1,1730064373,1730064373,0.002543
A83dg2FooMaDVUhLwCocvmWkCHJkbbCTBt5cADNfq2rX,1004462998,1.004462998,1,1730037802,1730037802,0.002535
EWVv53DmwqTq5HgZf6m2jaeJfKyG3w54ovvNY1ZaS451,1002196700,1.002196700,1,1730131138,1730131138,0.002529
132v1MTobarXHWpLrACvprEr6GKwY4Dvvp5ef7k4zRP7,1000000000,1.000000000,1,1730032094,1730032094,0.002523
1411aQgimgPBgo1P75JnhgB1GhQa8Hwdxq9HuEQeaHBq,1000000000,1.000000000,1,1730131338,1730131338,0.002523
22v9ff3ZT831NzQ5BBjrHPxu2g1fJr5juwNciVMWaZxN,1000000000,1.000000000,1,1730044623,1730044623,0.002523
23j9dG8Tsc3odo2DFV1xiJSWz4ZvEbtVph5nQN7YqH86,1000000000,1.000000000,1,1729876403,1729876403,0.002523
24MTAVh7fAEZxKANptQ1PLT1ykQL8k9riSRN2V6H7tpP,1000000000,1.000000000,1,1729874776,1729874776,0.002523
26PSTTFkJwwbNb4UKLnNfKAk3XYk8wiPNb22Ava542J6,1000000000,1.000000000,1,1729899541,1729899541,0.002523
28zdSnJjwqW6jzfcC8xn2B4Yw8vP37gLioaAjxjL1mJp,1000000000,1.000000000,1,1730126936,1730126936,0.002523
29FqPeVhmGFoMjxzWv9d9GACPMhTy3ybsfgjnE9zuEZw,1000000000,1.000000000,1,1730029072,1730029072,0.002523
29tBdik81jMRETPB352uTEiRbmaChYDDjWSswF7e81Nm,1000000000,1.000000000,1,1730072986,1730072986,0.002523
2AFCWyDx5ErTiFovYgYKydZLQ345A7JpN4JSgHNWkaNK,1000000000,1.000000000,1,1730001724,1730001724,0.002523
2apyXr9os7XRKpvBMKDMUMamHQz1YbCuEY6wmB6UdyVY,1000000000,1.000000000,1,1730127391,1730127391,0.002523
2BYixv6yBS6hWMm1DTzE8v2t8FEE5nBAwabL7tRTnEkg,1000000000,1.000000000,1,1730119603,1730119603,0.002523
2cHZWErG6j7HTaykxgEmXU78hFnBiEpCwdihUv9kQfUU,1000000000,1.000000000,1,1729892497,1729892497,0.002523
2EFmHGYvEnAMRPu8x8AoDFdTdRBEuRK6tR78ESWWft24,1000000000,1.000000000,1,1730124067,1730124067,0.002523
2f9zQiM32DuDKfVnT22k1yrpyikGNzUHpsL5eaBue1je,1000000000,1.000000000,1,1729997912,1729997912,0.002523
2fGJsE69xURQBdhUDkiFt34BMdV11iLXtzatyN1Wi9c5,1000000000,1.000000000,1,1729877293,1729877293,0.002523
2FM4RwfxJJS2f9a43uXqBbn3wVg4dq9d8Lyggj9MqybE,1000000000,1.000000000,1,1730040592,1730040592,0.002523
2GCcrdC9NCrPYbtK2nPL829sznPVLKyAqUoqdMhM8DDb,1000000000,1.000000000,1,1729962853,1729962853,0.002523
2ipSK2ZyFfSQATTJKGsP8qVt6odgVjUBDbjuJU1UhTkw,1000000000,1.000000000,1,1729903449,1729903449,0.002523
2jXnqL3beE4vihSPBp5CThwa9giWwzQ8CdwiDndNFuqB,1000000000,1.000000000,1,1729965606,1729965606,0.002523
2jzfrfART2jQatnpNESZaGgarX7tmwHmqCgQdsfBobyj,1000000000,1.000000000,1,1730036002,1730036002,0.002523
2kpTB3km6a7z6MGKfNM2UDdMfTxQyU2ehzJSdEjbHQ9D,1000000000,1.000000000,1,1730131350,1730131350,0.002523
2Lmkqae9z4qw6rcfFSYBzW2xbWorGQhj9nmaTWx5dTeE,1000000000,1.000000000,1,1730131183,1730131183,0.002523
2MNFvE585wpfdMYE6tTGJMvvbmY1FWoXqNGjot1mXhhi,1000000000,1.000000000,1,1729987275,1729987275,0.002523
2mnXTRbcT7GEpeJHMbQgKK6rJB5Uv54U8M1nYFSKoeGL,1000000000,1.000000000,1,1730040850,1730040850,0.002523
2MYURx45TkrU1Q1SeNxRyspY2VCCcYpEVAKQ8HNjRqZ5,1000000000,1.000000000,1,1729895633,1729895633,0.002523
2Nv4ugCYqyuCK695sFRrezmSfbpDSg9gSGPXyJdJ3CW2,1000000000,1.000000000,1,1730096625,1730096625,0.002523
2nWNBnDUhSDojUBNzRgkm75hAysEso7g87XS7ktmCB91,1000000000,1.000000000,1,1729896757,1729896757,0.002523
2pRCoyGbwG7RLaSoshVsAJRaZBhKfbpwuLR3uH7LTwzZ,1000000000,1.000000000,1,1729956081,1729956081,0.002523
2QFQniXm2JURaJ2YHsRmhVPTcnxUFp6pDi4aPwraPb4x,1000000000,1.000000000,1,1729921865,1729921865,0.002523
2r6d7AQ42THXneTBt1ShUNiUV1FJtFYfaoFJzg42uRon,1000000000,1.000000000,3,1729880747,1730111838,0.002523
2SvzBuNN8MAgm2LQPHJjKoi3tSSALdSqsj3ptoX7QKzu,1000000000,1.000000000,1,1729929226,1729929226,0.002523
2tHEEzc6Bd7eYgtqoudiRteLgWR9SwV4FjCn9FywLAu6,1000000000,1.000000000,1,1729885830,1729885830,0.002523
2v2Jc5Lyc61tSupcL7DPbwH3T2UVsGQN8jJ7pFKZr2Jk,1000000000,1.000000000,1,1729999511,1729999511,0.002523
2YJ1MByeyYvE2tB76Sduomqcc9RVx7Z29hYwAfYxsemA,1000000000,1.000000000,1,1730114413,1730114413,0.002523
2z7LXQ3HHuS2v75ALUUSwgZaMhc8E85p992tduRpu4h7,1000000000,1.000000000,1,1730073620,1730073620,0.002523
3a6qg15St5NUTPkiyUFFgUTvucTTnFd9KUNBcLRpaSJp,1000000000,1.000000000,1,1730089072,1730089072,0.002523
3ARGorbDLgdNWCv9oDS9ChXGWdG5HdX4UiDwHCrFxD7k,1000000000,1.000000000,1,1729882718,1729882718,0.002523
3AsbxkkCvoAQgtYVm5eekapnoDq89vFcgN9nv2q9LRhS,1000000000,1.000000000,1,1730128306,1730128306,0.002523
3dPgn6yYeSsGKunkJfPyP2ydnSUfbZMs9qN1DgpmFB8e,1000000000,1.000000000,1,1730130531,1730130531,0.002523
3E8cA4mJCdnh5Pv6AconfXJ3LbFkMjsdbJDndgxmMT52,1000000000,1.000000000,1,1730041227,1730041227,0.002523
3FpKm9iSie6ug3xcbSPAeTEDGuizEz9CVUyuHn63inXa,1000000000,1.000000000,1,1730045308,1730045308,0.002523
3kEdNFWEcNmvcDM8tjXeNK9rtc5ZC8jfoQxxN2HQVSxt,1000000000,1.000000000,1,1730078383,1730078383,0.002523
3NdeiVjheKfJsBSh3dLF4TEHWw6a3q2EwX9yafrc6jZc,1000000000,1.000000000,1,1730138083,1730138083,0.002523
3odYqGmYzXQTmQPQDUgfurFHQtBSJqSW62YbhirZ99pP,1000000000,1.000000000,1,1729872741,1729872741,0.002523
3pDuDLJCmGqpvGxKJq3UpCynFgY2R85gbkswViQ6v7cG,1000000000,1.000000000,1,1729948326,1729948326,0.002523
3Q1bVe3XFYU2QVGz7QFpdrvC15Rk5VHGREU9pFrFdfnH,1000000000,1.000000000,1,1729964795,1729964795,0.002523
3q2oZTB7DpU4vMJy9VXAcbTGuEaMELDBXdfV2uFxeGLR,1000000000,1.000000000,1,1730066021,1730066021,0.002523
3RcXWxEHYLmcULYYqahJ2HMsaDemUd5PKH83qZKLmZXm,1000000000,1.000000000,1,1730069770,1730069770,0.002523
3REfW2VKfPGXYpNnnyzFyvECXKK8Jw4V2ZAbQPAccX9K,1000000000,1.000000000,1,1730122266,1730122266,0.002523
3s57VKnU25dQypzzSSv3yKsQtPciSvDTtjgeNtbRy5cK,1000000000,1.000000000,1,1730110608,1730110608,0.002523
3tnJiqWsFeJryQxRuYFaDwd2PnJgBtph5Xd6g6Wc3KEv,1000000000,1.000000000,1,1729891957,1729891957,0.002523
3uPBKgZ2vx4dCd68u2v5QmjjG4e3v8CCMaLsaQAgZuzw,1000000000,1.000000000,1,1730037069,1730037069,0.002523
3vWJYyyGYJzudZFjYWVMPLCFCuKnhSab6oDboD8WggBv,1000000000,1.000000000,1,1730065519,1730065519,0.002523
3zqn29KVfbpEmCSfGJ6cjyqcakfEmVmTmydJvKRwrsxD,1000000000,1.000000000,1,1730051097,1730051097,0.002523
41Fg6bjGy76nXRG7uisk2weeM2si8JfJ7e824nXEcEEK,1000000000,1.000000000,1,1730121671,1730121671,0.002523
43GtAQMxjiLYboVtvnTCR2kUJsuHHDFXkCLxE4bYkkVW,1000000000,1.000000000,1,1730121576,1730121576,0.002523
44D12Dh1EEiP3XXv9Q3gXyctrqiQ6DddPYA9cHYCSX5X,1000000000,1.000000000,1,1730056769,1730056769,0.002523
44G9TK5tRYypuhSxyGh1YpkbyaEg5Pc6QoAZKUsoT9Lc,1000000000,1.000000000,1,1730130674,1730130674,0.002523
45PTVBz2wYqLbDyYZ2xxJ8hTmXfXNnNSZkA2ocUVcBmp,1000000000,1.000000000,1,1730129564,1730129564,0.002523
46em2aVCbQs8BfjP5R7e4k61gVGZZsFeZZUR4dQ1Zgc5,1000000000,1.000000000,1,1730050149,1730050149,0.002523
4ajzHHnrF6FDJhGrZNyBvmFfoGXNCjykwM1Lbj5324U9,1000000000,1.000000000,2,1729874125,1729894258,0.002523
4AyBM1a9FX32sRjB9bJoSTWDhoYmxYS8mPJc71yhEDLi,1000000000,1.000000000,1,1730128294,1730128294,0.002523
4bv4bHTpzq33EksJQhPbjEifRHiGdNUxTVNVHaCiFsDx,1000000000,1.000000000,2,1729885700,1730009499,0.002523
4d9K3qnY4p2tBDVxZtUrm4FNbge4yGZQDCL9LuMCNDr7,1000000000,1.000000000,1,1730129998,1730129998,0.002523
4DTsByoUNdzZftD37Xa44WDYNXyVmfuEouNHGjjA3ToU,1000000000,1.000000000,1,1730128686,1730128686,0.002523
4F1AKPYeaWArLk3fHdqBsKBWJ4cz2Shj13ajCRoJZ69G,1000000000,1.000000000,1,1730054334,1730054334,0.002523
4fGUsfqWoQFwx4nywzgcSWrRmmvKWXdFWu2Uc9CupS83,1000000000,1.000000000,1,1730034290,1730034290,0.002523
4G8MLsSe8QtyqWhDRfXbey2bHs2JwcXgLTQ6cYcmRiFV,1000000000,1.000000000,1,1730052441,1730052441,0.002523
4JH2UEhBuucT8xqdpgYTK5KPoRxhmQgwGAANSzjWJTNA,1000000000,1.000000000,1,1730042587,1730042587,0.002523
4LthNrCG12GZgbPne7HY6bWwaYNqfwYAQXjPnmMQ6wg4,1000000000,1.000000000,1,1729980554,1729980554,0.002523
4MAcnf87x9aP8jrKvWafEjvbcGGmixXw8Xk2JjHJ7zjU,1000000000,1.000000000,1,1730111766,1730111766,0.002523
4MUdaCUmiFtK8W95rP248pbB3gc68txBsTR7cbESp7by,1000000000,1.000000000,1,1730131207,1730131207,0.002523
4n2fsVsy7HqSQC5dfwuC9vAUAVrXoypBw2AriJnCmEyb,1000000000,1.000000000,1,1729914885,1729914885,0.002523
4ne7A2wu7aKnyoCkzUDD8QtsrmguMjW7rE9zFoNPdyX8,1000000000,1.000000000,1,1730063208,1730063208,0.002523
4oK7tTF1uksmQwS1CNwoR7zJwtALaBjiBDCTCHjdrX8m,1000000000,1.000000000,1,1729877576,1729877576,0.002523
4P2jQjFJheLjvkaeA6Kbg6tNBfLsSs1CLDTYQqVih6ES,1000000000,1.000000000,1,1730122906,1730122906,0.002523
4PgokBAzxULWYekPAuNLUJNW1Ski1sBxQnmLwCRwhr1e,1000000000,1.000000000,2,1729913465,1730069241,0.002523
4pJieFsoeUt6K7TkmSbdo4cZ48SzmDQDK2RUaKE1ByM2,1000000000,1.000000000,1,1730116503,1730116503,0.002523
4te3smKBswopquokX8m6ehuwVtedNaPgEgQikMBrJHz3,1000000000,1.000000000,1,1730037467,1730037467,0.002523
4TsULA6CkGVt9WSbdEuo3FajLsMytX7Zo8yLuES1KhrP,1000000000,1.000000000,1,1734483180,1734483180,0.002523
4tTNgeefggNqSuNh9YWejHTGGjo8p5a5PdWJs4z2SkGM,1000000000,1.000000000,1,1729872721,1729872721,0.002523
4Whd5Bdmtw1FwzuETg96reAX31ju4TyELE95Mb1Ty8Pz,1000000000,1.000000000,1,1729874425,1729874425,0.002523
4x5KqEkn7BKiaxJTaq4yC6oC2SbaNqfwVFm62DBqvBFi,1000000000,1.000000000,1,1730116126,1730116126,0.002523
4XCvJ5CYgV9mKdN3tbdr4wggbgQv2aYNrDMmM4qtbsxy,1000000000,1.000000000,1,1730130308,1730130308,0.002523
4xMhxMpETi4fdYhstcWEq9SPGkspYuGNhKzZXkAmFeBn,1000000000,1.000000000,1,1730115567,1730115567,0.002523
4y2eFLzwrAmnVp54c2A7y9mswZok7C5NYnaTUNPhXE7B,1000000000,1.000000000,1,1729902645,1729902645,0.002523
51Y3mtHXRvAfo6dGZJvAsfXiAYhrTpcFKmTXSqx55NWD,1000000000,1.000000000,1,1729898296,1729898296,0.002523
522LpWDM8jFq2mwZ43QyFxeEdiV6P6BjUXZDBnJ3kv3E,1000000000,1.000000000,1,1730052784,1730052784,0.002523
528jBxzFz2ca2Gt39RBYqsMVvXnb72bYZm1tekgjimoB,1000000000,1.000000000,1,1730077869,1730077869,0.002523
55bqAKr4AE5cGSgKfaZ58rHW5esCpdyV2sstmMjMEEhe,1000000000,1.000000000,1,1730125809,1730125809,0.002523
56ymvRb28MkuhBnZpRHanSGTHCc3iq9KgAZxRFDKeNA6,1000000000,1.000000000,1,1730078440,1730078440,0.002523
58nhhC26RemkF9HzmE1hSAyKkgrjdCgsjtJAUDxKhfGr,1000000000,1.000000000,2,1729887070,1729993289,0.002523
5Djr9XV8HCZQRy587xio7QHVFiZd8zwrfUDxYgEU3s6y,1000000000,1.000000000,1,1737001443,1737001443,0.002523
5fjh18PpiwJmG4WyfBaGBmd3fsKNUM7Kv4A4wPNzZ3UK,1000000000,1.000000000,1,1729946730,1729946730,0.002523
5gPFHqPGVKY2TVXowJLqWSTTamxne6gYdj2TPaCcLKcX,1000000000,1.000000000,1,1730126726,1730126726,0.002523
5GXXda6KdJipiw6ZnkjALgPG5mqJtyUbupAATWmnJPJH,1000000000,1.000000000,1,1729893459,1729893459,0.002523
5JaACr2emaYK5jYYz9XcwSRafoTgBVuCeFfJfkNpLanB,1000000000,1.000000000,1,1729941213,1729941213,0.002523
5JK2oc3jipTzWHUBeDqoei4Ks3kbcxZzGn526yujzWSH,1000000000,1.000000000,1,1729972704,1729972704,0.002523
5JTtKoJYHSpiCXi5tVXNTcDFLZwxuocJLqed2dpz9cni,1000000000,1.000000000,1,1730129705,1730129705,0.002523
5jWAdC3pJ4qHwF9EGKfJTUg7J5yEMH3TK7K8VgNhnKVJ,1000000000,1.000000000,1,1730043918,1730043918,0.002523
5KD1Cya2zmmYDPTX54dGNgBfsM5PAKEBf3PBVcrV7L1s,1000000000,1.000000000,1,1730130563,1730130563,0.002523
5kFo7PVZELDqor7xPmafXbPDUTydY6YBNr8h2oncz7yx,1000000000,1.000000000,1,1729873740,1729873740,0.002523
5LCZMPfoCmJSTqvDB6Wceg6TQqQ3P2VrGSCgvMCd32CZ,1000000000,1.000000000,1,1730130396,1730130396,0.002523
5pTqaTsokSVQWU7rLTKpwLe4aCgeVpJgusa9nLVceM5Z,1000000000,1.000000000,1,1729902954,1729902954,0.002523
5PWaYgTt1kdbgBTXtVx7MAUhtbsxxzmNciWmgDe8D7zR,1000000000,1.000000000,1,1729872464,1729872464,0.002523
5QwXdJRnQT45EBU3JGeHBFnkP66D6QwR5nnbZae2CMzw,1000000000,1.000000000,1,1730131051,1730131051,0.002523
5qZED582dtqwkrfxS8hEem4V1jf6yn3ktou9vkcx2TGR,1000000000,1.000000000,1,1729894801,1729894801,0.002523
5rYBmn4nZQ9pTxpTAJhNGvf3qMxcTDHixXgBKmZpT6px,1000000000,1.000000000,1,1729948528,1729948528,0.002523
5ScQ8U2ZJjKxrNd5EnuKfNpGoioEdzPjizhsqZb9NKFA,1000000000,1.000000000,1,1730126610,1730126610,0.002523
5Tnu7n61BhMuJykMUjnES1UJGF59Yj34wfsJctL1dp3W,1000000000,1.000000000,1,1729985282,1729985282,0.002523
5tzihyUqy1s45W84DHDjVoattBxpYBnGH2Es26YL12Pz,1000000000,1.000000000,1,1730065770,1730065770,0.002523
5udBMWYvab2JcF2yC3wgnKukELZSSHQkHqGmjeQo2bNp,1000000000,1.000000000,1,1730046412,1730046412,0.002523
5UttZEzbGtv6Z2wHxjc94hM4gD1NaexrCMbRBK7pqi1J,1000000000,1.000000000,1,1730095308,1730095308,0.002523
5vuUfqcG2gSAGbtt1xpPsC4VWV3B5ZZ8bySbQgyTwB9M,1000000000,1.000000000,1,1730131327,1730131327,0.002523
5WQCAVebyVdxSUwf97hpJsj8DhJ2JwGhwPaN3QTfnvwu,1000000000,1.000000000,2,1730054831,1730058611,0.002523
5wtmcJ7XgK7A7WQiPeZLWx2QHD6bXvMTdxGL6K3P3kY1,1000000000,1.000000000,1,1730121236,1730121236,0.002523
5wV4q718vsLeWWxLJ79Zt7xEAcy7kSHFe62LkNYpstsN,1000000000,1.000000000,1,1730081326,1730081326,0.002523
5XJrYNXfCaEr4XBbY5kqyfXyPiD3aAH9efTezDPHDx6C,1000000000,1.000000000,1,1730034761,1730034761,0.002523
5XoGtTfNBjV6qrV7SHGd3FmJeeo4umgRyGTxbnBugh3h,1000000000,1.000000000,1,1729896781,1729896781,0.002523
5xwFLKFjA2sSdzWS4F8yiHD4LPbu5rGyfRw1LgUngPm5,1000000000,1.000000000,1,1730112670,1730112670,0.002523
5ZH6RywYDLKxruU6N4dPbnkedvS8U7xgRc1pA2n6yvTL,1000000000,1.000000000,1,1729872529,1729872529,0.002523
5zqsejUuUBhGeSwzrsJQ3VfW5mp8foDcWUiVfuiJJE2z,1000000000,1.000000000,1,1729891569,1729891569,0.002523
61cAN6au7BkApiAorszqXc72NLB59Uho9fdJs1QUT16i,1000000000,1.000000000,1,1730128813,1730128813,0.002523
62bWkTCFfZQcERhagWvvx4QRsfS1GM5ACcXMX2MTzC8Q,1000000000,1.000000000,1,1730035575,1730035575,0.002523
63e3ySu1M2rvCAtshq15LhgjgJeiwHiYdNxNH7S7QPst,1000000000,1.000000000,1,1729989913,1729989913,0.002523
67Df6UYxVttYYQqnxNUj8pDsrTiwhZtoQb243WSUH8pF,1000000000,1.000000000,1,1730065741,1730065741,0.002523
6b9iQzj1P6z8XpmJSAoyHdLZC4oyK8pmTXQVc9iVTEEr,1000000000,1.000000000,1,1729873934,1729873934,0.002523
6DQRXRzXB4USF6JpnAkEVC9rjgnCw1opaFxdZVwoVcq1,1000000000,1.000000000,1,1729871624,1729871624,0.002523
6f1ouq5z8oxGtdnqqorThctoQh7a74f6Hu9vcERPdKYm,1000000000,1.000000000,1,1729962136,1729962136,0.002523
6FHxMwmZsk1wjbEqcZ2hUEGn4zqVomgibeJGJEY9jfYp,1000000000,1.000000000,1,1729875444,1729875444,0.002523
6FYwzXGsXy7da28ayxjigrRKD3kVsjnmUSip4Vs8bpmz,1000000000,1.000000000,1,1730072731,1730072731,0.002523
6GWX2BYSeKUMrvCbGoLxLhWs8zmMxHibjqS5zhbCZFk,1000000000,1.000000000,1,1730118128,1730118128,0.002523
6hTrBquYT12CgLSXZdx438YfxUQfGQToumSZ8XQLaMHL,1000000000,1.000000000,1,1729881777,1729881777,0.002523
6hyhNWKn5TYmtygxsjvjpMCdpH73PK7Tr9pdrUFmfyCu,1000000000,1.000000000,1,1729906094,1729906094,0.002523
6ixWrx57nvYcXbXvSVrNe7vYsPwRdbT25yk1tPVfodzH,1000000000,1.000000000,1,1730128772,1730128772,0.002523
6kjTeoJEvNNFThVD2yV4eV4hKPsyafpZq1vzatXbr1Lm,1000000000,1.000000000,1,1729949536,1729949536,0.002523
6kKLfqvSjV9qMSHEFYdZ7q3HqVuivYTHrUWWiJYmaGRL,1000000000,1.000000000,1,1730081778,1730081778,0.002523
6LBfQXD3uUE5RHCKdjdNWa3UqGU8XD6px1Uw5eEpn9Xb,1000000000,1.000000000,1,1730052418,1730052418,0.002523
6nu3aUTAYaGbM88XTFLjq6AWymhSySqJsnNLuovHqezi,1000000000,1.000000000,1,1729894762,1729894762,0.002523
6nynUEJeXcCLPpcHDRdd6LSCMacVmftwQBLDfVz8TpBa,1000000000,1.000000000,1,1730049093,1730049093,0.002523
6pHhbQurMfzcJHJML4haE9NPZb9YRWKvj1vrYpddwyhp,1000000000,1.000000000,1,1730040944,1730040944,0.002523
6PyJa3mduXJpf7vhWtG1Pf8XFtcW1pAK3sioUmM76Coy,1000000000,1.000000000,1,1730112798,1730112798,0.002523
6qWLN8DVQDrJjqdxEZeWc6FApewTghHTuY9Lvu9P3VFk,1000000000,1.000000000,1,1730042282,1730042282,0.002523
6qztcAZtWhXDJXttnaEX5zEWGZASUn7DLDgtCmLr9jgU,1000000000,1.000000000,1,1729992278,1729992278,0.002523
6RzeMeska7XntUezGwXoy89uCCnkMGr7aq3o74jpBP1L,1000000000,1.000000000,1,1729895233,1729895233,0.002523
6V7Ef4siP2gELYfPFwropZ3MKtKKpxPw2TbcxPfPWYae,1000000000,1.000000000,1,1729979031,1729979031,0.002523
6vF2burvPKcpnmHW39DcUtQUFRTWoMrZD4UDPx5rW6h2,1000000000,1.000000000,1,1729888557,1729888557,0.002523
6VXzJxF8Ueezu6BAHVyCfRygNbVE5TmgdAPNAjf8nXUr,1000000000,1.000000000,1,1729920783,1729920783,0.002523
6yvQomVmoLxvW5LTcrFjgZFZb5YWUtmgaqs3MiMvPLa3,1000000000,1.000000000,1,1729939299,1729939299,0.002523
6z9CoengNwipB24gS2YL7mQXfwYG7UStnixKHjbz6X9f,1000000000,1.000000000,1,1729890701,1729890701,0.002523
6zEyf7uyGzeFhNQqjMALCWJFC5KB8UniqD23pn1PrEgX,1000000000,1.000000000,1,1730041896,1730041896,0.002523
6zVTsfxNQz2H6Mhd5YbtVQyLpkAXXYjtqWFM5RXJWLUp,1000000000,1.000000000,1,1729905903,1729905903,0.002523
6zwKoRrrRb59LFoGus1o8zTtgEmRjorHq1QaSdhFwZtU,1000000000,1.000000000,1,1730057383,1730057383,0.002523
75BB2cu6SVQL3cKFHSmoe5Ns5tFTdeFScpd6sHj1qR7c,1000000000,1.000000000,1,1729909939,1729909939,0.002523
78uNBDzMtNNqmNKuqViSSLbiNpMeVDXhWA5zvpjkEwUb,1000000000,1.000000000,1,1730131497,1730131497,0.002523
79jGp4j7bmbHm2MAJtVeZX1uX8DYbinyGCdYF4D4fFwg,1000000000,1.000000000,1,1729984159,1729984159,0.002523
7aAxWjUhGeceJYx5WhwpTjSWtGRLpmBNqbcn46QLwwEg,1000000000,1.000000000,1,1730129230,1730129230,0.002523
7BEiQekMdoSpwYVTQEM4uBbagmVsQ4wEVjop1ss4zcpN,1000000000,1.000000000,1,1730131142,1730131142,0.002523
7BpWH6z1NTKA55Tg11Fweiq9eatF59e5ykyjNLQwnSfy,1000000000,1.000000000,1,1730113263,1730113263,0.002523
7cPyYfDN2v9PcV1JG3pFgppqoqR3ygic5veHxroavH1U,1000000000,1.000000000,1,1729884993,1729884993,0.002523
7cWbKg4H7NaWtx2PyBZXtfJ4d2rvyNCWJhza3p1fuKNk,1000000000,1.000000000,1,1729971975,1729971975,0.002523
7Fc6c1EoMegYLTQ3r2M2op3aCHZYMq6Eq6JnC5yfStSW,1000000000,1.000000000,1,1730131188,1730131188,0.002523
7FrVTkcsxaLbUvTNa2YbLhbQizc1ggTzkqq14qqr3rfR,1000000000,1.000000000,1,1730102844,1730102844,0.002523
7GyLMrDD4M1FweXv7Jq4zD3LJ2MkeAWT1DMNPEsCguTr,1000000000,1.000000000,1,1729871864,1729871864,0.002523
7hmziuCJpJEid8Wi7ExJEPWjZg1xp57DSaM4AcUg7zJb,1000000000,1.000000000,1,1729888831,1729888831,0.002523
7hSvgz4CYGdakGp5g9z5FBjUt8VTNvXySMgR7bgLeTAd,1000000000,1.000000000,1,1730105501,1730105501,0.002523
7iEch3z9xxFiDv5nn3rsVo5xXAWRPs95K5HrBzr4vZLF,1000000000,1.000000000,1,1729872991,1729872991,0.002523
7itrZy1xAyfzFVsSiXvUyLGfGUhgH8BJEYF47fZpUbA7,1000000000,1.000000000,1,1730127810,1730127810,0.002523
7J5ra3sb2d4YuQ5RVWSKJ76654GhjLmY9DZSNhJK7Ti1,1000000000,1.000000000,1,1729872667,1729872667,0.002523
7kBQtX2uQkUa54K1g5F5aDfwkPerwMfn9VF4c33K9Ya1,1000000000,1.000000000,1,1729932367,1729932367,0.002523
7KFiZxuHQfAgzBv26GEu1GmXz2u5sAGZZj5Jv34ySpcH,1000000000,1.000000000,1,1730121280,1730121280,0.002523
7m8h86Na8oC4Jo1QbQRr5LJ6sVyxFKEPNSrSyPV3cqMk,1000000000,1.000000000,1,1729986637,1729986637,0.002523
7mmiyrxjv8VVtgH96nHm9ErBV4bNV17z17guuVNhQf3Q,1000000000,1.000000000,1,1729976355,1729976355,0.002523
7pHm9LMTtPdXu8aZ4xVz5bz9kWn96rHCgDHbaCwLHERG,1000000000,1.000000000,1,1729991370,1729991370,0.002523
7s6jg6hwddhPCPbduENHoCKMLFZZEepotxFZCrDq6Gtu,1000000000,1.000000000,1,1729960960,1729960960,0.002523
7uJQYtje74BNztAf6ar7Muq7Sn9UqVY7T3NSu63EDPwo,1000000000,1.000000000,1,1729974620,1729974620,0.002523
7wjhzDX17qvr3Wv8gpxvi7HhSakLQ7k8T7pmSPig6KiU,1000000000,1.000000000,1,1730126986,1730126986,0.002523
81qomyGvBSmTetxuZFjBcY55mRU1BjStvy9QKiXq1VZf,1000000000,1.000000000,1,1729891430,1729891430,0.002523
82x36WUrywB3b4rYryktGXCmPE5LCnP5WuiUNwdVS65q,1000000000,1.000000000,1,1729906565,1729906565,0.002523
83djYJBBbupeh7wah1FC5hxuV4C3FcQ3W6NJ65HttKNi,1000000000,1.000000000,1,1729894732,1729894732,0.002523
87bE67NuEbNC4q6nDQhfHN4KvqqpnUwkDfCUgYkpmojy,1000000000,1.000000000,1,1729944828,1729944828,0.002523
89kA6GpByfMPZNKGao5tvJz5eQyvZA3tXe1pSfoxdbkK,1000000000,1.000000000,1,1729890030,1729890030,0.002523
8akAwpyq2iA7rA4cr2QNy8CMjf85MWtg2MQ7VWPZiobr,1000000000,1.000000000,1,1729991152,1729991152,0.002523
8Czqi968m4ZwmBgtL189m6QHWowgipFzfMJtmrpnZAAx,1000000000,1.000000000,1,1730117939,1730117939,0.002523
8DfJZQdKFZ1Y5i6LBB6HU7ewhfjhJKUqj1HJvrkPMd2X,1000000000,1.000000000,1,1730064751,1730064751,0.002523
8dmRWXahmrj5xLYeqBpmeLgf4oLarfFXZdSwyNJeVSBN,1000000000,1.000000000,1,1729923480,1729923480,0.002523
8FHmXVGeyszEk2kACRTZQ35rgFnsoCn94321w2odhQqX,1000000000,1.000000000,1,1730114196,1730114196,0.002523
8gHEb6mZQU8FcBSYhdeDjuMzrNj5TzbU76883cV1Sub5,1000000000,1.000000000,1,1730126345,1730126345,0.002523
8h2knVfmGifw74dD1v58eqqQeoPxkggrAgyfqPcDcoGZ,1000000000,1.000000000,1,1729878392,1729878392,0.002523
8jtSJ6uvSHrqTNefSPQ9QwkWtHf8pYSGaoD7AwhYanTH,1000000000,1.000000000,1,1729946182,1729946182,0.002523
8ntMjhVEsjLQAXknpNXNPoLuchATRLoULKyv8qRkjWdt,1000000000,1.000000000,1,1729886110,1729886110,0.002523
8oJ9xntM4b1kdjvwkdAHEMvoLGD1xB5b625sosQ1iEx7,1000000000,1.000000000,1,1730084711,1730084711,0.002523
8oS8S5rJiqyoPUmfAtP4yP43PR7E6wV1UCFcxcq4WKxG,1000000000,1.000000000,1,1730111353,1730111353,0.002523
8pmpuYiZswUD14wGkgu5mxGdLTR2TtYaSDaJ4vKaDhcU,1000000000,1.000000000,1,1730114320,1730114320,0.002523
8spC3VkoJfrJ7M7oc5CCdJ1d6m3GiVmMhSwHpzwZ3i8w,1000000000,1.000000000,1,1730131532,1730131532,0.002523
8TWii9GgW9LfxsaUmANV8MAgjKaKZeScBvwpi7tKJRZA,1000000000,1.000000000,1,1730079877,1730079877,0.002523
8ZCUCZcBcP7phTFz4g9xqJKaBKZ7FqZYFuCAW4SXQjtW,1000000000,1.000000000,1,1730043851,1730043851,0.002523
91LwpHx2w14h2WGBBkc9z2C9gpxK7PgsAR2zf3rvee9m,1000000000,1.000000000,1,1729878827,1729878827,0.002523
94FcSwSkEUJm6ckZHEVmF1sJ7qBPSUBns89vCK1bukb8,1000000000,1.000000000,1,1730121684,1730121684,0.002523
95QJZQxfiYggko9uMqdYqpkUPsupQCpwqpE1AMPwj351,1000000000,1.000000000,1,1730123718,1730123718,0.002523
96PzwNxjRYCFJpPZ8YxuaXVQqCEPB1BSfVva3hUnMhKC,1000000000,1.000000000,1,1730130835,1730130835,0.002523
9a9KeU9biUjY25aykJS7KGrLj92zwYdZ4sUbRvM7NHq1,1000000000,1.000000000,1,1730128688,1730128688,0.002523
9Ey88H2HwAQab1pFX6BrEQMdWJUxhXe5RDe1ZWREpBPU,1000000000,1.000000000,1,1730126277,1730126277,0.002523
9eYsqnnjJjDBVz3wF3Wzwnon8i9JHmMZr8wrHvBCRcSF,1000000000,1.000000000,2,1730038613,1730044973,0.002523
9Foms24MU48PHHMmDBq1GopbarYVoiRZKxY2YVXNuu9X,1000000000,1.000000000,1,1730092174,1730092174,0.002523
9gpFeg7itRfJNxtKEXRKJNpsjBrqi9xKuCet84csBB8D,1000000000,1.000000000,1,1730110607,1730110607,0.002523
9jHRAeMBVofQVdAhB3LT94mNs4g8zGbPYapxqMmDSJN5,1000000000,1.000000000,1,1730113074,1730113074,0.002523
9KfuEp8tJidjpTVTtJznTMvjHDf4jCJJDtM6EQqHJ9an,1000000000,1.000000000,1,1729959197,1729959197,0.002523
9muHeXLurrtdkDv9EBG4Pv3bfHg85RdmjXL4LS6oohEY,1000000000,1.000000000,1,1730059069,1730059069,0.002523
9niDj7BUUzb8W7eBebEuUGsNMhAD5NrvtVB5zX6272gZ,1000000000,1.000000000,1,1730040523,1730040523,0.002523
9nUQweeWDKd4ZbtKgTaAn9K6ATpevyYEbtcqkzAXfQyK,1000000000,1.000000000,1,1730129317,1730129317,0.002523
9PaqgJLL2KSpj86GSmUu4DUAidBDjYB687ZAY9eDrHVj,1000000000,1.000000000,1,1730077053,1730077053,0.002523
9pTgpR1wfhgU9ByEmCZa5ZZ9pfY3W5TdSCZEa5GFg7AQ,1000000000,1.000000000,1,1729913245,1729913245,0.002523
9rjqHZJZji8rTDV4CSJqX7gKZdW25isdPiXGSmtyrJVt,1000000000,1.000000000,1,1730038618,1730038618,0.002523
9Sh8eazxpXJJVRLnm28QYHAzKvhvvc8tXbCQVz28hvgC,1000000000,1.000000000,1,1730123437,1730123437,0.002523
9Sr9yMnKKG2dF1xEnAcCvbxuCNj6vS4yFXUR6XbgwSin,1000000000,1.000000000,1,1729872183,1729872183,0.002523
9uDaYHXzBwph3RtbWhoeErrTH9kdwMCks91rLCCDWP8U,1000000000,1.000000000,1,1730130618,1730130618,0.002523
9vQZGyzUYfkZ3XS9atTy6CvCo6gWctMmhQ2e236M8PWh,1000000000,1.000000000,1,1730112876,1730112876,0.002523
9vZ3nvEW3fRhRcQkbYzTFvwqgebg81Cb319vjz61jqGY,1000000000,1.000000000,1,1730130166,1730130166,0.002523
9X4TZCSKd15X16HtggscEULXd6m7VCC4YJg1WHnXDaen,1000000000,1.000000000,1,1730130912,1730130912,0.002523
A2G932qMMAGdMm4qktZqrMu7vvNP1Mztd6mB3pgaq7Sm,1000000000,1.000000000,1,1730081828,1730081828,0.002523
A5g9f6HzLEJgQeAwBkhRGABVsHys2gz8Lh6rp3LEZfKV,1000000000,1.000000000,1,1730125462,1730125462,0.002523
A5j84Wf16yo4oVmzNmaZ1BA6CaHxJihtaQo31TR7BTaJ,1000000000,1.000000000,1,1730038533,1730038533,0.002523
A7jxQJgbUH3QebZc9QF4TYZkNt4cJz9xAuMMDAVVxg3b,1000000000,1.000000000,1,1729951522,1729951522,0.002523
AaJThxbs2cJjqoeiiKxDu7jEFv5z937foLwLtANj7ceP,1000000000,1.000000000,1,1730131190,1730131190,0.002523
AcG2hboRWyELbJC6mUhMFKtri4JBNkFauWKik46o44b3,1000000000,1.000000000,1,1729985320,1729985320,0.002523
AD1w5fyggBWqVceeuRf3xRoPPuMFdH6UK5bKhmvu2Tqw,1000000000,1.000000000,1,1729872838,1729872838,0.002523
AfBm5ydLg1XXxijmbKutKWBeRkFbNuBgyEERYv8dk88g,1000000000,1.000000000,1,1730061395,1730061395,0.002523
AGpyfWyKr4H3e443BgFmQmmN2QQjNUQD2BZuwWf19RDA,1000000000,1.000000000,1,1729985547,1729985547,0.002523
Aj9vnfpCVe4KeDwbhSFsrTHs3wRnoanh3PWaGVdZgq1u,1000000000,1.000000000,1,1729953489,1729953489,0.002523
AJNzxMTgxyVuwDD52NhCaoh5cwctGJUH6tcTCgCryhmu,1000000000,1.000000000,1,1730125627,1730125627,0.002523
AL7b9k5i6F55ptTqz3XnSrrMtaufco3eWMsBPAqddbGW,1000000000,1.000000000,1,1730130275,1730130275,0.002523
AMmzHtQHjLTvQjBVVWouVMryt2RN2k7V9sVE1YgdW66b,1000000000,1.000000000,1,1730065861,1730065861,0.002523
An6WQhNmWL6y6LZmuffzPNA37NFLhMCmcjjbKApu3Fc5,1000000000,1.000000000,1,1729957318,1729957318,0.002523
ANgXJiyUGhDsqmdVqbuPviUwmsRCz52BHT33ThqfTspX,1000000000,1.000000000,1,1730115991,1730115991,0.002523
AnjRwV8tgythugT2UvqAsgHG7hkoY7rhQJamfK79hV2R,1000000000,1.000000000,1,1730133745,1730133745,0.002523
AokjvAQMRH7XPhCGzKtY8GVjewxTABLs81s7jzfGuGp5,1000000000,1.000000000,1,1730125640,1730125640,0.002523
ApT9X6oomqLUYmmZKWatwjzjt3J68Hrbg9X85yhqwZDz,1000000000,1.000000000,2,1729970024,1729971536,0.002523
AqPgP5mGnYCUizjPrNd8T8aPWQDFWYiyA2RKtcZbgNJX,1000000000,1.000000000,1,1729921022,1729921022,0.002523
AtpasjG1xHGdRjSbj6LGYBCdAETDVd7vyjUn8sZpy72N,1000000000,1.000000000,1,1729995471,1729995471,0.002523
ATutP2NDRjz7P4wkiPoZ8SqUAW2q5n9918fKYQVDeLCw,1000000000,1.000000000,1,1730129383,1730129383,0.002523
AuLNLSmnXHRqaCTJjpVNtFnMN397VRgXMVttLGT7mhVT,1000000000,1.000000000,1,1729922914,1729922914,0.002523
AX664s9XU7osqTLvrnnByxYfGURo6FRSLwR6WvkLxzyh,1000000000,1.000000000,1,1730051544,1730051544,0.002523
AxCFWc1g9e1SHm9EsjE2UF6YjfYLCSXWY9wLzFLmwRgd,1000000000,1.000000000,1,1729883125,1729883125,0.002523
AXotLky22ywYunUWg44uJHQirWwe2CMnb2P4GVfB7HMi,1000000000,1.000000000,1,1730131076,1730131076,0.002523
Az8KEPZePLEyf6TG7HEZubwPEHKHMB76yh4sUXokrHoD,1000000000,1.000000000,1,1730130339,1730130339,0.002523
B1FayoRQYpzi61MGeMbf8ZxWa4VxnRCokLyU4mR721BX,1000000000,1.000000000,1,1730130032,1730130032,0.002523
B34EtynzC654XSLFZfskPZssaGpTCXj6nbHJ7PDq8BS3,1000000000,1.000000000,1,1730130881,1730130881,0.002523
B4ZyQmg8sdgi6LnvZ95DcqcWjBiB5yM2GUV867SNE5xu,1000000000,1.000000000,1,1730039056,1730039056,0.002523
B5hkR4iqacaTFBHXTWusNfeD96iTURRgJvQYiF4z4S8M,1000000000,1.000000000,1,1729931085,1729931085,0.002523
BA5rZ6hW2MMhRsrypGV2D2eP1G4C9ax8hUQ39yuynjcs,1000000000,1.000000000,1,1730108386,1730108386,0.002523
BAaEaqN87mkUfqAPadBDoMonZjwFLYxNNEvebr3AyPoX,1000000000,1.000000000,1,1729988395,1729988395,0.002523
BAHRHtsAbvoTjyvp9ZGvU3XhRJxfPWzmhn35Ky4mYoQx,1000000000,1.000000000,1,1729929773,1729929773,0.002523
BbAcjsxff1UZN8aRp3vGYXsyhHujTqYaSU1teciN1KUP,1000000000,1.000000000,1,1730125561,1730125561,0.002523
BCZq6MMEefZJj6wC8uqKheE4teL395kjvDwsrV6dnbCt,1000000000,1.000000000,1,1729959920,1729959920,0.002523
BdCJVrPGf81HZemcKsxDRx4mmxHSygMT6smAswtSdxxB,1000000000,1.000000000,1,1730035589,1730035589,0.002523
BJFdF73v52VgAHPNpZyUo3YCz8S3RtmuLSwybTDGVP2a,1000000000,1.000000000,1,1729899516,1729899516,0.002523
Bk75SrUNo74MMCZPrZF29iGfVXwMeeeUSfB9vF9hYigJ,1000000000,1.000000000,1,1730043488,1730043488,0.002523
BKdVJnckm1Lf7Hpy8KrZahYLRXYuijaWf2hxjbSTBoHm,1000000000,1.000000000,1,1729989757,1729989757,0.002523
Bm9PMoJNrHNvAjzo5kesAaDcAiZntc5D2a4ewzULfewf,1000000000,1.000000000,1,1730076693,1730076693,0.002523
BMwXQUGmGo8iDye1YRmvrwNBd1khrbDmwqg6FmxG4qGc,1000000000,1.000000000,1,1730045436,1730045436,0.002523
BN4pxk5f1zHY1cUq7xWQ1bNfns52g8Sek8cifLmUSH3r,1000000000,1.000000000,1,1729874233,1729874233,0.002523
BncfKjaKaApTVzCsqebGkkbye5wd2FJ62Xz2wUMD4L3n,1000000000,1.000000000,1,1729993415,1729993415,0.002523
BphoSDivcCVP9CTimZpR2vvwpWLz5qcKpv1MCcGWC2v8,1000000000,1.000000000,1,1730131124,1730131124,0.002523
BPW8fnVGVgUsjLb25Pq7MVG744kdj7SHXDiAcBkqyzoq,1000000000,1.000000000,1,1730128913,1730128913,0.002523
BqHZ86AqPXN4SrFsWcTdK7EfnwLoJo7umvzFPSizhmTJ,1000000000,1.000000000,1,1730038100,1730038100,0.002523
BQwJAGuWwtK5DeiUqmc4NTaboHHzTR8d5GAtyoAzu4kE,1000000000,1.000000000,1,1729872905,1729872905,0.002523
BrnwRA6GBVDGj8vzw8UUkmQXHsxVMwXGGugTBh2KJ64q,1000000000,1.000000000,1,1730113624,1730113624,0.002523
BtZ2bVbst1qB8aRc3aKG41xYwH1aasoh3FNBa5RRHP9G,1000000000,1.000000000,1,1729897652,1729897652,0.002523
BUEepkR2AFVU7vE3neJx7HG7kzgTSYHpXLY9xLvUVyf9,1000000000,1.000000000,1,1730047704,1730047704,0.002523
BUsdCAfG96iUbSUYYjTothEivKz9pR1gbbXd9fp9Pbsh,1000000000,1.000000000,1,1730098460,1730098460,0.002523
BVdhHmNekLR2NStGXqeyy2bQh2Z6rg6inKq9NZwbLcT1,1000000000,1.000000000,1,1730130720,1730130720,0.002523
BvdYYpipisxVaoTryHDjRPi54YU5HSGXkdL2jZX2aTMC,1000000000,1.000000000,1,1730089996,1730089996,0.002523
BVm7hKE1ZFG9G6bzP3SqvC7bcp6QRxhEGxX6XhGRbzfw,1000000000,1.000000000,1,1730120043,1730120043,0.002523
BWBtvoAqTavmn873dQNvuZWADSWcUgSsYptAZpXe1pc7,1000000000,1.000000000,1,1729893619,1729893619,0.002523
BWfmQJLyAg9sJLWjR62achRsswmXcs7bhZ6mvMCeuq31,1000000000,1.000000000,1,1729891778,1729891778,0.002523
BxkwxkQeYPUdAsCZ5wuULiVRXdo91GiA3cpVicr2ea7u,1000000000,1.000000000,1,1729895393,1729895393,0.002523
BXrUDKk7nDVt3Q7y97Rs2WErAW1Whvzn1AAAZYc7pCy6,1000000000,1.000000000,1,1729951242,1729951242,0.002523
ByoTq4bTSBZFZKw3jxe6Gcx311LjL95yyaE31VCAGwkh,1000000000,1.000000000,1,1730043703,1730043703,0.002523
Bz24vvADsprSs1ASXUzfwjUS8q9UJ6NUbSNRvzTD9yyC,1000000000,1.000000000,1,1730123764,1730123764,0.002523
C5d72QwZdcZ9ZT6oEdW69f6y49KyWcf6tQ7rnp39dUch,1000000000,1.000000000,1,1730126482,1730126482,0.002523
c8kUav95fWUKiHTDMjP72kpSJiKGmBBz24cg7rnw2He,1000000000,1.000000000,1,1730130413,1730130413,0.002523
Ca433Bd9qNPPzHAjNSEe4cuyTGYCovPtwMqUMXD1FG5S,1000000000,1.000000000,1,1729873651,1729873651,0.002523
CCCHurLqQG6Q1j2hHNv7QGKuXnJcj7FSa8inz8LtDU7g,1000000000,1.000000000,1,1729927855,1729927855,0.002523
CcfntUdjCWnn8Bb8MBUxCGgH6m64fTquATwRmjcGhftF,1000000000,1.000000000,1,1729875602,1729875602,0.002523
CcvjtpteynxHo5pE2B6CGM73w8BnUtvKrUWgAwkC6FCJ,1000000000,1.000000000,1,1730040605,1730040605,0.002523
CDa1rFfEVaexJreLr8kRocFH4KEmf2gFcHKXfsfx87kU,1000000000,1.000000000,1,1729896481,1729896481,0.002523
CDU4Dr2hMJnvgaZPmFPyy6LpjdPPr44a8ZU9JmKxfanC,1000000000,1.000000000,1,1729964281,1729964281,0.002523
CeG4QFRb4FfNtPsoULDLr3qdS4kd6E8Hp31iois139ms,1000000000,1.000000000,1,1729912983,1729912983,0.002523
CfACF7NFL8b3A289KfXB1h5Te5iuGUaHwfQBVgbKP5JQ,1000000000,1.000000000,1,1730043148,1730043148,0.002523
CfKPtUdvTyUiAiTHLM5HpkJ5GeuvVVgDTTg35M3Z23nz,1000000000,1.000000000,1,1729890621,1729890621,0.002523
CfQqYRmMb23r3f4cy3TPtqSwaQn4PeU8hpbdLF9ioQ9q,1000000000,1.000000000,1,1729874039,1729874039,0.002523
CFrdHDPswfLx5hAi3rs2uNbo7Q4j79MEYdkPQGDroaLt,1000000000,1.000000000,1,1729876139,1729876139,0.002523
Cgu1vyefoZkr3hDfdimtbTAKX4hKrQxbsE3nm7qUtVLa,1000000000,1.000000000,1,1729969873,1729969873,0.002523
Ch3QX2Q6T7mBCUJc93kfFmDjc9UKvCNCF4SdJQVYLy9f,1000000000,1.000000000,1,1730129157,1730129157,0.002523
CHMBKff8811EduSV1r4ry9wkTK5sFhGAYc2RJw154Wcg,1000000000,1.000000000,1,1729888026,1729888026,0.002523
CHxhvTpZXATdKFdugnwpisj3TbNfjXeNCVKNEeYrbQRB,1000000000,1.000000000,1,1729898963,1729898963,0.002523
ChYvN1Ko8VkWcnNwfzv9Mom48P1V9MygWxfpQCfDaE1i,1000000000,1.000000000,1,1730046302,1730046302,0.002523
ciVs2axsaAn62N53WKed4GLcZmU53BiLLzYQ3grmHKn,1000000000,1.000000000,1,1729959405,1729959405,0.002523
CkFMQVQCdRGLTHh5VRCQz1wshuuioEUiukzui9JZTX7N,1000000000,1.000000000,1,1729997805,1729997805,0.002523
CkMpPqvedMZmmrE4fsExG4U3NKXtaUNpYMuCpT7SEEjR,1000000000,1.000000000,2,1730002623,1730040283,0.002523
CLD2eBVEinMHQKirv3jAcZWHx6q79QYGjKK5ATyvbDMC,1000000000,1.000000000,1,1729966555,1729966555,0.002523
CmBpfbv7EguprbNedQRgjsNgFPGMwfu8DTDxRb1sSPa9,1000000000,1.000000000,1,1730131515,1730131515,0.002523
CmndxCmZA9Mo2A4BH6tY28XnHpVdYAhPPzF6MgjZriZe,1000000000,1.000000000,1,1730128987,1730128987,0.002523
CnmCjiZ9sd7YVATUm4zgUkrd8nB8pmvXHFCN5ss7f1DB,1000000000,1.000000000,1,1729897197,1729897197,0.002523
Cp6oPyv8Y73crm7JMb2QfxnAnYx3oUUrQFVP3b2qcS4F,1000000000,1.000000000,1,1729876441,1729876441,0.002523
CqRzyyvgxrSFDENaKSnjW2SPrjNeS8BeosVCXJVAtn2k,1000000000,1.000000000,1,1730128553,1730128553,0.002523
CsfUmBxpSbLkNfk3JxsL6CGKLqZQwBnCt1meAA6garM6,1000000000,1.000000000,1,1729878298,1729878298,0.002523
CSLUGgk3tg1tJhv24EiNUwGFNdp9jUgYLZbafjsFT3D3,1000000000,1.000000000,1,1730040047,1730040047,0.002523
CSvtJYgu9MzDcKzuupw9xNRUTDHmP4twAXh2qN8QG93W,1000000000,1.000000000,1,1730121479,1730121479,0.002523
CUEkkqFfwG4hKzfi4hWo9Lwrmc2jUPkKJxCRgbFWrdwt,1000000000,1.000000000,1,1729961960,1729961960,0.002523
CUJGXhUnGUo8xqQdxYH5gc3W9b4ogDaEM6QiDSAMPpnA,1000000000,1.000000000,1,1730129290,1730129290,0.002523
CW2myZhcx7oCzyYwTK4ELndT1mB16Zkb3jjMaRjd9PQ3,1000000000,1.000000000,1,1729933537,1729933537,0.002523
CXo8DxuRTTNc79fHZjAZuJvMLgLf46XK3c42AQiLutXw,1000000000,1.000000000,1,1729939559,1729939559,0.002523
CXQGKGi2GCQoTrmXTbdaq1CuhWvYyoJw7YA3LuhFuJBc,1000000000,1.000000000,1,1730078422,1730078422,0.002523
D1NiYK1qaS8X6SLYk1a1hnbhmes7RFfLKPXXHWXioZMo,1000000000,1.000000000,1,1730010049,1730010049,0.002523
D1yY9LXUkz8mfMBRc9BwB5Msf7StyLGLR7bAyv5rwfei,1000000000,1.000000000,1,1729976477,1729976477,0.002523
D6PZSM4QFAa6b9LStHVf5u13xDTbz8FQd5FG2PiFCf82,1000000000,1.000000000,1,1730020973,1730020973,0.002523
D8S8UmqRjJANt9mNentZ7x2DTBH3oXBBrdpkYv7WmFmo,1000000000,1.000000000,1,1730126845,1730126845,0.002523
D9ZTvPTMMYsEdSB1uJYyQoiiuVTiyMM7r6eSxEpk3gkB,1000000000,1.000000000,1,1730131158,1730131158,0.002523
DBo8MmxQrpg79D4UNyAhhL9fKzh7KpX86vdvFcAi6duv,1000000000,1.000000000,1,1729938842,1729938842,0.002523
DCqRm1B5PucnNvYsJ5SDD88azyVxHBocB13yKRbQfWCo,1000000000,1.000000000,1,1729890747,1729890747,0.002523
DE1HjVe9tsFn22b1FyZn36apZZuDyBMihf9FkXoMYxu9,1000000000,1.000000000,1,1730070659,1730070659,0.002523
DeZqdG1zZkHgyLmgsM1mdFwf4B4CU6ivFoKgzi44Adhm,1000000000,1.000000000,1,1729934576,1729934576,0.002523
DG1BEc7sZDm471uHWJLXg1yiQkUeqQWWaX5NuSH8Vcgm,1000000000,1.000000000,1,1729992492,1729992492,0.002523
DGL3KcAUau9Lm2CKSzs5aoKJjGzpKvTkhoXmQGrXfguh,1000000000,1.000000000,1,1729878262,1729878262,0.002523
DJJjhjYtWiHHSv3iZf2ijDKdfJWy9C2gumQCnxnfUNhL,1000000000,1.000000000,2,1729874758,1730130965,0.002523
DLFFPhVv18Wb3RUk1X8WrTGBsU1AcAiSFdzWvoo8UtVK,1000000000,1.000000000,1,1729899892,1729899892,0.002523
DowgkQkvfY41E5FnUeaYRm9vPnB28NzZqEXckGAtRG4b,1000000000,1.000000000,1,1730130525,1730130525,0.002523
DrpUGiM4mnL845n7TJHYjEd1YKpS5pkkbfiThocbizTt,1000000000,1.000000000,1,1730087614,1730087614,0.002523
DrV1jjKg2er3GUsct6uH13tuPsd33jetbU9pJzQttAho,1000000000,1.000000000,1,1730035673,1730035673,0.002523
DshPfqAxc3C6YCgsjiqoe1jSzbFdNcDcA4SgWQ9gw3zR,1000000000,1.000000000,1,1730047268,1730047268,0.002523
DsndNVzxmV77e1DE2N1rgHSuc3hm56dCAiNBcbx8Gcfa,1000000000,1.000000000,1,1730116905,1730116905,0.002523
DtpzZrTj19CLcaTuptANfncGhPmuzt11esvnY55MLZq3,1000000000,1.000000000,1,1730131192,1730131192,0.002523
DuF1zYNrWxCwuvdvEJeUoix78X1od6JQsSdR3DzirSW,1000000000,1.000000000,1,1729897580,1729897580,0.002523
DVZi1RCLzxW78uzwC5PJEeRXed41r6WPiKYC4Bj3M66v,1000000000,1.000000000,1,1730128946,1730128946,0.002523
DY2dEiXtiRqn39C3qV7HvnEFzvjEtquzgiXRgK71Rht2,1000000000,1.000000000,1,1730127743,1730127743,0.002523
DYMTDA5T2Dx5jVS8CKbVvk4RC2cDsXyFPFh95atMmWVR,1000000000,1.000000000,1,1730021210,1730021210,0.002523
DYoFDYWoAnQG7c7qBYeYVPKfNm2YsyG7Lj5rS5GwqCLA,1000000000,1.000000000,1,1730131085,1730131085,0.002523
DZDBhHHh3cr5rCJRmand889u6LVd7d2erR2f6BpKMSou,1000000000,1.000000000,1,1730059981,1730059981,0.002523
DzM99BAEAfhF2EMqRu3hQgkrMYCH1pV7c2oVmRLXnLFG,1000000000,1.000000000,1,1729887254,1729887254,0.002523
E2ZJNjyjFkknEXegAsfvFiA1eBfiDnDM1a6DiosirZMK,1000000000,1.000000000,1,1730034212,1730034212,0.002523
E3c7LsQnjB6pdnrBiss4BSb5XThNtZbgzUGNZ11PJUG6,1000000000,1.000000000,1,1730040464,1730040464,0.002523
E7wfefwR7WgLnaSYoEt26fYQupPmEWepD1xPVCCC3EMS,1000000000,1.000000000,1,1729940967,1729940967,0.002523
EbDzPwYKVcuRPrQscuRGiVY14FqM4UXjCyio4xsNKSmt,1000000000,1.000000000,1,1730122127,1730122127,0.002523
EC54fevfS352QQFLY26v5Mzp7UZJZEdekFpGYpmsAdTc,1000000000,1.000000000,1,1729875346,1729875346,0.002523
Ecq88uFLZuPMc2UqssjBrdHh4uyukeSvTD413ByiF9Ji,1000000000,1.000000000,1,1729958235,1729958235,0.002523
EcsyMAEhwBbHFePApktNTeALdtjG5NZSLzZEJnXAZKma,1000000000,1.000000000,1,1730042128,1730042128,0.002523
EeezrxzN5MdSjSL48GXYucjt4TWA4pzrhurftbk8hhx1,1000000000,1.000000000,1,1729878044,1729878044,0.002523
EEjU8bfuY2Rqgm9bfLSSZyuYprB2X33fDpbLgZFNtK7W,1000000000,1.000000000,1,1730130986,1730130986,0.002523
EFw3piFHanpemHng2QDshkEH5x69oKLCMcxtSXaAJxfH,1000000000,1.000000000,1,1730130853,1730130853,0.002523
EgcwELkns3dN8UURA1XWsrKMB7gLSTP8PjrwxRxhRfN4,1000000000,1.000000000,1,1729895813,1729895813,0.002523
EHQTukS7XZLdeh5vWtacb41csuxyDFXcXSvD6Z9ED5TL,1000000000,1.000000000,1,1730112591,1730112591,0.002523
EjBJ7QHRxjXYLxNUgF4HkE3AR378b1R6WFJint6v3LtM,1000000000,1.000000000,1,1730125316,1730125316,0.002523
EkX5fqyzL2zmY6ZKavo4YR7x48BkxcRUJb9PxH9yY57B,1000000000,1.000000000,1,1729873294,1729873294,0.002523
EMj4DNzzvxgg1B2umwohnGBEPKi79LdHd3z3U6RWN4VP,1000000000,1.000000000,1,1730130971,1730130971,0.002523
EMr69Wp1YRLsQchDJM2EuHJbjrPj4fePmURHG7CNcbWs,1000000000,1.000000000,1,1729895251,1729895251,0.002523
EnMhhpkeVjLrYtWZgC1NNBrXq6k8CdEWeNBrnrCkx5a9,1000000000,1.000000000,1,1730131355,1730131355,0.002523
EomiS1tb9N1kAw4bZNSPdhpNQUesawjYsFDeH6776W39,1000000000,1.000000000,1,1729889197,1729889197,0.002523
Eqnv9nrRoHa7H3pRL7GLmJDeLfovauYzXReyccaFAm4j,1000000000,1.000000000,1,1729920594,1729920594,0.002523
ERSsEgo2mNRFGAmLDxZUmrvP5KtqgWa15pEYk72iPDP6,1000000000,1.000000000,1,1730050085,1730050085,0.002523
ES2McJTULTRXvFwTxukpVNXKhPzCYX9G6DMfyMR8XEzt,1000000000,1.000000000,1,1730042563,1730042563,0.002523
Es65ittQ3P2MJ94PegCeQhquBSEQ6sD7rf94Uhu7rvQL,1000000000,1.000000000,1,1730129177,1730129177,0.002523
ESLB8voVDS2xHYqE7RpKhp33g17PREv2eZtvpFcuBUGr,1000000000,1.000000000,1,1729942826,1729942826,0.002523
ETKTBoEZw8ghhYRTpFBQ2eg8xgAJPeoBzzKrqkpPBAJ2,1000000000,1.000000000,1,1730042248,1730042248,0.002523
ETm6qTW87rTCevZqgFNsyNedkz8FzbbnwYcNVskSw3Zk,1000000000,1.000000000,1,1730094468,1730094468,0.002523
EtUGvJnBKJuhRkithbb49kx5sjmYFaZVf9xSsYAndE1a,1000000000,1.000000000,1,1730129223,1730129223,0.002523
EUDJcbZxwnFNJR7rvFkBdrKP1u12xaQ3eoyj5EZ1FP3N,1000000000,1.000000000,1,1729922260,1729922260,0.002523
EUzA7LbUTUUWg5q5DjDQoLT3euy7UPWiBfQcMHmM5hv1,1000000000,1.000000000,1,1730095794,1730095794,0.002523
EVDLjs1fVM8QFAUCemRkTDx8kwFBBqoQsmmkPA8qbqfv,1000000000,1.000000000,1,1730128935,1730128935,0.002523
EXy75Gi92vPwHWQCDAD7F83iHwTA4gM3SqkkT4sR4JWh,1000000000,1.000000000,1,1729875545,1729875545,0.002523
Ey9ppiRQwWe4V4tCTHXUDv3GU4UQJeK6sXjrvM94wPyZ,1000000000,1.000000000,1,1729872915,1729872915,0.002523
EYheWFhU25kRfAtVRLFtiy39WM4nm41QC2acXJcSkVS6,1000000000,1.000000000,1,1729957223,1729957223,0.002523
EyPQz849CyZDbHUrgPycw12msiJmFNyZrhNGW1w2uPD3,1000000000,1.000000000,2,1730127822,1730127921,0.002523
F14rHiaiusC2513s4cU6CXqRwRVjCUT2Yu6GCb6B5o37,1000000000,1.000000000,4,1729983407,1730128147,0.002523
F1MA11eP1W9TnGYM6duQmnrAfrwU1TRB82ZuMQdo3zRi,1000000000,1.000000000,1,1730065318,1730065318,0.002523
F1soabxiKY6cGs51tWsadLCm2rjpD9vE8BfA7NHw2hDo,1000000000,1.000000000,1,1730129183,1730129183,0.002523
F22WeRjEK1ZT41Q7pVYYsVj8uWgtVQRCyYyQu7ZGRsK4,1000000000,1.000000000,1,1730088008,1730088008,0.002523
F2h4vqS6mkqUx1Vm3u6qvGr9DbPseH1RLwp2ALmfGKwp,1000000000,1.000000000,1,1730130199,1730130199,0.002523
F2wFmK3BHuNuPpHZdebJUgpm9gVb7kNtjFM6bhxhnofk,1000000000,1.000000000,1,1729905252,1729905252,0.002523
F4TtUcxvvTweJBWpJPJgTYuCt94sMtKAb8M2YUjev7Gh,1000000000,1.000000000,1,1729920473,1729920473,0.002523
F5or6gYcqLtPuPoeTE4b3qMMKg96dMbEs9sU7ADgi46J,1000000000,1.000000000,1,1730044718,1730044718,0.002523
F6YDP519KchVGqRwECgNk8a2mNoF7UffrtgJt4rpw8TD,1000000000,1.000000000,1,1730067221,1730067221,0.002523
FBmRqBXVDw2wswABcrQfyzRvnhqcqerkf1DCwg88Dqrv,1000000000,1.000000000,1,1730125496,1730125496,0.002523
FBWqFLTZLE25Bz2MSBU28DZD4tQ9KLzmPenDk3dz3JAj,1000000000,1.000000000,1,1729890722,1729890722,0.002523
FcNZj3z1k7FSig2d7LzdWjttQeF2EFfBqrbh7pstfgZn,1000000000,1.000000000,1,1730046907,1730046907,0.002523
FeYrRCiutmC2awrnecr8XBdQb8FSVXDLjw2P3HCKEa7L,1000000000,1.000000000,1,1730129328,1730129328,0.002523
FGn7zAT45Lgtzx4LArTT6vXUPXJoTS4Hd3wZQJjC3zqH,1000000000,1.000000000,1,1729902484,1729902484,0.002523
FjF7YXoN9F4KzM9mmgeStLxrvUcvfBwfWLwZAj2JiLY1,1000000000,1.000000000,1,1730078148,1730078148,0.002523
FKEjNzn3JoV76WjGZTR5ZuKAWUVHXugcVHtfKMcijFNG,1000000000,1.000000000,1,1730132606,1730132606,0.002523
FL66tC3iLCtF2o3LGu1CjMsbFzw84p1dKC4hQMeUd7fS,1000000000,1.000000000,1,1729874555,1729874555,0.002523
FqHwugnip7vy5G7rhydxetrn5YUxC9abN6ZqGHkbVo1r,1000000000,1.000000000,1,1729890874,1729890874,0.002523
FqUzQfkFruYFs32xV4srE1g8kNPvnKnebH31anqTLDPZ,1000000000,1.000000000,1,1729886420,1729886420,0.002523
FR7FpoHELhNASuJEp3u4K9UYZNpYNCC1cJQhZ2PApxCu,1000000000,1.000000000,1,1729964311,1729964311,0.002523
FsuKMBTcUfvUjEusCKfv5YuY6PvkY8bWD9pqPQHaDamg,1000000000,1.000000000,1,1729879473,1729879473,0.002523
FtUyfyWkDWy3YNE17rTLtw8nt9nGGr7jtGLjHP51rjVZ,1000000000,1.000000000,1,1729946506,1729946506,0.002523
FXafLfaMSqA238qk8GdNpMVgypbEpF1Zb4Qu598PQnW5,1000000000,1.000000000,1,1729888912,1729888912,0.002523
FymigEkEfixUdw2HrBsHPQhf1WCRGMiyZmvqkW5ZXqmR,1000000000,1.000000000,1,1730128243,1730128243,0.002523
G1St31h1efU4nZS9W4zCT8upgCbVJQqifLE6xU6htago,1000000000,1.000000000,1,1730104377,1730104377,0.002523
G3xkB2eAmnjDVp2haM6sPViEi3SwWw4c4AK461Na2NHR,1000000000,1.000000000,1,1729978678,1729978678,0.002523
G4n7RofxhZihFJ4pm3tDMQ2vMW9Zo8vwJ2iv56rgM9nK,1000000000,1.000000000,1,1729905417,1729905417,0.002523
G7iUDWfaW2MVHvxJBsu5AFGtEH4Wvwq2gLJUwSxqWCyJ,1000000000,1.000000000,1,1729876260,1729876260,0.002523
GbmPFZkFVxu8ih11tD52teh8qWQw5tweYmBW2qi9yapi,1000000000,1.000000000,1,1729875325,1729875325,0.002523
gbod5kKehZ3t4oFXetFuWcVWqv8dLLUkNQByQhe1Tnx,1000000000,1.000000000,1,1730129135,1730129135,0.002523
GcBhpu7JxjidxgLDai92SixVsB66kgLHwXZbrWVDHQgX,1000000000,1.000000000,1,1730038118,1730038118,0.002523
GcL94ZWi5xh4m7nEMv55jJzbh5s5xTN4iqY9Bu1C4o5M,1000000000,1.000000000,1,1730107088,1730107088,0.002523
Gd1Jn6Fwg4UW58cxKxURERsJcqUzoCuurdLzQJ6USJRn,1000000000,1.000000000,1,1730067710,1730067710,0.002523
GF72pkuUfQx4V4rq7eyDRvsyC5pvpvz9S2Y2n7gDk21h,1000000000,1.000000000,1,1730082007,1730082007,0.002523
GGhjz5qfzg32ZKKNXn5tsPSqgHH8PdBhdbihHRWWubF9,1000000000,1.000000000,1,1729896545,1729896545,0.002523
GGTJZa7J86AFndhLUZdP8fRHCorcxBfmfdFXG79Fj65D,1000000000,1.000000000,1,1729940044,1729940044,0.002523
GhKNdCL89xsWsTVWYDUmnC45vWbZnh15ANuKrGvQzEFZ,1000000000,1.000000000,1,1730128545,1730128545,0.002523
GiZLNaoVYrbwwAaPDor3xF1rHtMpex7pQRzYrBPDW2Df,1000000000,1.000000000,2,1730131181,1730131335,0.002523
Gj3Nkwe8yRKn3sCGWDVr9BKzHwnomW5AFrs86EgQhn4t,1000000000,1.000000000,1,1730130590,1730130590,0.002523
GJiJmE2tauoGQ6wH2wNPmFYoUzL9oCgEQvUoB4jbmXiH,1000000000,1.000000000,1,1730119545,1730119545,0.002523
GjVn34N55E1ZMVCVkNZbCbZJFzCWLUGaF8zTNLX9ZRyd,1000000000,1.000000000,1,1730053237,1730053237,0.002523
GkD4Q2whhK9e67ZTx4AdXoFa4JCmX3CsRHibPqpefQry,1000000000,1.000000000,1,1730121877,1730121877,0.002523
GME8PpYMBmh4nwwhkJB7DccZ1UHR29jUy6LApEEed5rB,1000000000,1.000000000,1,1729873361,1729873361,0.002523
GoAAErjdcmu4aP5bzVZ9Nx5QsgfbZLnMwgTQcJkyaHBP,1000000000,1.000000000,1,1730129152,1730129152,0.002523
GP3wYVLEzYUfXUR74De2ibRryTQ2jgL8eW2WKZ4zKbB9,1000000000,1.000000000,1,1730042836,1730042836,0.002523
Gp5pwtsqQyGmT5UbMKq9hrmH4SvZtnYd2FwBLPj2xuWb,1000000000,1.000000000,1,1729911819,1729911819,0.002523
GPTshkupeGGJyTsv7GbuGkwUVjg5wJeKNu8fBMeguZWt,1000000000,1.000000000,1,1730074041,1730074041,0.002523
GrxhkNLNgee6NaPwXMLPfgHEcvoWnsE4w8BxcgKeHoc5,1000000000,1.000000000,1,1729885930,1729885930,0.002523
GtcXDyMqdMpaRNASf9EPdKYHpxEQknwgQ367d64b2S3U,1000000000,1.000000000,1,1729873828,1729873828,0.002523
GurhjjH2z3AfQVMy42azCbbLPuFRfczZJvbY4n5m2nCR,1000000000,1.000000000,1,1730130911,1730130911,0.002523
GV3sBELkFfZSoM2b6UP1j6Q7iopaXbS88PTaFd1LjAvM,1000000000,1.000000000,1,1729877837,1729877837,0.002523
Gvd3n6wXsjGzrjNeaFj9ou8qc6csxaLE3hLDHEykgRxD,1000000000,1.000000000,1,1729872814,1729872814,0.002523
Gwg2W5dRQWfeAwmcog7KMC7Yc3trR4UEcU1c6YTpYjN2,1000000000,1.000000000,1,1730128175,1730128175,0.002523
GwoA6bG9LMuakc3qffVDwr3XQuWJjK2stPrWvqvBqw8d,1000000000,1.000000000,1,1730070421,1730070421,0.002523
gxuFjXoWgi1dg3XqsPPZ55sWtCW4d12g7DBXioC3Ss6,1000000000,1.000000000,1,1730056977,1730056977,0.002523
GYatTvpWZdbous5DysnUgpDQfHg677P8k4hBQpcaXhjb,1000000000,1.000000000,1,1729877871,1729877871,0.002523
GYGvddZ5RqaWPrGU2CqXg7vs4aJHzehcK3pCp95mqAK,1000000000,1.000000000,1,1730126436,1730126436,0.002523
GZAcjAn1h5XUQhNpf8fkzaBNdqcGzSEnnwDXjctbo1Bg,1000000000,1.000000000,1,1729946775,1729946775,0.002523
H3Ej9JJpbuDT3aNQe8NudZ9Gp2AzocG9u6DUf5mudjXG,1000000000,1.000000000,1,1730130616,1730130616,0.002523
H48r3Vf4o1EkvBxWYwmj8sxSarV2TirMsMzXKUmSPafQ,1000000000,1.000000000,1,1729898385,1729898385,0.002523
H4PKerwVSFnxqQiMzDF8kdp4V9wV6PDT3ztDywPJjw6,1000000000,1.000000000,1,1730128977,1730128977,0.002523
H4RLC39XJpZNbZQsbis9UbGJxxPx7NfDCSByhrr5qphG,1000000000,1.000000000,1,1730103865,1730103865,0.002523
H4t5NoWd63aFDsMEmNsH1Ca62QCkQXw96U9bdia8sS6D,1000000000,1.000000000,1,1729878743,1729878743,0.002523
H6GGQKRjGzoW4AcFzWYnEqynUJ3gVEaDRzzs7y2Nxvcm,1000000000,1.000000000,1,1730058612,1730058612,0.002523
H6Vq719p81Cbs3hmJc8vnze5U9Vh38XzzMZRpndEHfKv,1000000000,1.000000000,1,1730075792,1730075792,0.002523
H8rZGu4t1ccEvsTYELJFAR6EKgYdLurBMrgg76Gfno6F,1000000000,1.000000000,1,1730087779,1730087779,0.002523
HBu2eHyNc4Z8bmoM2zbo6FD3zxcKbgwzHigw3CQtjZc6,1000000000,1.000000000,1,1729940336,1729940336,0.002523
HCvTWSUFByqCaoCEE2xyd7UUNEiCLrzd7jQNV8EMsnHT,1000000000,1.000000000,1,1729944201,1729944201,0.002523
HDBqjkDa68ipsSoYJXm6rydNXRfSvtb9qan7MVaMttWX,1000000000,1.000000000,1,1729872381,1729872381,0.002523
HE51gDoxPUCHzivf9NAMms5YgRBqotuY1pJjh7X2dkTW,1000000000,1.000000000,1,1729876621,1729876621,0.002523
HESD6Vx4apq8C9YDzFMjDKt37KT1M38gWtkcTfXr4U57,1000000000,1.000000000,1,1730120817,1730120817,0.002523
HJLjWS3FoxfxGxcn4S4DQ9aQ75XbVusCNhk94xX7DK9Q,1000000000,1.000000000,1,1730128336,1730128336,0.002523
HKdWdhFziPVWpJY3SiBXPDc4LRGh9hCFRNr536K5tM19,1000000000,1.000000000,1,1730002052,1730002052,0.002523
HNVoyZLPb71rATBM6bNJjQubmXCUk1ZbqNHzfbcaxYpB,1000000000,1.000000000,1,1730129953,1730129953,0.002523
HpVx9iKDn4iRobRbFQN9KcJgtGy8CDCYzjNSc2CWtj4R,1000000000,1.000000000,1,1729895317,1729895317,0.002523
HS1PQ9G5LZfFhGjQZR5iYfwxS5h9oFrKcN6J5LUApfe2,1000000000,1.000000000,1,1729896305,1729896305,0.002523
HS9toLH2HRggUCqBtHeq8Reiy8MgQgKTnT6JxFULGo9D,1000000000,1.000000000,1,1729891500,1729891500,0.002523
HSCTXjNzN6fGhnGVXkK3RxKVFhckWgXmzUfWGtE13bCo,1000000000,1.000000000,1,1730131273,1730131273,0.002523
HshpWJWh3XbNkvAGcdVQjdNR65WYmkb26eWiU2jserio,1000000000,1.000000000,1,1729934863,1729934863,0.002523
HSQ8sfQB4f4Ws9ghxf3wvTqETXjmTMZioAwX2zhLhebZ,1000000000,1.000000000,1,1729957064,1729957064,0.002523
Ht7JkRZVPSPT54nwqt7pQMnrfWAQ1tWHdhCiZNmL97Jo,1000000000,1.000000000,1,1729872377,1729872377,0.002523
HuqvbRdQQV5SEVTEVaCZE8RpYesjakp4YKSFhyJw8TZk,1000000000,1.000000000,1,1729905916,1729905916,0.002523
Hvh37qJCR9jjp5NMh34Z4dkYpyLwR4SnQZ18EbYvZ1GW,1000000000,1.000000000,1,1730129369,1730129369,0.002523
HWCf3eeAQGESgxUt1qbp4Y5zyXLn4ix3ZZBb2LdMxpoo,1000000000,1.000000000,1,1730129857,1730129857,0.002523
HxqYX1qZosgTV51sjHAQeL9ofrzAPS5rrkvCqnpLCBEP,1000000000,1.000000000,1,1730095009,1730095009,0.002523
HyygGLYaUsRnyP2zu6C626XkoCJBdoUxQAXXsZd7Ar9b,1000000000,1.000000000,1,1730071067,1730071067,0.002523
HZA6hxTzg6t6q1VYpZdEvK2kXrEzxQbfXVqHcvaHMKRg,1000000000,1.000000000,1,1729881762,1729881762,0.002523
HZbTTRgBDFUteZEHaKpA4QziuNJA3wK8arFvyoJPGPGS,1000000000,1.000000000,1,1730053254,1730053254,0.002523
HzoKdtWWUSmMLsjDYVDJ8CuaWzJWsZdeSVgw2jcWTHCC,1000000000,1.000000000,2,1729873265,1729882131,0.002523
J1HRd65UctYSxzJ5Z2vZZyPfDxtkLNJdyg9udKTsYaMq,1000000000,1.000000000,1,1730081395,1730081395,0.002523
J35XMpDUtpEQkC1a5sWzz75jpNdoEFx9cgdF3fVxdLdu,1000000000,1.000000000,1,1730036647,1730036647,0.002523
kVJbejBHQvWqJBuTxZ3MG5obKM3Sn6oFYELewayaDiE,1000000000,1.000000000,1,1729987494,1729987494,0.002523
mFMK4iKGm6u6ToMh4pFpMLjHr9r8o3XHHaRorm8pSgC,1000000000,1.000000000,1,1729941582,1729941582,0.002523
nPUJxdTTHDZP1kumk1qLLSjgdSEWgaADGEyCMPLwVNW,1000000000,1.000000000,1,1729988038,1729988038,0.002523
rsEVLcPj761EvDLYLF7q6ycJcZDC6QJkBexUNfFtF85,1000000000,1.000000000,1,1729900528,1729900528,0.002523
s7AKoUJNiKtSgGfwDqo9J9mFBs5k8CTn4Jw6zTAyibX,1000000000,1.000000000,1,1729881428,1729881428,0.002523
SphnxLd7SHwhZrawVLaPBbPHUwziB2p2WHBzJ462x3h,1000000000,1.000000000,1,1729872508,1729872508,0.002523
TUXgGDL8KXngiyspXybvSL7Dk3iYYXRTrqhn6WexkNv,1000000000,1.000000000,2,1730127947,1730127993,0.002523
UK13kFE5usuzVDrr99vUxwyzWkd5vWJkkYC5s8kjAdy,1000000000,1.000000000,1,1729878514,1729878514,0.002523
VBrz27M95q6SnQvn1Dj3awAFyKoDtiZ2Q9YCNspYaza,1000000000,1.000000000,1,1730055560,1730055560,0.002523
VDs7y91sXK37SrSCQGMJA1wSDHqS6qySbsp9opJjLcj,1000000000,1.000000000,1,1730120915,1730120915,0.002523
WdXKZdmwUdTBMsjvK8hSaVSwe8utQk8gfo6URnuUp2R,1000000000,1.000000000,1,1730078069,1730078069,0.002523
XmrCmghizBUrTgbrr7jpH8aPsN8BcgzAoq3EZHDeczT,1000000000,1.000000000,1,1730016088,1730016088,0.002523
zq5LVSfwn7yJnnPozUWL7KYprPHFbHX5DzvorqsExwD,1000000000,1.000000000,1,1729890772,1729890772,0.002523
ZY8PEi26fY1WFbuQoGDVCtXYd7a7VTVVuWLoRpuBrNg,1000000000,1.000000000,1,1730044017,1730044017,0.002523
8FVQHXj7MWbonfZZsSXWvqY282tG2Nj9BR5rsHzoQfX,999985000,0.999985000,1,1730128668,1730128668,0.002523
FsWpS3Y9uB4JXBmswZKDapWnagbgHTrTHS1u4kQvFcQo,999985000,0.999985000,1,1730128855,1730128855,0.002523
2Y13gmq3Pg5VBFBSCEfAqwBpEYVmdNj3paZWAKjH2ykG,990000000,0.990000000,1,1730117961,1730117961,0.002498
4t9bWuZsXXKGMgmd96nFD4KWxyPNTsPm4q9jEMH4jD2i,990000000,0.990000000,1,1730116793,1730116793,0.002498
ntdtv6taxWtNaj12ok8kzrk7C9uYT4ntEL5QLztitkx,990000000,0.990000000,1,1730077343,1730077343,0.002498
9uKAw5Wd5gYst8sabPCtPboYjS6S4n2EZWtfHJbGzkfs,989985000,0.989985000,1,1730117806,1730117806,0.002498
5iAM9ZyzQT4QgLmqa9YbrLUkbTPRDzS544C95HzFqQZU,983131000,0.983131000,1,1729897928,1729897928,0.002481
FzaCVwi4NK7dRW5US9wifarEMXpm7dBJFnJ94sguUksE,977700000,0.977700000,1,1729890882,1729890882,0.002467
9R5f2NEQwvmn5EqSJ8kRW7yn6zytqzdj8poVSyhMsWnk,959043359,0.959043359,2,1730077458,1730115420,0.002420
8qPDfTAe96Mu4tN45htGCFDgEuBShaVXjX5bt3VNXZdC,950000000,0.950000000,1,1730105345,1730105345,0.002397
9ZbTveW6r1CrVsbcYwKJAtbrnUYmBatkT6sGUw6MNxRJ,950000000,0.950000000,1,1729982085,1729982085,0.002397
U3PRyTaoBJVWCLVkMkLTfyZGjyyWpb8aee74FmUfacH,950000000,0.950000000,1,1730000689,1730000689,0.002397
CzXCWUuQBmxGLvZ1jZXobWc8y4DdKADsDjsND2tAMr8b,939000000,0.939000000,3,1729874436,1730058574,0.002370
8RaGeebDskTR6DrxRuJENMaADFcFwk6bRDiKyxKDS2PC,932341508,0.932341508,1,1729925306,1729925306,0.002353
sjtUJNzzpdYDDnrStdDAU611ZYVxtV95Y2zQgYJ4Xng,909000000,0.909000000,2,1730129387,1730131442,0.002294
44brZaPyZqQkzeZzFtuAEA576S1pYSTj8BWsXQqgF1vX,900000000,0.900000000,1,1730048421,1730048421,0.002271
4RWhADZhhjDrMQRuoJodJJoQGtRwMLKJx7MkmzwnwoVV,900000000,0.900000000,1,1729890537,1729890537,0.002271
Av38JQSShToNMdGDH7fft2H3iLAqdULMi9gZLk5v134F,900000000,0.900000000,1,1729873877,1729873877,0.002271
CEvvkhPEgp7xWpXq2nG3UgeyH1WNzNatHyDUu3byXGPG,900000000,0.900000000,1,1730129701,1730129701,0.002271
DiuqNTxReDG5bZGUwZXwazcUp13XyqTv86zujMwnLcHW,900000000,0.900000000,1,1730045425,1730045425,0.002271
8YV1ngoG7i1FDBDTr1jLwQgN13cq8JM5DXbsSbgbaD6h,891159696,0.891159696,1,1729956998,1729956998,0.002249
69WYjmMoVuvCRrbqjSb5zMwvUg5iBKv1kughZFEQpwrs,863020962,0.863020962,1,1729875210,1729875210,0.002178
8oTHwudgrsWJe36C426LhfaApX71pqULic7RSkL9ij8c,855000000,0.855000000,1,1730077594,1730077594,0.002158
CmzU79E9roJ68f2pBnoN4oRkKAsKQiTM6QpWHFcnPatb,850000000,0.850000000,1,1730088738,1730088738,0.002145
CvUr5jGsLXkixjYap9fpp6P1wKEksRPgyrS349cQ8ZtY,849548303,0.849548303,1,1730128651,1730128651,0.002144
RN2qRfAPja5FSqbZLVFnU2Pp58FfftVGtxkfEYFQswE,840000000,0.840000000,1,1729874466,1729874466,0.002120
A9u3icsFocJVErRZPPhc7fdm9nPrDUg7KPUvPUU5pcLA,838358327,0.838358327,1,1730131142,1730131142,0.002116
HucH1TSVSybCrFYPRA9gr33ApUwFvXa2LsLqSbvyq5Vp,824738000,0.824738000,2,1730123430,1730123456,0.002081
D2KBHvEgA5NFprpUQPEFJ3HkbSif1M1PPTxvMeG4ZcKC,801790160,0.801790160,1,1729874482,1729874482,0.002023
2jxtG2UiFSggJhjisZMxp2jLCpyHnJn2jCJ3xzTMC1r5,800000000,0.800000000,1,1730103759,1730103759,0.002019
2LCbymU1EN5qj7eHvTGSMn75j6yGdQPqW83R3xFKnFLb,800000000,0.800000000,1,1729893569,1729893569,0.002019
49gBHrBcgWNSptWa7Ka5ckDtU5xfsRqFfM4Mmpspm6qb,800000000,0.800000000,1,1730129101,1730129101,0.002019
4TBkSwbYB9TjHpv1Qyy2A19mFpQUbEEd1bjwaFvV1BQM,800000000,0.800000000,1,1730068682,1730068682,0.002019
8DjuYtd7LZiL5Pgj79bJ3F2n2WDpvgXRAYooLTUXpwJB,800000000,0.800000000,1,1729882586,1729882586,0.002019
8tmHnU8cUQ49RLrkMX3AwNBdWspjYFdzsXimrz6Sft4N,800000000,0.800000000,1,1730077120,1730077120,0.002019
9NYtAwTKXBwqPXFjje3jkkEqetz55Nhkzsadt3Z7eAk5,800000000,0.800000000,1,1730023489,1730023489,0.002019
B3ASeKtFSCaZ15k9ppxDupZ8ozmYq7PMnS3P8KwqAy4r,800000000,0.800000000,1,1729943766,1729943766,0.002019
BXvEmdFHrSCDE1DYg47U1SgW6juGtSHfx32ijpM5oq23,800000000,0.800000000,1,1730131536,1730131536,0.002019
CevkU4Mt1ceAAHFwcFPHxkX5waT1eX2nL7dz7xe67q1V,800000000,0.800000000,1,1730058736,1730058736,0.002019
DLvjtJhgRgFkaRs8SrmqbLjiFty4E4R9hye5YHuho4Ah,800000000,0.800000000,1,1730131074,1730131074,0.002019
GwwxbEnZAJV7EQmQ6mYcp2j1RAkDLi1fZuZeQFtc5y8w,800000000,0.800000000,1,1729893075,1729893075,0.002019
HiGMPhQhnaySYvU5m2v9SGuci5NNLRembqXS4Vmg5Fg6,800000000,0.800000000,1,1730036619,1730036619,0.002019
3bA4yjrKCwVY5FrwdigEMSim31aRpByUNSjnFP1Z5Es6,790000000,0.790000000,1,1730115922,1730115922,0.001994
ESxquKQBeUXLLAsDVcbPVTS7XLrocv3HL4HpKkurwtLN,789712695,0.789712695,1,1730070563,1730070563,0.001993
ArDQsbDpFmEKcXaNa1SRWRYQpUCenx4fmpA7dFFghtCg,780000000,0.780000000,2,1730131226,1730131462,0.001968
8yX6pNDeSBXbmiXhmUc73DM5K9v4oy1ZayMGugayqABz,777000000,0.777000000,1,1730015677,1730015677,0.001961
GaZV3dcwWEd9CTMXxzxCHhUrvkKHxhW3ZWHL2NEd5Nqy,771458358,0.771458358,1,1729881331,1729881331,0.001947
HFkGHRyjJ7JZn9mywpAEbiapYcudBB5FvibUyzdyBjVv,767614483,0.767614483,1,1730102009,1730102009,0.001937
7LYq5j4aVELL7atS4x7FSdowogg8JpsBBNdzm4aaxqFB,754136000,0.754136000,1,1730043531,1730043531,0.001903
3KqUkJim1RuGNnJkdseTyd3EQWWXirEXWG3dNhSMLUjq,750000000,0.750000000,1,1730034271,1730034271,0.001893
5tkGjcqN9MD5m1eBLgKRb7RWd7rbL4ea25NxsU4TVom5,750000000,0.750000000,1,1730111440,1730111440,0.001893
5xf6rhhLGYpHmjhFDuev7SdooY5W1KmMyFyu6x1JFijj,750000000,0.750000000,1,1729972043,1729972043,0.001893
6ecL3fwGoL3sHYs1qBnxWWCCFXDg6byGLqJjJqdwNcxv,750000000,0.750000000,2,1730128514,1730130793,0.001893
7Cy4c5eNE6Livc2AHbi1ELhG7Xm4At2bNLnuwsFEQRgT,750000000,0.750000000,2,1730043372,1730043612,0.001893
9A1KtSuRmAy7efy6DQyALF4Fc1KDrCEZDsh5DCrf4vjn,750000000,0.750000000,2,1729932202,1730103346,0.001893
9FXubUriQDiRWaxk3ZQg2kTpJf12ShCY2nECHpWRYJEv,750000000,0.750000000,1,1730126915,1730126915,0.001893
9TjAgHKLobpMm33qCejWgCKR54MgxUC2SckMsR8A6Hq9,750000000,0.750000000,2,1729880865,1729973419,0.001893
A8fXsmi9gQM8AdojdNCaa5Q8kkrFyFHtA8QP7spYN524,750000000,0.750000000,1,1729877060,1729877060,0.001893
ArCaZpD5dPqtZPxK4uH868Xy5AdefrRYNN2Ga8xK5bpF,750000000,0.750000000,1,1729980544,1729980544,0.001893
AxyZ6F8AruCzHCwLTKNAfWMge7tfgYGqs7DLRwQZ9Jhy,750000000,0.750000000,1,1730040399,1730040399,0.001893
CX1jQZA2kVumcEf1a81HYVwVzgF9NNziEH2ztusnQSpz,750000000,0.750000000,1,1730130680,1730130680,0.001893
J6Fk89CVGw3CsqSzA6RowYrS9jgS7mzi1abFGS1jWEqs,750000000,0.750000000,1,1730128977,1730128977,0.001893
J7ULMoNEjgotupn5ovRSZfQ3pSU9wTMsA4w1GhKSpVkF,750000000,0.750000000,1,1729905716,1729905716,0.001893
DNzCdXFaA5ABtSR3xeaTanRNcZx2K4Ff34oVZUsu9RV8,746000000,0.746000000,2,1729872601,1729872634,0.001882
3iJenSvFyaHT2te7zsKKZSPLqa7aaiEJcLXPgcimqNht,700000000,0.700000000,1,1729922025,1729922025,0.001766
3vXKM4HDpdy3wMwyBWhGzSHiC4JoKiKgxnXTT6eABa2i,700000000,0.700000000,1,1729894543,1729894543,0.001766
7oKw4oRgRfBzLXuJ3GjavHWMR44zp31j9XHqL6QuzK6B,700000000,0.700000000,1,1730050002,1730050002,0.001766
7Wynpkpbu6YH1YSXVAZmfiTx6k8ckNTZAmu5BZhugtuX,700000000,0.700000000,1,1730094395,1730094395,0.001766
9erNWbF95DySc5erVXofACmx5hCFM8v6ikRmfLXfwiu4,700000000,0.700000000,1,1730057980,1730057980,0.001766
AH7PkdJ2BeDKfccs6Qk6HcjnP8wrfZG61YwZD4Q8Xpvz,700000000,0.700000000,1,1730129183,1730129183,0.001766
EsmEc3fXyU46Sr7rWu7zvcSoMEqc4XSLtXj49QqV5jGF,700000000,0.700000000,3,1730129871,1730130742,0.001766
Fw8CUEU26Y4DMT6kC8VW4SWLxdWEvDQAvkdMnPgqeWvT,700000000,0.700000000,1,1729877385,1729877385,0.001766
FwbaT5CL8BpmM1zcyQtin4fDaQmNhcYrDKu2ShDBDQ7u,700000000,0.700000000,1,1729876161,1729876161,0.001766
GeNBgVVoyN5oqtSZ2C3stqqvKU3FyC9eusmHwAhiCnJK,700000000,0.700000000,1,1729908499,1729908499,0.001766
Ldn5osDKevDYCGQU6v4v8aGxD9nKAeHFjzV5tSRrZdB,700000000,0.700000000,2,1729948456,1730124025,0.001766
3nKaLjZC5jGjJS8Tw7mmUDsfPyMtmnFGzCqnBawH5Tfy,690000000,0.690000000,1,1729956066,1729956066,0.001741
5FhtrbSPUhUYg5Cf2mNoLsVAApz8q3ZSL2QUppQVPM4x,690000000,0.690000000,1,1730118229,1730118229,0.001741
8Bh1FYGhta7e2SakHyeuf982NACWSZju43q96esc5FQ2,690000000,0.690000000,1,1729897334,1729897334,0.001741
99W8WiffzjkKBPeWVtetcSCfqgav8BhAMPGA57fXMGiL,690000000,0.690000000,1,1730064189,1730064189,0.001741
A1MkGU6cBmGxu9skEQrpzgiVq3mrnCx8ggea7QT5Zt3H,690000000,0.690000000,1,1729954654,1729954654,0.001741
CMNkuX4FSWZH5uCfgZa6JeoXN2RjcSdWbqDNqgLbuNwm,690000000,0.690000000,1,1730040442,1730040442,0.001741
CtbF2dmwRvZV9NDZSc6isp8HX55hGx15iipfhf7L1L7i,690000000,0.690000000,1,1729912197,1729912197,0.001741
dP1RjfHDEykZhUE1r2Nbuz6MhZMoRhFV1hcvM7gnzBd,690000000,0.690000000,1,1729872405,1729872405,0.001741
Dq672Z9TmKJoDJWBwBcXYx1KV6vyvtwGQqD3gcSm7GuU,690000000,0.690000000,1,1730042392,1730042392,0.001741
J9jPEMMSEYnrehS5KSsTuoiMZTJeNNjFwENdapsUpD1d,690000000,0.690000000,1,1730068616,1730068616,0.001741
EZUhEzBM79qtsX2T3f2YZUviVP1KyrtUEwpA4GPfzk7N,675133282,0.675133282,1,1730129760,1730129760,0.001704
8C1g4BNMgFaSxLg6KoJdkjSCVmtjtUNqaFhHePrm5YCF,650000000,0.650000000,1,1730128495,1730128495,0.001640
F2c3DqgqnHi9B7yApFjJnQKVTkgAyhbdtrBxkQJVzgfB,650000000,0.650000000,1,1730131390,1730131390,0.001640
G1xSBktSNgWqvs3Dhi7XUr3U5gGDPDYiD87W1eiGNhcG,650000000,0.650000000,1,1730123035,1730123035,0.001640
3K6pvF7jUjM5Wza17SrjP4hRrkLXKjxKjifVJrkLVPKu,632101139,0.632101139,1,1729891548,1729891548,0.001595
CvqBBz9aHQVgYmLYJP4VHsfM2LfBpAnxsfCy7XLVgq35,627182498,0.627182498,1,1729874204,1729874204,0.001583
ALQCGcfaiwy8obEf6naJT7YzgWF3SpSd3htDwRkAh152,620000000,0.620000000,1,1729898205,1729898205,0.001565
GjHg1Gq3qPnBK7Q9niGQbsBEiijyx1XtEdMf3GaDPKqE,615000000,0.615000000,2,1730081119,1730130442,0.001552
AwP5PbFdz6d9GKEzqqBNKeMP58mEy6qReK42JAsYtSg8,614286987,0.614286987,1,1730034308,1730034308,0.001550
6R2B972SixKe9u6UqFvAaVDpnBnea64D4WZVrXYzG5YF,610390593,0.610390593,1,1730131437,1730131437,0.001540
Cbfk9PMGTs3wSeDbWKanCZXesF3GKkKqoqmxkwQWNxtQ,609000000,0.609000000,2,1730065504,1730066853,0.001537
3679s9vYooZQ6Viou3nmg4jxbp8JcSky5oxoXFtCaTKk,600000000,0.600000000,1,1729874333,1729874333,0.001514
3HnLewZttdLbLqooif4gcv8qcmhufjrLzGwV3cskk6wX,600000000,0.600000000,1,1730105556,1730105556,0.001514
4pWgraag7LnDTEfWpNpBUL7uoazF6kdKL2s2TafDCDKY,600000000,0.600000000,1,1730081032,1730081032,0.001514
5HMJDoeLRsg9YwL1neJGY1NNjumZv6LpzXk4vSp4yzEE,600000000,0.600000000,1,1730116007,1730116007,0.001514
6Bpaf5zoTvfJecs88sUES9wzax3HGCdsspxYdSo56Pd,600000000,0.600000000,1,1729894813,1729894813,0.001514
6dcDT4yyGJqZJotygAs7s53DdZhmbVZNegv52i6ma8MK,600000000,0.600000000,1,1730126931,1730126931,0.001514
7GwMUCmmaw8Xc5XfgsMsr2nrnrKzUa7FTD4DpScvgeXQ,600000000,0.600000000,1,1730088690,1730088690,0.001514
7Yg6bN2WzMQSqPnjfWKMEnZqiGkzkyTmsDTsom2LUkK4,600000000,0.600000000,1,1729880608,1729880608,0.001514
8BffjaB2E8K1Ycz7GLAcPXfgSwu1Eiu72cUhRwkLGeVb,600000000,0.600000000,1,1729873346,1729873346,0.001514
8C1gF84bf8gMuMfxB4ArSUMbQLidS56hJBiyJXepHiGi,600000000,0.600000000,1,1730089083,1730089083,0.001514
8m5j9zCB7NFf61jHgicytG4nyS4sfy9uzdAhXtyD3Rre,600000000,0.600000000,1,1730126805,1730126805,0.001514
95C1kKaD2hVnHfsiCQNnvnNY9hu4vngmDNucpYFkja2p,600000000,0.600000000,1,1729872277,1729872277,0.001514
9sTfqntuKaAdWY7r8t2GpWFFKS9eoiHRyEhTLbEkFXYZ,600000000,0.600000000,1,1730061799,1730061799,0.001514
A6gtJzuVpjB4S7uM5dDAZbEJsqNntgYLZGKs4i27ZUqM,600000000,0.600000000,1,1729962318,1729962318,0.001514
BQuLJbodxZznhnvFLBBXQrsSZUfx3qaLwfX6rXT5uYQi,600000000,0.600000000,1,1730027969,1730027969,0.001514
BrdiGpPVQ7bYhvDydHLmyxWaDj3dNQekXxCohziq7i6Q,600000000,0.600000000,1,1730063372,1730063372,0.001514
BzNN1GGbwezeRp1YP4xVhc1U5eHuJiysozEXhvoQeGGx,600000000,0.600000000,1,1730120913,1730120913,0.001514
CJHDNroMLcSFLvTzSQbtVcW6bxQ5VJ2Pd3wN6n1Xc8rq,600000000,0.600000000,1,1730074881,1730074881,0.001514
CyP1QKYS2dmNz2S5NDp3CCVGS3jMGh8nrcz5Krda8mRC,600000000,0.600000000,1,1730130762,1730130762,0.001514
CZmGSizRuKoeFsYHeLv4XfcmVXMBUuKGyQkDdouHZy8h,600000000,0.600000000,1,1730081923,1730081923,0.001514
DizrA7e1pvnMUedyB7SNYeRvhn9FbdF7nZmQuhJsPFUX,600000000,0.600000000,1,1730060728,1730060728,0.001514
G3wJYsb1KnMzpqsvjf8cjCGUPhaQ9qs8CkLKcNVxzz3K,600000000,0.600000000,2,1730048164,1730129505,0.001514
G9v826KqJY15TZ5D8Vigwt96U5urJEP4x5KL9QYX3uWj,600000000,0.600000000,1,1729997427,1729997427,0.001514
Gb1CCVBnubQ73SmEtzhCWy95C2gYhJot8fVX8Ypmm7vW,600000000,0.600000000,1,1729881382,1729881382,0.001514
GDz7sav4J2dSx8ZBrzxbiTeDyMvDGXTmHWKR3Cs9PcPR,600000000,0.600000000,1,1729969517,1729969517,0.001514
HQRac8VmUGS1V5Um5h8dyoVZNSmsXUntDv6xbHV1NFu,600000000,0.600000000,1,1730109135,1730109135,0.001514
ZQzZWPNwvHeeBrFucoJk1XNqaRFDQGx9aNjntixmHh2,600000000,0.600000000,2,1729925773,1730045257,0.001514
BuWVrJWNrHZk8mWTKBSjb4rNpHAhJ7F2o2pjSFvp3uRu,599985000,0.599985000,1,1730114655,1730114655,0.001514
DBk5R1S5LM6jkTtLEgwzg8w5SVinSpWpTcMvAb1TkXud,594520019,0.594520019,2,1730154176,1730155134,0.001500
7u5CGfEyFypiA8gYv7jMCfgftyJGrz5iciu1kp5BcxKZ,594200000,0.594200000,1,1729891438,1729891438,0.001499
4uEzuSz7NhTwU2z1h66oTtaFwhYCZK9Tg8iTaRJAncJU,592500000,0.592500000,2,1729881078,1729883979,0.001495
261EVh3BNN6tLLdXg2fvRxEk58zdHAnUsdb6tW4AN622,591500000,0.591500000,1,1729934958,1729934958,0.001493
7ybTWr7szqPAe5cDr4LKq49MQ75Pa2T9Ghwmpw2yecDK,590000000,0.590000000,1,1729982194,1729982194,0.001489
HztC2DcJanubpYvVwavDUTo4iVGRqDgx75Wt9EPhjxdC,589000000,0.589000000,1,1729878048,1729878048,0.001486
BDL6LgTVtYB6XkHtbUVvVGXzvSHKX8tQJEQYw9oxTBuH,585000000,0.585000000,1,1729984747,1729984747,0.001476
H2QCiaUJgAZqqh7pvga2YUzMj2xMugRJgJ3ZX27bLwhT,581699727,0.581699727,1,1729876398,1729876398,0.001468
8JWMM3etFftNGsJXerxvhQR1522dmmds1HbGvRsNMzvR,580000000,0.580000000,1,1730126211,1730126211,0.001464
95nPWVz49a1iMajkAVoxFXroqE7yHRD4nGd1D6sLwnw4,580000000,0.580000000,1,1730126949,1730126949,0.001464
CMysL5UXixbtfmDrLkcpqs66vibA3X81KbpuUiTNrTjY,580000000,0.580000000,1,1730126167,1730126167,0.001464
EuBeGZ4mN3XBTwt11UH9zAvgvYRgV96TXUnE92LpQLNp,580000000,0.580000000,1,1730108386,1730108386,0.001464
GgvrG98c9BVwimXvQpQ5cgR3i7mBhdaGgCcvqAvnggf,580000000,0.580000000,1,1730017794,1730017794,0.001464
2q8fAMeckCRuSGgoByKjjo6RkayuuD3eAhD2xvJpHCv7,573800000,0.573800000,2,1730119897,1730119918,0.001448
5diLmAwPNxQWwyVqsEFUci6w64yLoX8h5uZDeETXA6Gm,573361619,0.573361619,1,1730130265,1730130265,0.001447
4y7wYUG2YMfxZR758NNsxRWaiexdR6XzDXpkdKD7Wz1L,570000000,0.570000000,1,1729894084,1729894084,0.001438
BRG8YsUWsZwgHjJoNE3ZTZJucJVkpvRzpoTJjAUU5pp4,570000000,0.570000000,1,1730041435,1730041435,0.001438
FfytycF82b3RKLbT6Kv6NxzaFEeoXrUuMcny4od6LF2E,570000000,0.570000000,1,1730127110,1730127110,0.001438
Go18T9uSezdjWQWA48oM1vje6craBeHZ733YpFjWBods,570000000,0.570000000,1,1730082670,1730082670,0.001438
7fuh6VT7yUTsVB71ELVwud2RvKoCRhMsigqwBwxFpMF1,567697985,0.567697985,1,1730106037,1730106037,0.001433
2X2mhAGrmvfnprMR9wZzmVGUVf2cprmUVHhenYd53qnE,567697984,0.567697984,1,1730086549,1730086549,0.001433
83KBz51Yzcmh4PieaVg5F2uLwZ65ovDSPtGKBtma1WVn,565323082,0.565323082,1,1730051097,1730051097,0.001427
5vViQm4TGrWigrFaFA2JuJFNsmfn7DtvbKmrDnLWpYYF,564700856,0.564700856,1,1730110250,1730110250,0.001425
8HXJEkNSnpYxMocS4M1rnH6g4uNiHMWvV57MsCCyf1vX,564270398,0.564270398,1,1730115483,1730115483,0.001424
FaAXBqicQiHdTDduSJoX5aTS7dGV3SZPBsQGDxze74Sq,560000000,0.560000000,1,1730046291,1730046291,0.001413
2uWuNW7rc8SB6zh24wgkpsjqrGdsqaVwRExEfVkH7gd9,550000000,0.550000000,1,1729879751,1729879751,0.001388
9X9RMJmUHcXXji4MYXLNPKYFpuPeNd3AjeaEryWzdkUU,550000000,0.550000000,1,1730130754,1730130754,0.001388
apxbjxYpStdunuLfWC1QQ5Wy8vxZgZdVKtVXn7vydra,550000000,0.550000000,1,1729929201,1729929201,0.001388
Cm8qDhMpFiNrbnxw2g7DUJohMbpxwyEN8w2rCkn1q4xE,540000000,0.540000000,2,1730045580,1730130725,0.001363
J3eK5yuAq7U8Z8GKjU2NXaVwZYgY1Vndq1WFt6PnyQk,535586657,0.535586657,1,1730131544,1730131544,0.001352
8Tj7M7jfmrLUHJVqmRxijx2uQ2TNQ8scKSoQToGsuDEL,533694832,0.533694832,2,1729989845,1734398251,0.001347
HhCaZnjukVYSBt5wD9K8HvtiajDcfJRmfUmxignLiBSa,530000000,0.530000000,1,1730130876,1730130876,0.001337
A1bmUncHA9nDbFYSYWz4zFtZVMV2qA5aoxpCVXcSJuz,515000000,0.515000000,1,1729873479,1729873479,0.001300
6T8SMYspXSKooJp5oiXkRoC6Y6H6g6nivtgcDyp1dc6t,509985000,0.509985000,1,1729894731,1729894731,0.001287
HXKbvbENAQzLNtyotNy4MDg6gxzmHDoopjN7YvM7MHwm,509985000,0.509985000,1,1730025826,1730025826,0.001287
CxsWuoi3ZVBaNHsMiyvsCm3db8gb2Ls2Fx9HU6hGGwQf,505531591,0.505531591,1,1730075148,1730075148,0.001276
21GXCk8niBBVNbc9N9VqxFjCzH3Sr1rPBVAvQ5XSZVG4,500000000,0.500000000,1,1729877007,1729877007,0.001262
22xadRNsusAzVJw8QJFJXbqJCZm9MMyQV35Kz7NXPbBU,500000000,0.500000000,1,1730121532,1730121532,0.001262
29FARZ3fZKW5J1fBUbkt9B3haoD2vLidLxnyTZU9jcLU,500000000,0.500000000,1,1730109681,1730109681,0.001262
2AUtMmywy4sFVZw5JLStMPRhZeMCdLXRTNZxUFUPw7Uy,500000000,0.500000000,1,1730131070,1730131070,0.001262
2cgHyxcqmRFQ95zvoJSQeBYZkiMTF3eZqmw5h6wkCC4f,500000000,0.500000000,1,1729894639,1729894639,0.001262
2dHQnHbGucNj97aKYj9ozUTMfdSFbJjJ5TwyPuqVa2ey,500000000,0.500000000,1,1730129834,1730129834,0.001262
2L3n2EujaU1H5c4aDCU5oGotumtytSkAcFggqW56D7PG,500000000,0.500000000,1,1729871601,1729871601,0.001262
2owJ9D47kyfjuuZXzirohaFTtGTaPGUj3crmQA2wfjNz,500000000,0.500000000,1,1730130479,1730130479,0.001262
2W1Pz4LGggiSmA16qHU6o4HhYp6j7NxpEP486xKjvK8w,500000000,0.500000000,2,1729876226,1730038115,0.001262
2Xz5Sp1M7RsvGBQoy8oULntJmQNpRYZ6nnpdbLF14DrW,500000000,0.500000000,1,1729930952,1729930952,0.001262
2Yd3HAWXa7hmViBo2vWHjdjRooRenMsfgZFLdCzynd1g,500000000,0.500000000,1,1730125602,1730125602,0.001262
2YGB4C7sQjUuhRvUtxzYXhu4wCAYVf9T18xTE5Z3S9u7,500000000,0.500000000,1,1729875261,1729875261,0.001262
2ZGg75mzezLeA8eYPHWNZJPbz8svH6RbTxgHkyH3csCH,500000000,0.500000000,1,1729871873,1729871873,0.001262
2Zse8t5GWjaaxfQo8efjJpQK6BxMpj4NJvk1Ny3xAsNm,500000000,0.500000000,1,1729947645,1729947645,0.001262
3185i32CmULSPTdNU5JEhSNvM8eKPibCg6sQzBqaCpXN,500000000,0.500000000,1,1730084706,1730084706,0.001262
3BhYigHUpGxCjy6pSn8y1fjfxxs7un8zmBQtXBAy2nSP,500000000,0.500000000,1,1730074432,1730074432,0.001262
3ekzifjiv7UuWPXQwjLKnsgvdGJxaAYsHahi6RVb9U6x,500000000,0.500000000,1,1730130525,1730130525,0.001262
3JLSNN1zF95ViZzxAEMCejBtyHd6V5fWNhfAcxDQGaNe,500000000,0.500000000,1,1730131521,1730131521,0.001262
3KijBtLERMDy4yPbDKPPZwjVo5oyNVqDasXTQsbvpAjg,500000000,0.500000000,1,1730123937,1730123937,0.001262
3seqhyw9bFZU2pssrnS4hgQ1bMSW4oCBU2J4Jkx4UbMH,500000000,0.500000000,1,1730004344,1730004344,0.001262
3SMHCF9UvKMXYgVqx5HXJTqkVps1bYqHpK84nUPZmE36,500000000,0.500000000,1,1729894269,1729894269,0.001262
3UrWxAxRK6mhuvJMyy8mhumbD1WkWmePhoC1t8NuCe65,500000000,0.500000000,1,1730129371,1730129371,0.001262
3vbudCzXb5ptueH9UC8xCLTQUS9gvP36wV8saPR7hz3H,500000000,0.500000000,1,1730127455,1730127455,0.001262
3XHGzVQw2PLTeY5FYdqqTTQJHvrMyC2QZmVTVMKQ7EfZ,500000000,0.500000000,1,1730130864,1730130864,0.001262
4AccdrcF8TVrpsjNsozQNZPeL7RRdExBejNGjYfucamE,500000000,0.500000000,1,1730121149,1730121149,0.001262
4DefPLkwpPFy9nKoSQFrvut8MN3Hjvek5jsNA2QwDbvH,500000000,0.500000000,1,1729957086,1729957086,0.001262
4dZSKb5ZUUCCScxuGwEKDy9kqxwVBdjTmdLxLFmy8WdB,500000000,0.500000000,1,1730046070,1730046070,0.001262
4FzXabUWhBphSbQzWekSNxc9jGgnCU2sGtLJUPtafiae,500000000,0.500000000,1,1729985879,1729985879,0.001262
4inyuzoXVDpxcaji5broZBQhfKhYTbj9NVCWWqyU6msy,500000000,0.500000000,1,1730130934,1730130934,0.001262
4jMd117BFiPVHXq7wEMAmdPUxKctcJA3ZWMeStn9qYDQ,500000000,0.500000000,1,1729963612,1729963612,0.001262
4KiSpp3fxf9DngdtdunfdqDEQNdU8bkDcYX88fErLFuF,500000000,0.500000000,1,1730050436,1730050436,0.001262
4PpP9ABAfaDMbpDMK3o1rpU7KKjyaV6KyJzapjjWguN6,500000000,0.500000000,1,1729893860,1729893860,0.001262
4qghfSyjnAfQmCJxroL4ASG3FwP2tfCkkGG2wMhQkmtd,500000000,0.500000000,1,1730076323,1730076323,0.001262
4ZU3i9kdtCnDhLxLqA9Ab3GWNmiQVcEbXgVXMzQkTkkS,500000000,0.500000000,1,1729980106,1729980106,0.001262
51BuuG1JnvZKQtGXdNRAd91rN5y497aWJPXMDw4fWm2h,500000000,0.500000000,1,1729981204,1729981204,0.001262
526B5njgbm354G4nzrfVKFzVQR2W3NCyXAvmNQoNRWtg,500000000,0.500000000,1,1729873436,1729873436,0.001262
52kJwMRVQFZ87hn6iStYXNUca3b8qc5V14Acy1YFoZcd,500000000,0.500000000,1,1730130043,1730130043,0.001262
58c5K1JynRf6b31i8Hgz6QmBcszHw7m4qTKDzpHXen4,500000000,0.500000000,1,1730131280,1730131280,0.001262
5DkehkvfKvFSdwR2qMSvURVGsN2YVS5kEHgMrDSa6mEM,500000000,0.500000000,1,1730131493,1730131493,0.001262
5EtCT1idgTT8G4QVU5vVFPXSiXR7vzDJ94deTFNQ1vaP,500000000,0.500000000,1,1730121634,1730121634,0.001262
5G39bdGE8GgJQ47EaY8SgmZzYdK7Q7vezfqkcDmezEFv,500000000,0.500000000,1,1730128780,1730128780,0.001262
5JcuFLb9Xd8cwFTkVL4Nc8RGfHAHBtz4gHCi61mEceEG,500000000,0.500000000,1,1730120300,1730120300,0.001262
5k4rxotdYHwu34oxShHxFu49g85DmQys1LxEtA2PU2z3,500000000,0.500000000,1,1729892422,1729892422,0.001262
5ndvLhkv5DWVoUSP1MLTAGbcvGGmD57ogpfDUTtLQHkp,500000000,0.500000000,1,1730039022,1730039022,0.001262
5r1QDVNUF6Kp8nWkoRo9JPWZyCxCrghE56YAeJTQLQzJ,500000000,0.500000000,1,1730131168,1730131168,0.001262
5ShwNhQdoyP6YoVnFNHQBKUmGBDpRFTTqx8CwusybSsp,500000000,0.500000000,1,1729927834,1729927834,0.001262
5T3wxvFLHakhurbUgjHaUMSJpzBMuto6XRLFj3sDV75r,500000000,0.500000000,1,1730117354,1730117354,0.001262
64HPNDTsbs7NhS8qWDjhKbapHDFGzpXRqKBfQojqwnCQ,500000000,0.500000000,1,1730131094,1730131094,0.001262
68so6F2WohAWfV5bWU7oY5TcpuHAZrBGLxto4zpcSNda,500000000,0.500000000,1,1729961950,1729961950,0.001262
69AgaX6HDHVzZCATkMAnVgzScNKAqc5WXp6Thm6LaD6q,500000000,0.500000000,1,1730107425,1730107425,0.001262
6EFLPVEy6v15a61d8qAkenjirKJ77b72JzFUz2XueSwp,500000000,0.500000000,1,1729894124,1729894124,0.001262
6eQmER6iUxkuzKP9srn5peKoXqtsuvRrA9m6r9e7DT1Y,500000000,0.500000000,1,1729985009,1729985009,0.001262
6iJyPYmT1AXcXcHDvC3ER6dABo7KnDJo8VoBVtkuz464,500000000,0.500000000,2,1730117637,1730130818,0.001262
6UFMssfGPTJZqF7wpjFdzo8yKXg9PRZuMe76EstHJVFP,500000000,0.500000000,1,1729872965,1729872965,0.001262
6VV6BuBtqk4zKvMi38pkwkSGVD4Agw6ajkTxYn4W3zgf,500000000,0.500000000,1,1729910377,1729910377,0.001262
7asnimTskbWB41WxhaPU2jjB9urbBpcJQsVr1iaor9Qo,500000000,0.500000000,1,1729931804,1729931804,0.001262
7aVuz69SnaEcfCmXxdt7hoMgig1s1R8kvDAJJn2b3Svo,500000000,0.500000000,1,1729872531,1729872531,0.001262
7BJvMoBNLJEZQa13iyCHx7wUUBJHXKAX197xnJwaJeos,500000000,0.500000000,1,1730130582,1730130582,0.001262
7FoE7Fu6TPZhbb49KTcKk1ByxDysTiaTqATSAPdYr7Uo,500000000,0.500000000,1,1730120589,1730120589,0.001262
7GCGHiYoC1dE17WuDQknsHasyeEc2M2EcP8SMAmoEQo6,500000000,0.500000000,1,1730116156,1730116156,0.001262
7Gpf53aM9WuWujfJT3fodVaeTHiCU8wAbeg5QewvBXyw,500000000,0.500000000,1,1730039882,1730039882,0.001262
7hXQnNY6o9SbFTQxzNdAAwGCZnsijVhv1CrcNHpFNgkv,500000000,0.500000000,2,1729874619,1729884306,0.001262
7o9UGVAVhU1Nbao5C27q8ARSsEGgdMpr1wccjuMWAUGt,500000000,0.500000000,1,1730126543,1730126543,0.001262
7oYcYYME5uPsXqB7Hiv7daEMjLaqQdP7HtkSv1K75Btb,500000000,0.500000000,1,1729905632,1729905632,0.001262
7twmYxbnRSLez5WhWbG4mTusAZpwTXok3cbkei5fHpfg,500000000,0.500000000,1,1729931777,1729931777,0.001262
7W7gaKjoCyD7gcTfYnScMAtbhLpdp5aAMtnqMgLYtw6g,500000000,0.500000000,2,1729873324,1729883671,0.001262
7XSJefeuLxjUZfcCHRECyiGVCmF3nrDtb1rNX3wDnuGM,500000000,0.500000000,1,1730125350,1730125350,0.001262
7XykoY4BRcq53DW3o4ByvN6ZKgedz4iC5QSpAC3NbrGW,500000000,0.500000000,1,1730129065,1730129065,0.001262
85ZKL3oCVGN5pWfEY8GT95Zt8KL2EviQBRBLNcnncLt2,500000000,0.500000000,1,1729891940,1729891940,0.001262
8D5jc6avC5SbvxongovRpfsKXtTszDMsdeBVjbyMnsBb,500000000,0.500000000,1,1729976198,1729976198,0.001262
8KbDUJ5Tq3hFv6dyHFqyLyYWPnPVq1FW9L34CdBDRuta,500000000,0.500000000,1,1730044308,1730044308,0.001262
8mbQXjWP3vDGLMUV6h4XeRm999g7TeLf8foA98DzbG9Q,500000000,0.500000000,1,1730129065,1730129065,0.001262
8NhQUXqrHwgi4FgB4q5Bspf47YmtjynkxwmAs6f5bzQK,500000000,0.500000000,1,1730038237,1730038237,0.001262
8QusN9MnBVt8t76Kp7TuzADKyHVtmX9QjA34XHB1GFdb,500000000,0.500000000,1,1730128051,1730128051,0.001262
8qwbBup7KJHYxFi3vyHnifWBrsMpQB9BBZVKAD2pUr9X,500000000,0.500000000,1,1730131111,1730131111,0.001262
8tfs3URchLSAvwGupkDQkAqEM53fNP6TsUM4Tm3W3waJ,500000000,0.500000000,1,1729871715,1729871715,0.001262
8tmcBZdWGHttTDJUc3iC5G7PmFGtHNPahyf2wapi4n5k,500000000,0.500000000,1,1729985961,1729985961,0.001262
8XMgE4ziuuW4XscHPXC1PbVKoBo2cXM3aRyUmthS4RQj,500000000,0.500000000,1,1730129657,1730129657,0.001262
8xziF4ehbn8QMGtSSHns8RJ3qYy9rLRrrGfPWpsyLQ8b,500000000,0.500000000,1,1730130474,1730130474,0.001262
8zrR5vZqztipTsrEjJBpDmaQBeqwLrgpvxxWcDD9vGoY,500000000,0.500000000,1,1729976983,1729976983,0.001262
8zz5N1iGvyWApRJvps9C7G7vgZ2gWbMEaB4VMUBeC2vS,500000000,0.500000000,1,1730069488,1730069488,0.001262
92SN6cVBXv4QbdWrzWEz9LHrCp9JEcFfm8HxUSdrbNR4,500000000,0.500000000,1,1730015553,1730015553,0.001262
9ESKUmZEumS37ndWFZ4TTkxMGCSqQ1SKz7fCgu5GWPr1,500000000,0.500000000,1,1729998294,1729998294,0.001262
9itc6gRejr4Cv7MFPmFaaZXdCntmwMcBA6LhFHUC5y1u,500000000,0.500000000,1,1730129355,1730129355,0.001262
9mjgJHS7Xz5hk3oNdegMbe45mtoUq5jja7hGemA95sU7,500000000,0.500000000,1,1730114356,1730114356,0.001262
9YAVEw4HEpWFTqMHE7LzxKq3xD6YeCBhdFGJEUWnG9Kj,500000000,0.500000000,1,1730131035,1730131035,0.001262
A44CKxQsSuhZqpoXiWdu35tVqsHzPNCDzheMeC8TRBSY,500000000,0.500000000,1,1730123182,1730123182,0.001262
A8RM7RvTG1GdwXsBE3oDDBoBs9AuqobhWnrFapWLA5AD,500000000,0.500000000,1,1729888379,1729888379,0.001262
ADkwUuLTAX5UFBUtDLzaYusqaV3uLZTRd2tHMvDBAtrK,500000000,0.500000000,1,1729895579,1729895579,0.001262
AgtCrFeycWMqiwTXt1DPfSiwKq8hhKRCyM43crzpnpzk,500000000,0.500000000,1,1730128926,1730128926,0.001262
ALsBPKTr7VZT8Fh4xP154vDwaUNnKbvebhysw4ue4bAs,500000000,0.500000000,1,1730045734,1730045734,0.001262
ANBb9EJqcQvzbft3aQh5oyw6jy3KuEXtTFYX8U6MMG6f,500000000,0.500000000,1,1730032664,1730032664,0.001262
AUagXcznaTnjCdQsyi5S4EcLhE9uGC5Dhek4bxT79xAu,500000000,0.500000000,1,1730030059,1730030059,0.001262
AuzBWmHGN7e3pQ6Kyc8H8bpXkBC9CHLkEzTqHGQixQGH,500000000,0.500000000,1,1730119633,1730119633,0.001262
AvqwYpdUvYpuprUzRyN8gg7PkvHMPH5S38VyHSNjidex,500000000,0.500000000,1,1730066913,1730066913,0.001262
AWVYsWBRDtfgcxukoVu87XvFBsfDw4ojYfWVde943CTW,500000000,0.500000000,1,1730130746,1730130746,0.001262
AXV7uHwPTiRNj8d9fu6dZvHCNpicceyNQjvnweo6CyfM,500000000,0.500000000,1,1730084776,1730084776,0.001262
B2YK5eMPdiELvrr659gR75CEQ1ccao6eWMkzEKB9ASke,500000000,0.500000000,1,1730058251,1730058251,0.001262
B46TAzQu64aC1jhNw5pspUwAeQv1aGP5EbG1oLhLUjnf,500000000,0.500000000,1,1729898961,1729898961,0.001262
B4HLYvCPrP68FdeQGMtmmRRqgUUs1Z1pVEHN9dpQLfjQ,500000000,0.500000000,1,1729892127,1729892127,0.001262
B75KRJwvHyRDZqRFEHQYQ8WhgCRfEEqXotM6Mpr7LqLN,500000000,0.500000000,1,1730129592,1730129592,0.001262
BdNnXdWDSQFSYbTw6bjmbTSK4szsdxRQsJkS26zHgkuV,500000000,0.500000000,1,1730130972,1730130972,0.001262
BEw1vPTZpiqLZuz312WJ8MYBcBw8KyM1rLpNBwDAiLLt,500000000,0.500000000,1,1730044031,1730044031,0.001262
Bfbrn9YRKartQHBqG4KKT4kY4qiq9f5283ENoceUdE5s,500000000,0.500000000,1,1729888721,1729888721,0.001262
BfTFFFhLmwnk9kVXu5rcsVRFk7f8xGcbA5A3UYSvkAWo,500000000,0.500000000,1,1730061163,1730061163,0.001262
Bh2JtZk9R1huSGus2NfbW9ypiQcxnPVsguRSpuqtMmFE,500000000,0.500000000,1,1730125289,1730125289,0.001262
BiVJy2nqFg6gNpWHBNUp8PSJwYv57ob2YR8kcVggEb4A,500000000,0.500000000,1,1730025769,1730025769,0.001262
Bizkcf21Zbb89hGEBtDeyPEW5vny4F4sF6Cc5iWP5ibe,500000000,0.500000000,1,1730128520,1730128520,0.001262
Bj6wPNhmhS6EA2TPaURscE7oF1nnpEdUBTLtFnqEmjPs,500000000,0.500000000,1,1730039932,1730039932,0.001262
Bkjy5PAAmMNzjiNhsYUoWriKh7FvLCZiZxvbEtJRmDqB,500000000,0.500000000,1,1730018869,1730018869,0.001262
BMWt3i7siwobvihhwrq2Zi6i7k9kEkE4GGhT3iwqJobn,500000000,0.500000000,1,1730122982,1730122982,0.001262
Bp86pXqxdRyEmrGZZMQVhBREus3hvC4eSNE4dp6TuqWL,500000000,0.500000000,1,1730038458,1730038458,0.001262
BPJmSUeaRcKiSoRiT9zV5CQCScUErL6T3GHPEkFxv7PK,500000000,0.500000000,1,1730129487,1730129487,0.001262
Bv6ZhSg8Snj3QrKZAvhf8GLFmHxi7pVzR6XYY41grmCi,500000000,0.500000000,1,1729893502,1729893502,0.001262
BxV6yhXek1yWTXsXqqmoMyCksxvCAhVtqvmye9QMiC9m,500000000,0.500000000,1,1730074693,1730074693,0.001262
BY8QXpd1JQJbRDb9jQ1Sj6DGJdShDQNca1WiC1WLKirV,500000000,0.500000000,1,1730061297,1730061297,0.001262
C7a5x9WY2HfCTAbK5ueDS8BDg7s5ZNiUiYRGMJBBW2gi,500000000,0.500000000,1,1729893987,1729893987,0.001262
C8iBoY1gK9Dbkt7PYkdpVKJvW2ERgVMfqwUpSqmmeUTV,500000000,0.500000000,1,1730042360,1730042360,0.001262
CA2p6hFvJQ66wwL6tu3wiUcNaxzKEYHD2zEcLzykiXhQ,500000000,0.500000000,1,1730114556,1730114556,0.001262
CAaZwHUT15LQWSPS7pomevw9UBxkYZv76uEcfaf1HBK7,500000000,0.500000000,1,1730129518,1730129518,0.001262
CaodLPj6XcMetDpkuFHDdUWL3JEnZYKjafz5x83m6S5z,500000000,0.500000000,1,1730130980,1730130980,0.001262
CAshzgYpBu9xAw5ULHtDgpfMGfGCUudRtvV4UWnipp4S,500000000,0.500000000,1,1730122795,1730122795,0.001262
CE9AWeobAjzGqjib8ht6q6VFjxUGLo61jziQLEkBZXbd,500000000,0.500000000,1,1730044471,1730044471,0.001262
CEX2z5en3rg2YcUPJGQLoWmvL6F9K3hg67MQ1fqwp8Bo,500000000,0.500000000,1,1730131044,1730131044,0.001262
CfpJP88HCzvCeBASpbCa4GbH2XDGWmZLNcu1KeYo6gAw,500000000,0.500000000,2,1729885891,1729895763,0.001262
CFquGYWFqWqyx2Le7FsJXRz4YfSH3KtkaDmwS9u44JFj,500000000,0.500000000,1,1730117381,1730117381,0.001262
CFtpwyXse8K4Ei5KLoTg8y5sV5GvfmwcE6e54dDVQ3cS,500000000,0.500000000,1,1730089062,1730089062,0.001262
CGR3h92Aa2teLdhLdvycHXaqqtxTWyMVcMH1ZJqiEZUV,500000000,0.500000000,1,1730131549,1730131549,0.001262
CgvUHj1p2gxoXXot28pvKmgrh3uL2UNKP9D1UM7xFmDb,500000000,0.500000000,1,1730060359,1730060359,0.001262
Ch7UV4paUfjGakW2XsTmCVGQLeidp8GuPrFfqAASZr3Y,500000000,0.500000000,1,1729880222,1729880222,0.001262
CjJjZzfcaXTQYL6s5UZhgaJNgu6jQVz6g1TsLAFJivuB,500000000,0.500000000,1,1730082725,1730082725,0.001262
CNfGdcCQaoce2ZbggWAw1GgH2Ykmq69xiyGdLic24Zs1,500000000,0.500000000,1,1729991373,1729991373,0.001262
CqkSJr8dbAdERWXH2PJg7hUKmjNWrdk7gLVWMqsQLngj,500000000,0.500000000,1,1729994012,1729994012,0.001262
CWXTmmAT3mcyVXKc2mRsq6XatVNvKMuz4Dte1fEBxkix,500000000,0.500000000,1,1729876563,1729876563,0.001262
CxC6Kr5M19zLCAnqtSKFw2CRaeepV3dvFyjAjWE3gWCB,500000000,0.500000000,1,1729878072,1729878072,0.001262
D1bdkou1t8qzPt4gm2tLr8fe5ZYzGuzHLvkrJ1ZDPsqx,500000000,0.500000000,1,1729970154,1729970154,0.001262
D2mH1Fc4D41nGZwsJR5yNdLXasxiGhq5znh8w3J6eN41,500000000,0.500000000,2,1729872225,1729874850,0.001262
D4qhfCfeSfgzeTKtSF5hMZ1YHyu5JsBNcnaL8kX2zARR,500000000,0.500000000,1,1730078619,1730078619,0.001262
DaRV1b3wKNyhDfB3vCTmhFa1orZ4xKJkw8WJA8niZYpd,500000000,0.500000000,1,1730118647,1730118647,0.001262
DCAwcdJPXUYrT4KSoss2QdUetNjuzvo9ycbA1omwbJFF,500000000,0.500000000,1,1730108127,1730108127,0.001262
DkHo1PKgC9bgpRGwfcLJngeChRuBYCfx9GcZmLqG2Vty,500000000,0.500000000,1,1730129448,1730129448,0.001262
DLEMxtaSXdB8LP5otmi2aLqYr8mLabJZEJ23x8XpLH3j,500000000,0.500000000,1,1730115326,1730115326,0.001262
DMGasodBdWKZ9VD53rCTnUSX6vk3NyDoNuDX2FVfi8HN,500000000,0.500000000,1,1730060434,1730060434,0.001262
Do9n5Rw932qAHZ5hhY7VpTppxdw4LqkpPG6AqLk2zfRj,500000000,0.500000000,1,1729898430,1729898430,0.001262
DokVmE1wqhCJiS879sQCCKmjESNpUNHsYqJhwLfdNKz1,500000000,0.500000000,1,1730062272,1730062272,0.001262
DwxMm3fmtAwRPW5s2eKCNudAA9FVFZuAHvegUDY24rK3,500000000,0.500000000,1,1730114385,1730114385,0.001262
E9TBc6DETXH2stDkcbmoxuuSrGdNKUnVjdv221CM5AWy,500000000,0.500000000,1,1729987113,1729987113,0.001262
E9XMsRQyz8y7PLtzijgf82ms7o1HLK2mzWPQyb5phYt9,500000000,0.500000000,1,1730042024,1730042024,0.001262
EAnpUGQSxC86v3f6DRaNpSV2ScrkJALzPd5XBZacKehM,500000000,0.500000000,1,1729970191,1729970191,0.001262
Fb5x6Lm4QaWfWiBSZsHdDVqLEu6tQd8A7DFSg1seqhjQ,500000000,0.500000000,1,1730083387,1730083387,0.001262
FbYzU5vi3p4NXbcWJ41r3JM2AXnEiWDnjLLGR9mSu5Jv,500000000,0.500000000,1,1729872811,1729872811,0.001262
FGSiZGiQTuB51mBVDLcLYyzpvt45n1oQ5Fuh8uoYPyMN,500000000,0.500000000,1,1730107287,1730107287,0.001262
FJpYZyKdYV6dTQkPCqnMUxdz7KxVFYsAQ8vHtfoMjASn,500000000,0.500000000,1,1730123884,1730123884,0.001262
FksUXpByVmWcw8aTmZ5wJT4meGNhvALQxz7nhJuXoFbt,500000000,0.500000000,1,1730120531,1730120531,0.001262
FQaK4NrLSwfJ3ETVZD7ww5asxYGzoQe19KRnqx24FUKd,500000000,0.500000000,1,1730105785,1730105785,0.001262
FuaU4jaWgFisewv7kgcoUGyQJUkRaqVTHdUkTHaXSuyM,500000000,0.500000000,1,1729915225,1729915225,0.001262
FUj3CPF6kxFi8edBuhV1jupF6yg9imgegefB4zrc3tP4,500000000,0.500000000,1,1729898274,1729898274,0.001262
FXQkVGCyhUkQvgiRWvui2pN5Wtp35We8cMsKYnkyUTmx,500000000,0.500000000,1,1730130459,1730130459,0.001262
FYtqLCyMk6Sqz7fEeHbCstJyUPQkRkiQYHgxf3GQqMF9,500000000,0.500000000,1,1730038985,1730038985,0.001262
G3pc3R2it3TpExSQX2fDiZS6FLSpJ9FM1PPbmkV8gVPz,500000000,0.500000000,1,1730115580,1730115580,0.001262
G5zuGiKk6aVerqvmopL3aqNtApZ9ivoCJ44b17NefmWj,500000000,0.500000000,1,1729978364,1729978364,0.001262
Gb7z7ESTnPTa2LjYoeRnYM2pbpXpytsHqgT9fUHjEcEP,500000000,0.500000000,1,1730079376,1730079376,0.001262
GCx4fEBbbycugyQXo2Zx7U99xYSeYFjNYd1YC1o6hRaB,500000000,0.500000000,1,1730119893,1730119893,0.001262
GG4HPcPtv4fDpN1dzCfmVyBDSH5FAFd4jp5dG3AzpGbk,500000000,0.500000000,1,1729885593,1729885593,0.001262
GjhtBhSN1vpS6cFByeuLKpwMUhVwoSa6YosQPcz5DJDG,500000000,0.500000000,1,1730037643,1730037643,0.001262
GJiK7XLDvos3GdKtFRQbeQpTiUifXaDzxwLw3J1pBEyg,500000000,0.500000000,1,1730090171,1730090171,0.001262
GM18e76XJn8EhVf1t9cALKn8QJ1Mx4B75eGzDbtRAkYt,500000000,0.500000000,1,1730120379,1730120379,0.001262
GPhCzmg5WzKdPEXRHtJsWznLTjnf67XfANYkR75NcJFs,500000000,0.500000000,1,1730040715,1730040715,0.001262
GPKtiLqmz1uwxPb3fYmaDjKzXt33LjxTP6FizsKo3gsZ,500000000,0.500000000,2,1730044263,1730051050,0.001262
GQTHhD6w9dLxbLrWNyGch5mdR8APa269cbkdBGMdwHmB,500000000,0.500000000,1,1730126658,1730126658,0.001262
GV6u8goLwgDEYsCXzfTyVqdEKU9mu7eXzuLae2TfLtMC,500000000,0.500000000,1,1730128411,1730128411,0.001262
GZxcDSXUChcot7JDFgaxvjrPJrewzsFTgQbBLZzP3vju,500000000,0.500000000,1,1729897998,1729897998,0.001262
H3ANNDe7r6UrmbppKqpWXvUNoLKv1nQBsG5mFVJgUhq,500000000,0.500000000,1,1730115821,1730115821,0.001262
H4f9942RS4om4hVUL1pkCoGPSfZYwjKNJw79jeQQBJ78,500000000,0.500000000,1,1730105249,1730105249,0.001262
H5nHmPtjN7TA1PerfZ2oTTtqcyAsVGGCzyLuvjgBT8bb,500000000,0.500000000,1,1730065796,1730065796,0.001262
haha1fMiz4Utw9W9X8YqqVPrHS3XqZ47jCDHS4qPSF6,500000000,0.500000000,1,1730130085,1730130085,0.001262
HaK2NjMZk8tUbC49tRs1ACUPWt4QkpJf3jM95g42eyLT,500000000,0.500000000,2,1730106938,1730119170,0.001262
HN6KzbxE5U2XMs2qzZ1Nc2TNQoDRtxjs5CvtyUCRi4YC,500000000,0.500000000,1,1730130277,1730130277,0.001262
HP9fNa96Xtyh1kSnVUvzFsVJPQtL49TssRhHmP8W9S9h,500000000,0.500000000,1,1729872806,1729872806,0.001262
HTQk3SSJmHUwfCur35hmKoEPnTCYfqHnT3wFwthKVkTJ,500000000,0.500000000,1,1730042453,1730042453,0.001262
HvXCdAT4pH3BMA9hwEBVhE8qoXng8LymgeViZ8KmXoiU,500000000,0.500000000,1,1730085121,1730085121,0.001262
HX6RYmViVDSY3ckBSLyEvSqePYomxiu51iw5kjBxufXR,500000000,0.500000000,1,1729987920,1729987920,0.001262
J3Sb9uWK2TPbayyMP4LFhsC5ZBaYEfsKWV9SoocQgp5m,500000000,0.500000000,1,1730110940,1730110940,0.001262
J7MqqkSJLPGBoAUy3Nwa1d9LFkZKdSXKV7yUBN1ho6VX,500000000,0.500000000,1,1730050060,1730050060,0.001262
LzANbi269RXqFWcyuL7U3AVDXh8GngDKZQu8JmGE9mL,500000000,0.500000000,1,1730130637,1730130637,0.001262
WCRifT2gnBfmLjWZKUydf6LRQymL4j3awC43jh6rVzq,500000000,0.500000000,1,1729872202,1729872202,0.001262
wHfXeL2wTS6sL1TiVPNUMtLMUpPTapZgwJWFLErx3qH,500000000,0.500000000,1,1730072452,1730072452,0.001262
wLfM53F9bF12C5CLLbpeRiysJ2GsmDsU4kxvKv3HZNv,500000000,0.500000000,1,1729892775,1729892775,0.001262
XzE3EzSJ6CbL5qSL6LXjqTyxAZkPsby2Vuz7Ke8HFkU,500000000,0.500000000,1,1729899965,1729899965,0.001262
ZryoEviU5pNQNNhmM6gb9F1PY8wQeHDJqAdX45bv6d1,500000000,0.500000000,1,1730125900,1730125900,0.001262
7dSLZ5HybG272kyiEUPVYcUGSmjfRUvJ8xq6oUpC8pM7,490000000,0.490000000,1,1729874534,1729874534,0.001236
E5vBBNXUffDjijTdYiroHwcY5xUmTs1jKkkMMYsSqjjk,490000000,0.490000000,1,1729905548,1729905548,0.001236
Ghe9X6QVMsk2Y62DcBbUystLvWMmDC4V5JbxJ4iacnmi,490000000,0.490000000,1,1730056655,1730056655,0.001236
9NS1g17nRaTA8hbnKVbWFmKH46EhDw1SQQifamC2dedv,489935000,0.489935000,1,1730127528,1730127528,0.001236
CxtMHYWrhy4Uny2HRWVPayZpgsWmMpDH9wvhZH2DNAak,488625061,0.488625061,1,1729872220,1729872220,0.001233
HeKQTaRHjYEiNwv44yMK8uZm5wbeZh8tEsRLpDp5cAgt,480123591,0.480123591,2,1730087775,1730129119,0.001212
57Twa6AARrUjyw2dxBQ3EHFPJbTM6DNvopTsUbQEMXAg,480000000,0.480000000,1,1730127122,1730127122,0.001211
dXvMb1D5WQpzYPUrRefMWGoccAd2VWgTtXUWcj1i5Qx,480000000,0.480000000,1,1729875394,1729875394,0.001211
4g7pKECganMVBRBcuvbGfXwhaYFgcmNN6qUAxdKVAtfv,475177089,0.475177089,1,1729886091,1729886091,0.001199
HY8hAy8xQEGj5kED2sZJm6ykVNXuDp5Ezk5UYhk8mKW6,470000000,0.470000000,1,1729895543,1729895543,0.001186
CMWKkCtqhR53F7Te7A45dzuZVhWkpPPaqTTtGgA2Kk7z,465000000,0.465000000,4,1729872704,1730051079,0.001173
2j8j2wajgF8r3eodr1MqL2tYN94UjbGioxwbrQ2BSRJg,458500000,0.458500000,2,1729871915,1729872357,0.001157
6oDCSBc6YK6U9o5DU5jg79MRJjB1K8KRUtcr8XmHdshy,456751356,0.456751356,1,1730087728,1730087728,0.001153
4LPGmGXwFJPLQGKHgc1Nx3Qj4CF4aXEemsUUTmeyiGg2,450000000,0.450000000,1,1729872299,1729872299,0.001136
6qw9FVryTMKeUa1x3SpyYHmj2u9yqPx1zC2DuptxneTb,450000000,0.450000000,1,1729934442,1729934442,0.001136
FXzXk8dmgDHJu5mV1gqMLya4o17Kb2yt1jDjtr26PXs2,450000000,0.450000000,1,1730130603,1730130603,0.001136
GRyheiET1yfRNHYCkXFDmTJFewbzwHRfaoFL4xbMKdut,450000000,0.450000000,1,1730049136,1730049136,0.001136
GxN7tGKer5UstfDbo6jHuJkxM9W9hjkVLbNsKLzd5NEu,450000000,0.450000000,1,1729903084,1729903084,0.001136
Hp8NFu92LaK35DxqJfFv7czyUDASWbYdETEBFfEssQ89,450000000,0.450000000,2,1729899293,1729900625,0.001136
HUw1xQMng6ZMkNBFACmTJfcce1NdXvWVaTqAAy9dsiEK,442255648,0.442255648,2,1729879619,1730047836,0.001116
25VhNs9x9V9ePUhW789GDQx1rZR7qc35nG5Gnxrb9Cdq,440000000,0.440000000,1,1730114077,1730114077,0.001110
8Gszm3RSEbdrrxTyq9dkupgHC4mMUgEGNqmLXGzDkMjD,440000000,0.440000000,1,1729984364,1729984364,0.001110
FJ5rZcc8A89cgbduwTMTt9PW4UDojz3xusWuYDfMvxyG,440000000,0.440000000,2,1729872677,1730125592,0.001110
FsLzazipoSJhtQzTJjHFQfyTDpfr1HY4n3Rt3orr1Tsk,430000000,0.430000000,1,1730129448,1730129448,0.001085
2vWsHwETWzaNwQGz3a4tr9bPTMbfKBvvKDdYjJoZUsSZ,420000000,0.420000000,1,1730127642,1730127642,0.001060
7YgVxR2iWYAxjCJWteMi97zDiwNPXBNKxPLZ98xnFwvn,420000000,0.420000000,1,1729906126,1729906126,0.001060
86Z4L5SSk2GK7e9dB4kLVcVqA6nNfoqg2RSdgEG4oMX7,420000000,0.420000000,1,1729996500,1729996500,0.001060
DzkhmF4Ln5vC6qiw6eom36pKy3Xz4QVMYV4yiPxk4AxS,420000000,0.420000000,3,1729873669,1730128831,0.001060
HFuriC4HXeZxsHytoNn57K8dF7DC3sETG5Y71aR5E7Lt,420000000,0.420000000,1,1730026582,1730026582,0.001060
HZXofBr6mdAJayTWiyPScXF1Dm5DapAJBSn5y82EtFdS,420000000,0.420000000,1,1729959212,1729959212,0.001060
2XQFq9VkRg5aotSLdQJ72aeW6dxzSDvJpCG1kcyeaR28,400000000,0.400000000,2,1729906290,1730051126,0.001009
4rQhxob4p9ycDr9KNUYD4mCPHfVAGVjNDkCvXwPe9puo,400000000,0.400000000,1,1730037396,1730037396,0.001009
4yzTnZwDvWxScczXFxz5W9tT8besofE2RGdNr4XGgTHh,400000000,0.400000000,1,1729947222,1729947222,0.001009
6a1WN7XkZPpfKkZ6oK7mDTzd776CZZQ7AzUJXobu5jRD,400000000,0.400000000,1,1730040539,1730040539,0.001009
6w1NW9v8X2k3QfZfgWkSLtRco2Kg9FpF4PEbW9p8WP8Q,400000000,0.400000000,1,1730064016,1730064016,0.001009
87FbV9wuNm6DNchyR1vMThHszD4AMum6MxCao4WuhSP3,400000000,0.400000000,1,1730095260,1730095260,0.001009
8uXTSMvmoMTJ2sQK6AngL47Vr5Kq7bpCiZWc6hpXAVGn,400000000,0.400000000,1,1730130922,1730130922,0.001009
AidPRURSh1ngB1ujLtUrpkPRP8epxYKZTiRSPc2AN6EG,400000000,0.400000000,1,1730024493,1730024493,0.001009
E1hXMk689xBNJnkcHgWh2J6WPp8yXxit364bgjw1VXWC,400000000,0.400000000,1,1730122370,1730122370,0.001009
EG6x7N4uL6bbgqXAQRbR223koP3xJaje1zRoDdQsFYSZ,400000000,0.400000000,1,1730126313,1730126313,0.001009
FQrXWH5reKZxJUzJiRfYjoQNQae47doo229UvNuHnwjX,400000000,0.400000000,1,1729886666,1729886666,0.001009
GHnzXR3xyCt4W8w43ezdQoUU4SSWXgvDhXX4TMrthCQ8,400000000,0.400000000,1,1729873963,1729873963,0.001009
Hb1z5TrPEv4d3ysefdZFdg2CqoZL3eUSXPrzHDiLe3qx,400000000,0.400000000,1,1729931646,1729931646,0.001009
HDboUFiVQ68KKXP5Cuu4eCKQiYqwKxhzhK9aTUCa2REH,400000000,0.400000000,2,1730129857,1730131499,0.001009
J7ajqFMXnSMcHscBpp2K97VsffZsHpbedQXMi7XsCagG,400000000,0.400000000,1,1729876075,1729876075,0.001009
JCnw85EnkkuX3u35zertsb1PahjoCKXaxvSSC1Uu6zbQ,400000000,0.400000000,1,1730092685,1730092685,0.001009
sUe1fcndrvQwtFYSjhgx5GJQRiL2sMYpgS86zq5gdCy,400000000,0.400000000,1,1729952201,1729952201,0.001009
62jMV1v5xqjfKTNochkcSQDYcjedLdVnSavaar4Qof3u,399985000,0.399985000,1,1730129569,1730129569,0.001009
9mh4q7RpZwLhyTk8v2E9QHYMJUXQXQnhwkUwhUma8K4L,399385200,0.399385200,3,1729893504,1730041786,0.001008
D92jGZnv8A7zN7vickJ6ZFpiVBBnU8NHtWzrxLVYa6aq,395688025,0.395688025,1,1730059141,1730059141,0.000998
EvBU9pCuWdoLHxarWPtmYrhvWpDquN3kVxbnMfhEer1d,380000000,0.380000000,1,1730131259,1730131259,0.000959
5Xe9D8RpsxL3B2KYFYpEeuE7trp1mFafeK5wKVJwDUZf,372514184,0.372514184,1,1730130720,1730130720,0.000940
ARWZVcU7SnPFbMauDEoniTbLieBZ3Ld4VcxebeH2BXq2,369000000,0.369000000,1,1729893250,1729893250,0.000931
3rbtKv2CEJS3c2EFchhAqJfjU2pdHKDgnVCdsAiYwyBF,365000000,0.365000000,1,1730118742,1730118742,0.000921
5vh3CToe1Woim6XzPtjKJroyubskzzV9yroPCNcBeCU3,360000000,0.360000000,1,1729873387,1729873387,0.000908
9m2zbdhMRex51ymRnSJ5nH8a7NyzKkND7wALyb76UDig,350586520,0.350586520,1,1730051475,1730051475,0.000885
2YqDvtQw57d58avXzo1UPLUmZP2TBSMQSD6MTXhwFC7L,350000000,0.350000000,1,1730047388,1730047388,0.000883
6EurEvwhoHnPu3VC6unQyXZZbLVX6yeRodWE17exmYw3,350000000,0.350000000,1,1729933894,1729933894,0.000883
7zxBdwwgrVbfjtMr3D9HBxYLhgFeXLyZ9vQz4FqrdjM1,350000000,0.350000000,1,1730003811,1730003811,0.000883
8xw1Gef5c2zxUniKEhFjbjL9t4ZTrwPLAGZhUL5gjtvF,350000000,0.350000000,1,1730037242,1730037242,0.000883
B2b2C6AYyUAfrhHXVuVJDMAXABw9W9XKoFBxK3ieVwK2,350000000,0.350000000,1,1730126073,1730126073,0.000883
BcUAz47j9HitDBvXgoRSGXcwLxq8wGyj9paQakLqp6YG,350000000,0.350000000,1,1730116634,1730116634,0.000883
C1XgvpegvA9rxnVWWywckmyYsoPjML6TFjfiAVMXahMG,350000000,0.350000000,1,1730102634,1730102634,0.000883
DP3gB7goz4ji7kwjzaFP8dDtNGxdphTsZeHpmNXtL5Jn,350000000,0.350000000,1,1730037829,1730037829,0.000883
8TNPMSXZdxv7Jv5GUUrmMRbt6dbnWfSLK5wPewcMwXMU,340300000,0.340300000,1,1730101113,1730101113,0.000859
HNjAF8JyDgNyhfV7RqGHD4pmmL8FPZaniz4kFgmtHahg,338091712,0.338091712,1,1730073126,1730073126,0.000853
EnLktdc6jBAfnBDR74NTshPkkiCfbhY91krgWoHttVL7,335000000,0.335000000,2,1730035545,1730035564,0.000845
B7HJmupXmpXxGCnQg3E4wwEk6z7XTjCmfKrZ8itb18WU,333000000,0.333000000,1,1730126543,1730126543,0.000840
De4DveHwwiJjm9duVw2gAV366ioUrYi4FoRAcLWeu5bC,333000000,0.333000000,1,1729913383,1729913383,0.000840
EwNoJ2YCb3r62jeP8a8zjYVskS85YN55SBJPsGRRsHzF,333000000,0.333000000,1,1730067216,1730067216,0.000840
HZ8dttvdgsGscq3MruX6zacGnfF5JzMMgzt63xbZQFdn,333000000,0.333000000,1,1730125852,1730125852,0.000840
5PLHsvtfAv4usoL8fqPuyZDxTa3jGv3HBW7GJJoXoKgL,330000000,0.330000000,1,1730127812,1730127812,0.000833
6nUrXsUKAJ29KBsgnpRDfS9sPJ7rgvtVAx5BDrbyAKUt,330000000,0.330000000,1,1730054153,1730054153,0.000833
F9PVaB5iFE9haZRPM8FqwgCWjZB3TojamZquFmrAn2H9,330000000,0.330000000,1,1730118767,1730118767,0.000833
72NarxSRsf5kfYn2sy14aejUug87f4QUQ1bKzEFfDuJU,322633740,0.322633740,1,1730125354,1730125354,0.000814
6j5ZRoCZn7bmzmN8o5BnFcqYX2yxb6YAPscRDW3rrN8s,320000000,0.320000000,3,1729888696,1729958664,0.000807
DSkGkJX5Yt4xTKXyQMBTeKsEerSFJevDRWMMwgL8ijmN,320000000,0.320000000,2,1730048090,1730048547,0.000807
47M147i6ZnNRyaNryCXey9tCGqyAUGJqjkbhfinGZkq8,310000000,0.310000000,2,1729943250,1730108400,0.000782
7eVV7d3B9e8jd7LiiS9xZovocJNDJtb4N4eyVWpx4wQs,310000000,0.310000000,1,1729875767,1729875767,0.000782
8ZHCweok4euNWHG5ae9tzr7KpZWLmcLCZKTvTAHvCnk8,309544230,0.309544230,1,1730107100,1730107100,0.000781
5YDguRnAYVEi94TTpDPxpaGesrbnyWzSMzytwU1ZSXVZ,303829153,0.303829153,1,1730130800,1730130800,0.000767
67SCJrYhCAAjAJBbrtGQE3ANpFwHhXMi93YB176SM5y1,300003000,0.300003000,1,1729920163,1729920163,0.000757
262ShJxd8bNJQmYw7igfCPA7GHkW1nMdGKw4GdyZfLaQ,300000000,0.300000000,1,1730129478,1730129478,0.000757
29JWXfDemLSas6pc1ETbTGjxHByffMmMwhRzgYKri3nc,300000000,0.300000000,1,1730050910,1730050910,0.000757
2c2eYNN98Y3Cjxvka5RNq2NsCNnUz7WHD1rd35bqo1hB,300000000,0.300000000,1,1730074089,1730074089,0.000757
2JevTqbXP66pCtPZ2KRfPTZsUwEqMUapu25shJ1YrKst,300000000,0.300000000,1,1730126652,1730126652,0.000757
3575zbVzs2i6dLJToFdMCYyPGux3Mt39Z1KRKzDf8dwM,300000000,0.300000000,1,1729874348,1729874348,0.000757
3AcG58juT6dj2bw8AfAMJ3qQjsBLNYRxTgZLhkXLn4AA,300000000,0.300000000,1,1730117623,1730117623,0.000757
3K1LHk73Jgb9imt2qDwVtqrYbg29JRVow2wiEpj7D8Rx,300000000,0.300000000,1,1730059854,1730059854,0.000757
3Xjc1d2v8zomvYG3KKErsSbugH4dyuDHMxQ74Zu9pGfy,300000000,0.300000000,1,1730131070,1730131070,0.000757
4GrdXjJZsthBSMoEPq7vSb4WLG8kNJckbUgLnevnHEwU,300000000,0.300000000,2,1729966477,1730044217,0.000757
4ijU5Vz6b4kPqoQFWSV7rPaRCs8apyDR7nBBRbBYB3tY,300000000,0.300000000,1,1730116656,1730116656,0.000757
4MM4uHkHxnqrcMnW3iT3gXka8YQWysp1oAYicvTunmh3,300000000,0.300000000,1,1729942545,1729942545,0.000757
4PwnX1cdZh9yeDDbEnetyW6hjJdqNRDjNeuMS1W9ZhP6,300000000,0.300000000,1,1730122925,1730122925,0.000757
4qvE6SDPPNJfDyd4Y41RaoZw6uuhtju5kE44syZ6PT1h,300000000,0.300000000,1,1730107663,1730107663,0.000757
4t85WVUiqJyq9yyRCwQfV58aDJcurkpAPbLwv3DyA7p9,300000000,0.300000000,2,1730128165,1730129650,0.000757
4xrxVvCUK8WA4eTQk1QGGq6YYJix7uGfcHLRYrZqRRCN,300000000,0.300000000,1,1730050382,1730050382,0.000757
5gd7j1vD3Jefkofbivi44EsJZBqb4HC8mYXCAZmyMqgM,300000000,0.300000000,1,1730067397,1730067397,0.000757
6154hQXLm1iYivK4woAretRMomivJQ2q6q4uE7Fje2Cj,300000000,0.300000000,1,1730029147,1730029147,0.000757
6nWqfcS8dVKEg459m8NTawRKV89N58PefZi4CzUisKYe,300000000,0.300000000,1,1730084737,1730084737,0.000757
6w61ehWhASS4GFrgzhKkfZogaUJgvYZ6d433mTPB8vXp,300000000,0.300000000,1,1729923910,1729923910,0.000757
7i7vXR5R4HcoqoHq2sXo9gh3UW1z1Vfy5GGzbNCZJuC7,300000000,0.300000000,1,1729881892,1729881892,0.000757
7pbkuH9D4jNfDpYVebMFGuno3vZsiic8zd7wLcYTdAgS,300000000,0.300000000,1,1730095362,1730095362,0.000757
7PtYGxtbFJgpsyAhUsybnLp2NjJFLFFLJY8ejRZ499RZ,300000000,0.300000000,1,1729911473,1729911473,0.000757
7QwtS4HLa19WjcdQ62m51B9uSgFQQmLzE81UVBv6uSST,300000000,0.300000000,1,1730036925,1730036925,0.000757
7vWEeCt5EjFj3TzZA22S6nTuUJWf7eMnuEKyNBburCVy,300000000,0.300000000,1,1730127738,1730127738,0.000757
8gWabwLY69ViQAf5vqRRibTPU5tTJDoSEP3aHCAbbUrx,300000000,0.300000000,1,1730064128,1730064128,0.000757
8o11pr2vp5CQu1hSAcmakQaCet1yGTjDae1S376Ny75Z,300000000,0.300000000,1,1730023810,1730023810,0.000757
8pinfbsoKp3qiQRMxTFMr8V8Jx6MuSqM5dN2KhLq1A3B,300000000,0.300000000,1,1730041295,1730041295,0.000757
8s838nH8WVMnYokkA1JwrjVwF278mMhFofhcWMS5Xj9Z,300000000,0.300000000,1,1730036864,1730036864,0.000757
8YW1XYnsbyjiZCkALR85G3E8iTe8yHPxF6UJae5QHSd5,300000000,0.300000000,1,1730127338,1730127338,0.000757
9odhUYHtNUR4RnzsK7FPnAJA2LJZt71PzMzab8c8yxFi,300000000,0.300000000,1,1730110857,1730110857,0.000757
AvC5ih67nNiZVSqeq39UBfNFS2PVB9GvvTdQVoP2sx5s,300000000,0.300000000,1,1730119927,1730119927,0.000757
AwccGZ5Xd62bPnwWQrHdUDVd1NpnDKAU3UXU8nTjCpQV,300000000,0.300000000,1,1730131371,1730131371,0.000757
AXxG9bu2LVzNUPidohuXJ9wTSeZvEoqsAioZEDkDeF9n,300000000,0.300000000,1,1730038680,1730038680,0.000757
BCAwiddJ4P6CYqezPjtwoTza1Ds1iQvsTo859njbKwg,300000000,0.300000000,1,1729911304,1729911304,0.000757
BHvWp8MT7ke59CbE5ice2o5GmEvFhzmW8A6SuK6dcDhF,300000000,0.300000000,1,1729877966,1729877966,0.000757
BmYG32eA7xnqq4r7dmJNmPzHpzRaN6gtKzYVH4manLgh,300000000,0.300000000,1,1729877818,1729877818,0.000757
BT36KgBc7orwVVMTmnUxfJqwG85e14ZXhCgh8NJbsKts,300000000,0.300000000,1,1730070257,1730070257,0.000757
BwrxaiHXHctHAMzPQnQqw1bfwQLLB74f8ZWdv1PrPApe,300000000,0.300000000,1,1729993619,1729993619,0.000757
C8a8MUhBi1FZUpQPXcJb4SfRmZBd21UUQK1yLY2YDreD,300000000,0.300000000,1,1729952765,1729952765,0.000757
CGtHWoPntSSozaihNDPCWY8FcpkfsDRpCc7uXuNuhkrX,300000000,0.300000000,1,1730054249,1730054249,0.000757
CLwrNvibh5KrWyU6Xx6Z8CdeBLhpS2wzdvXuFzn1KXSZ,300000000,0.300000000,1,1730128855,1730128855,0.000757
CTeTS63HU3YJyBi1P8wn8NUPjdG4yArFFAWVapTYNbAq,300000000,0.300000000,1,1729972870,1729972870,0.000757
CyA9YiHhU5oZDWRM2fJg6rqqVrB7ba2CYDBBG9ea7av2,300000000,0.300000000,1,1729945833,1729945833,0.000757
CzseyQwCw6sYAaiQhdUK4zLf1gUoTA7zHRzmuBVZEzai,300000000,0.300000000,1,1730131402,1730131402,0.000757
DeoY8gY6tAsRKsNGhqTu7YYLn6mZjihFm4ryTmWiEcHj,300000000,0.300000000,1,1729983387,1729983387,0.000757
DgSfY9kop1GLN8UBGCUGABS8NhV9mcPoYYkZUooJrk85,300000000,0.300000000,1,1730058324,1730058324,0.000757
DszdVmXqsJh1fgbY3kKZpTBuYBCBBsigHgjutps3uBQd,300000000,0.300000000,1,1729872853,1729872853,0.000757
Dxc2QH1BZRT4WnXiqzkHCBrc342xvGh41o7c7ZqC4WqD,300000000,0.300000000,1,1730129875,1730129875,0.000757
E15FYvZH8TZDbzrFosn3c6iFoBiTNWdi7LHAoS41KnU1,300000000,0.300000000,1,1729943346,1729943346,0.000757
E2fpgjiy8KRP5gv3EyR75zmqh2WGAb9GZJqFUJ2yMEbX,300000000,0.300000000,1,1730108250,1730108250,0.000757
EAxiZvrZxg1L8CqBxfEMsnAWog9FiadA7hCmofaxpwYc,300000000,0.300000000,1,1730126799,1730126799,0.000757
EG6hz4Mep1ZeBWpczSc4Mg8qEeHHXuJ1NYVX17ucqrpj,300000000,0.300000000,1,1729874534,1729874534,0.000757
EtvXHz8WKWjAnyvvCuUeivA3kmKGPo9GvD64UtvSog79,300000000,0.300000000,1,1730123507,1730123507,0.000757
FC4LJ1JNAb74z3mLGfNesda7cyuzyfDfFagLdCRYPhUJ,300000000,0.300000000,2,1730131100,1730131125,0.000757
FghhVG3KXSZebZBDSjDbsWJNwcjRNPZH5HjmFZQ6R8vD,300000000,0.300000000,1,1730129782,1730129782,0.000757
FkkZiWw9otbShAhQR2JLtrpdCoDV9D88XXfRJ11QH3c5,300000000,0.300000000,1,1730130778,1730130778,0.000757
G7nxUoj6Eg7fyRnexhV5nFArxLseosCMLaH98N45CxmP,300000000,0.300000000,1,1729877216,1729877216,0.000757
GUrxPESWDUac94GPb5DUC1TGwYmXZfJ5P94JSaHFA8rK,300000000,0.300000000,1,1729877590,1729877590,0.000757
GZ1VqywJBG4pjMdnP1s5LxQ6iqq6HteHqaW1CrrwmG5T,300000000,0.300000000,1,1730125000,1730125000,0.000757
HJoAgfPBmVy43NEHzHUBrBubzYwGcHMJ9ANWHqoAZKa1,300000000,0.300000000,1,1729887094,1729887094,0.000757
HMAnpivE3rfP6ZNXXvcDXeKhVQTLzjUvFPvbV2ZUUAEn,300000000,0.300000000,1,1729993924,1729993924,0.000757
HT7TS3bWAvW9JP2QFYTmYN3ZYBbfhRwv373bC4zo1kbn,300000000,0.300000000,1,1729994994,1729994994,0.000757
HwLGLCMJ3X83n5hts5cJbiNkwf7HDS4LtTWiTmJ4b1u1,300000000,0.300000000,1,1730054849,1730054849,0.000757
JA8Z7MWXJ3jVKBbgU7ryEiH9TPcLGqj3ysxaYehadVav,300000000,0.300000000,1,1729878726,1729878726,0.000757
8cJd1i5R1bZPYtX97gVR8ZH7vhWaZVTon4Lu414mAGY7,299000000,0.299000000,1,1729928835,1729928835,0.000755
2atUpz8h1xBKbF6ouJQ1KVqcQSXjzy3amKk5f3vvBajH,295000000,0.295000000,1,1730081060,1730081060,0.000744
ECAKMxw3M79FcQcVWA732LBMf1CC1GGStMA8Zky48xBR,294400000,0.294400000,1,1730130442,1730130442,0.000743
A2RVmpvoBc2AXXTstf2sX5woVfZsLNM8ELkR75DH7o6o,290000000,0.290000000,1,1730053938,1730053938,0.000732
Aoqa9cPQGzEqiKuVYmH8mpTwt7LxCeJ6PfPhSVAraKKD,288000000,0.288000000,1,1730110516,1730110516,0.000727
J2fbcdycLGdQu4mmTgq4KwdtCrd9ufURi2epmjC97SWd,288000000,0.288000000,3,1730131083,1730137680,0.000727
Bit7UDGqkkyogmkWrewhs3o3oDaQKYatDLyeQMFqW9Ah,287633483,0.287633483,1,1730128633,1730128633,0.000726
HaLtMzCEvSRqHuwr3nmeuYHFPnmdXLWvXoZk9VqJfBzx,287620801,0.287620801,1,1730131710,1730131710,0.000726
DdFV5nU1jMQ5okXHdgvVAYRZo9DjYcfgfFm5dgfaZ3YN,286861733,0.286861733,1,1730129822,1730129822,0.000724
3aBNE89o4Z9Tdbxv8QYjPxAeHU64UXMoRGkg2JVC2Pbs,285355553,0.285355553,1,1730089081,1730089081,0.000720
92czPRznLCa1KWEpLZt88H2iXzbNzKnPFAWZZsSvEH5r,285000000,0.285000000,1,1730102624,1730102624,0.000719
85U5xwBJ2gTrYLTbbVyT3ASmBTresGAy1BifveeaFJGy,284000000,0.284000000,1,1730041860,1730041860,0.000717
37tCNkPEDMfrUD9cEgCLwxez52WMv5KrwnyHCd9Dqdxt,282763250,0.282763250,1,1730129130,1730129130,0.000714
3L2LSD9ickYUMWkptHs3SRm9gM7dz452dZq3JepgaNUj,281960187,0.281960187,1,1730115236,1730115236,0.000712
65aP5S1tHGs1fwedNKJ8pa1G5jWxzkZnGVCnHVZFDyQ9,280000000,0.280000000,1,1730088866,1730088866,0.000707
7pqvAXeFYo9G5vQpoTWpdY8cxzKKTywCfTPmxYrkRmnd,280000000,0.280000000,1,1730031573,1730031573,0.000707
AiCxxGDnh4neZ1923Lnh5iLCTwNkeGf6rz1xf5eMZhWN,280000000,0.280000000,1,1730130781,1730130781,0.000707
EG58KtBKRcpHecbFyWdYQj4jAHGPYPqdnVatJKBAmtUk,278487637,0.278487637,1,1730126986,1730126986,0.000703
DMxmmeoC547fnePY9hKqMKDjuNvDEGQ4qkv4RgjMnjef,270000000,0.270000000,2,1730129565,1730129602,0.000681
BKHJkCGdXFFkV2Cg9ejuDnvNXnHgijBZeM9M96xgaCxZ,268464042,0.268464042,1,1729883846,1729883846,0.000677
9MoXJfSCKM23ae3bQhXzHtZqqvADSykExaPHsKfTiNuC,264416315,0.264416315,1,1730065736,1730065736,0.000667
48EZXKKfo2xVw8wCWwwwCH9nk9qGH9XaobQpWyDwgaZw,260000000,0.260000000,2,1730128169,1730131006,0.000656
AiScZyQhSxkoUErntgdw5NoSGvewdvQshNQhGLq2CDSf,254352250,0.254352250,1,1730064434,1730064434,0.000642
27Jxsamb5HuyVxBsv9RaDpS55WtxhhRUncrsW86yp79c,250000000,0.250000000,1,1729906019,1729906019,0.000631
2C1aw7DXv1PvArgpxGVJoRkeKbqmRWr4wqGdqFrrjngc,250000000,0.250000000,1,1730129496,1730129496,0.000631
2ujLprN7ALLggEft5fsDMZdNRdSyCZeXocjSvqWbHXAy,250000000,0.250000000,1,1729874230,1729874230,0.000631
2V4k7jRsE7M72xN3raKbLoiPCpHBiSbCnVThy83zLU6m,250000000,0.250000000,1,1730081163,1730081163,0.000631
2vdYc9eAWSFjEDwUW81KMjgueTkEzUuvWnVaFiHPmrvy,250000000,0.250000000,1,1729986155,1729986155,0.000631
2yETpVg2ACqSwsNMbUH1Aud4bPwhVxnZYwt4AmmsGGTE,250000000,0.250000000,1,1729976777,1729976777,0.000631
3zdzNwu7XXSspYwuZvFwLgBWh3yaQyMf6DEedPi4AWUy,250000000,0.250000000,1,1730103225,1730103225,0.000631
41KqQeWHjJCtN9fAgDnCJwpo8czvxbUA726BpQAHcs89,250000000,0.250000000,1,1730109665,1730109665,0.000631
4L9HsZJHrk2J1H2wgpmbS6wM321XprAxsHKWhKiQJrMB,250000000,0.250000000,1,1730042045,1730042045,0.000631
4QN4oNTb2Ze2Uhbqx8tBqbeUZtLbfVj5yTDbzHmi381T,250000000,0.250000000,1,1730017948,1730017948,0.000631
5j6RtAcNSxjTrXvXkupsMHpV2bE6R3AnSBmui2SrGdgu,250000000,0.250000000,1,1730131024,1730131024,0.000631
5NaR7ppBpbbqYLmnF4KRjoMLqm7u64bCf67N7RAm8GbW,250000000,0.250000000,1,1730002911,1730002911,0.000631
69Cx9cFfxYzX4cjibn5KKzBeHtbBJYoFaiaokTVJqrE2,250000000,0.250000000,1,1729872136,1729872136,0.000631
6bQ6g5x84hx5M1o2rHB8DFD522WdHfGzS3k3ejDbX92W,250000000,0.250000000,1,1730079366,1730079366,0.000631
6bVBSnyvTgtwAAuPfye5DaiB9HG4LPhQgbriUcy9uHUQ,250000000,0.250000000,1,1729927699,1729927699,0.000631
6qUzmStDj3W9rmqdKFqAv8ia2Wft2tPFqSQHQveJahCv,250000000,0.250000000,2,1729895021,1730011628,0.000631
6WF4ncxNZvdT7Pukt6MoZyye1heCybYfbuKtuh7ZrHPG,250000000,0.250000000,1,1730044867,1730044867,0.000631
72i6GTsosPwe3MrAMp85HXg3pVDMtP3VGH1bqwfnbi2C,250000000,0.250000000,1,1729874114,1729874114,0.000631
7iAbHb5bBfUWDpjEr5B6r7VdN7QJQ52L1qsaY2huoM9y,250000000,0.250000000,1,1730036872,1730036872,0.000631
7p2PAV3vQSC4Di1uu4bfN6bxjbZy2vMuvfi6FmnS4L7c,250000000,0.250000000,1,1730128336,1730128336,0.000631
7VrR5t7djtNk9ShStHGkg8n5w2GTPgtYAjDukcXUdUtp,250000000,0.250000000,1,1730130909,1730130909,0.000631
7YApoks2h2CDzC5okEwbJTj81UabXKPSFQBrbsqXVWnM,250000000,0.250000000,1,1730128879,1730128879,0.000631
7yaQcSZiTbkSHhq4ifULDytRN3v2QAHffj2EgAk3mSkA,250000000,0.250000000,1,1730097008,1730097008,0.000631
8ArGxziokjJS4drVbGCAToFefNTW5xHAhZUpr68CNNPr,250000000,0.250000000,1,1730126733,1730126733,0.000631
9HjDLoVQ9CLm43KGPejQf55hC8f9zTYYhD7nSaDt8z52,250000000,0.250000000,1,1730130590,1730130590,0.000631
9Mu8a4K3DDShm85zV2kr8rPovt6H3eBRDxG9ToCRJ9s6,250000000,0.250000000,1,1730131679,1730131679,0.000631
9WVwGnnP9eA1JmB5LSD36GBTuYWtuQqLovA4TgYjEsfT,250000000,0.250000000,1,1730130934,1730130934,0.000631
Af4fx4MuQ5E7FTthx4fL8g9nT5aKFFHzMrVxq2hsrYJ9,250000000,0.250000000,1,1729876421,1729876421,0.000631
AJZjyGhndpNRqNjdJL2Hc5RM39M3CP7qBRXaVHuCVtZw,250000000,0.250000000,1,1730128250,1730128250,0.000631
AsS57wtEM5CZE3KVWCZRo3511oUs1wGXP6tLJdeEgmzX,250000000,0.250000000,1,1730127767,1730127767,0.000631
AwZX6heRDHpeDxmC6BEG4pYxSF32iLMVSF8dGqchV7Ek,250000000,0.250000000,2,1730037380,1730115920,0.000631
BCdXHC8mZtnfdorFbHigXLrEHNs3KfC9BvwNu9ZKn1Ye,250000000,0.250000000,1,1729929708,1729929708,0.000631
BdBPnrNgUxdCroQDRVWZS7c6CXXhYteVFQmcewiPAnEJ,250000000,0.250000000,1,1730075876,1730075876,0.000631
Bi7Q6gfZH4NnbakZ9XYGozdeDGR4xFS4VAf5q3cAAN5j,250000000,0.250000000,3,1729874332,1729933287,0.000631
cgVGddwsA6GRBaaW551pWBR5GGjKiXCNjk4V3RDYfkr,250000000,0.250000000,1,1730130969,1730130969,0.000631
CvndxTC7cBUvHqw2cbhHS7bSQUCPrPdnCdJNMemYwEe9,250000000,0.250000000,1,1729932789,1729932789,0.000631
D1L2mZp4do9EFKxVwTGEDW9wWxnWCzH7rRQSMpWDMez7,250000000,0.250000000,1,1729973450,1729973450,0.000631
D3qcPL4PwmEZ14RcMyA6ciBQx7w265sayuwWuk8xGdY4,250000000,0.250000000,1,1730069053,1730069053,0.000631
DEZseUcHUihUErMhUfbvncv8dBMt93xe5D1RsW36MoHn,250000000,0.250000000,1,1730129659,1730129659,0.000631
E1wTriQv1JJbvdqkLDTjHynFnmJs4EbwHLoC9kiR9gaR,250000000,0.250000000,1,1730041145,1730041145,0.000631
EHwkZNMLRM7JsXkZgbz7oGvM4QWfAoSH5gUqZwruZ4Tx,250000000,0.250000000,1,1730115945,1730115945,0.000631
EScPBNAd7F7hHgHGei9687azSbj96MHJqMrcWV6u2gYc,250000000,0.250000000,1,1729921795,1729921795,0.000631
EZYvRakpB8b7C6ipGUoc1yerFjsBzXT1rmSERXnnEmDP,250000000,0.250000000,2,1729884505,1729969909,0.000631
F27vPo5jJnSuh2iVoStHZwCGcHTmJq1ba7E8FroBYmST,250000000,0.250000000,1,1730000944,1730000944,0.000631
FcrtSpiPj5KgcAhZBsritH4UreNcnbt9YU6uywdfgnHY,250000000,0.250000000,1,1730131264,1730131264,0.000631
G7mr1cR2MNb29vesgavppwtPcYJu25XwABdBbbn6cDob,250000000,0.250000000,1,1730129971,1730129971,0.000631
GFhDBt6PFjobERBPfXb2hXkzQDvULpUWmKrti1W7hoRa,250000000,0.250000000,1,1730123712,1730123712,0.000631
Gu65imBzuAsd6m7gSpiHmMkwZRx18aUiNh62HM8vzCv2,250000000,0.250000000,1,1729873729,1729873729,0.000631
HB8oHqcTaWVa44WvyPaS25FZwN7r3AU3BCS9GhdUGFqt,250000000,0.250000000,1,1730120116,1730120116,0.000631
Hjvu3sBb7AXtGWKFeLbFq3Erx7wwgeDDVupseLF61z22,250000000,0.250000000,1,1730128529,1730128529,0.000631
HwhsFzthkHvVVAos4s6JXJbiFDVjYu4cuSt3RXE6xpJW,250000000,0.250000000,1,1730074465,1730074465,0.000631
J63sUXiEwSU3DerD3FQhkyfLXzv9zw9JvhCwnddwZi3c,250000000,0.250000000,1,1729993615,1729993615,0.000631
rCPEC44QewfUgMBKxfdyX5NewQYzjeGnvhsE7LkemAs,250000000,0.250000000,1,1729876867,1729876867,0.000631
XxdtjEqc9iEP5bV1rriRnRSkjxLq3K42BSWvDZpNwro,250000000,0.250000000,1,1730041707,1730041707,0.000631
FwaTTNHuCX9Zs3sPNPSgHnAakzwDkCqyXwngZSAm1SXW,249970000,0.249970000,3,1729876864,1730131485,0.000631
DE9XhDAqqeYPpcZLfdqSw5TBnMVwD7dfwQJ1auEPLGt9,249447650,0.249447650,1,1729928902,1729928902,0.000629
G2DUEmb8wSXmdvnJnxhktKB67f1ww95ywn7gAKu6krNG,246856915,0.246856915,1,1730131696,1730131696,0.000623
FfcqY7GoEASMcWVcVsZ8TiDxu6kfarMt12Cnbwr6vEbg,245332499,0.245332499,1,1730085512,1730085512,0.000619
6NoMfGggWjVjsEpK6NX1hcgz6oD7Syk4i449iN4Na9rw,242900000,0.242900000,1,1729944974,1729944974,0.000613
6NfwCUJRdafaTvRTcsLM4wXtB3W834eh2i5ZHeSDpTFc,240000000,0.240000000,1,1729876357,1729876357,0.000606
FSRKNqUaagcGuivLb488q2E2vPf6nL2LfmX5u11Y6zMi,240000000,0.240000000,1,1730021738,1730021738,0.000606
FCMeEV3JevywSsKyDyV5SKFVgX8k5ZnJ1w1vmDmSTQmr,231293015,0.231293015,3,1729896541,1730127907,0.000584
4MjdfxhqzqUwU6JuHebgQU2DAa6r1fm7JWpdxdbu1rJG,230000000,0.230000000,1,1730091978,1730091978,0.000580
CzcPSh4tgrHWLzLDTSvAJUem8QSLgTktsJLvnV2xkLGj,230000000,0.230000000,1,1730130746,1730130746,0.000580
FzntPw9nbwCSLKYK9W6ZuTB7tpKD4r5ZwsqazY9q49bX,230000000,0.230000000,1,1729960651,1729960651,0.000580
HAJWxKvfyCWG2bAgPXRZVLu1AUY6iTitK5FvbjcVSWpX,228000000,0.228000000,2,1729923299,1730123930,0.000575
4FCPZMmXqU59R39s5gSoXQY8CiZ7o1PqyGB45B4D3a3R,220000000,0.220000000,1,1729911591,1729911591,0.000555
AZRD8uxE5iFk69EL4Spk27CyWkiD5C36Z8H8KSf1dsba,220000000,0.220000000,2,1730127997,1730129897,0.000555
3wBfk7W2W6DHpUJXSn6sVotA4MNoMBftJCGhw12GwKGd,219909834,0.219909834,2,1729906428,1729910317,0.000555
3fmsF5CUSUczQ1cWEazwUiozRUw6Xs1YR78YEFXzzPuF,210338657,0.210338657,1,1730044017,1730044017,0.000531
HP9Kttz6zXa55ootw1d16ZKAokmQEmzrWUGiGn7oKYXM,210000000,0.210000000,1,1730139708,1730139708,0.000530
7uRLHSq3QB9KCYAtL8pgDEHUTkGjjYT59CNJTN9mgCaJ,207631711,0.207631711,1,1729881021,1729881021,0.000524
8XGpTjqwbVCNAcJQC7PBNo5emrGCFgMnReG94Zyg22FG,207284982,0.207284982,2,1729876676,1729903514,0.000523
Dj2KSnRanjVWex7fiJWfE7bvN6LZEchyAtv3HtihQF3j,202121587,0.202121587,1,1730040099,1730040099,0.000510
146bNL2fimHAvdoxhgixSdEfq2HTA8fMPA3YEtq9Am3A,200000000,0.200000000,1,1730096889,1730096889,0.000505
29WGchPtXSabtHLHnHLFGnBBZzD9MQNSXsAMzGLtCkER,200000000,0.200000000,1,1729957530,1729957530,0.000505
2fUZGHK44ghviu39QteKy2EKTkggsF7BQoh6xBnqKfZY,200000000,0.200000000,1,1730109686,1730109686,0.000505
2jNKvXXxTijz4hYcmDdkxU1Hp8nTjJ2ajPBSsUyMEuMg,200000000,0.200000000,1,1730043369,1730043369,0.000505
2jTVMuwA6XoygVTQoo9HDGjtc8wFmyrKNiFRn8NKtYxP,200000000,0.200000000,1,1730126847,1730126847,0.000505
2ksntWCtNJbbe3PFpctPgEnNwHnysjPkbkoWYB76kNBJ,200000000,0.200000000,1,1729879186,1729879186,0.000505
2LaKp9xfdPJRJyqcQmvWsLf4fmwEn9Fg9eHtRCEKGVEp,200000000,0.200000000,1,1730038056,1730038056,0.000505
2s1q9hXVw3PmPuMBZjZ1iMH7rcGUqGRbGBb3CrhCePdQ,200000000,0.200000000,1,1729874308,1729874308,0.000505
2Z9Ru66M2HJDSHczM5opnVFLkEQQFNKzLxJntP7dyM9v,200000000,0.200000000,1,1730078689,1730078689,0.000505
3C4i4TvbBS4oJrwcHswe3Styvxn6K763yb7MfRE7i6JJ,200000000,0.200000000,1,1730044177,1730044177,0.000505
3EVbBSdNpDYTsGHWka71bD2AyyUHNELEbXsfJD4dXhAX,200000000,0.200000000,1,1730107156,1730107156,0.000505
42851ZKNwHiYccEqH8RfBhZhhuuJbFvk7v4YT3WPievf,200000000,0.200000000,1,1730127492,1730127492,0.000505
495ZXKXwtHbv5NkXpgtgg4w6myGJKJnWzZbTsWoLQoac,200000000,0.200000000,1,1730042471,1730042471,0.000505
4g8R4nTocfjBKgwmf72sahNo2LUY74kXACrUfK49o89w,200000000,0.200000000,1,1729972359,1729972359,0.000505
4objDXH946LV72VEmW5CTHdtXKR2WbPcuVfLUfGc9Z5a,200000000,0.200000000,1,1729967241,1729967241,0.000505
4tRN6ehPkb1pJBW14McnKjhCk376J4wyRhUKdsVDYAjq,200000000,0.200000000,1,1730127142,1730127142,0.000505
4ufrZzCT3caNJcNXeDSM3BE5RmXyFeiM9GbJvvf2LYhZ,200000000,0.200000000,1,1730074657,1730074657,0.000505
5EZ596XEuyEfuLDQDsMDEsD7KEbpPdFX4A9PDNGRS7f5,200000000,0.200000000,1,1730044515,1730044515,0.000505
5eZCbMip5oV392t4Vcmwu5kPNgci6q1Fn4HYwb4R1b8u,200000000,0.200000000,1,1729985846,1729985846,0.000505
5vHgvANFmhJr2vjgzTuTdpf8t3Pf3GYzoAUbvTvxgbU6,200000000,0.200000000,1,1729949165,1729949165,0.000505
6DP8d8mvQt3zuA6HJD55javdhozwwbJD9hJAPeedrfp4,200000000,0.200000000,1,1729915545,1729915545,0.000505
6WvxH39LgdsBnPLt2qmuxVmpYYdMDRkKVnm6mb7iKTvf,200000000,0.200000000,1,1729998212,1729998212,0.000505
6ypdfGRbsoK4XGtq9fbvAYjVtw3udFGxHKPZh4yATo8i,200000000,0.200000000,1,1729873197,1729873197,0.000505
78TCnQV6LBQ35Vp3YwwyQ57ssjCKopAAsbC6Yck68qnX,200000000,0.200000000,1,1730059252,1730059252,0.000505
7jC9jnCg5KuX55r2igonCNbxJ59ozMnTX2VD5Nha6asw,200000000,0.200000000,1,1730036904,1730036904,0.000505
7XejNDqNfGXoG6DqXuqDnd72uq8qf8oxJxrnruM2ppwh,200000000,0.200000000,1,1730119329,1730119329,0.000505
7Yzec9HkFLREUQ7P3UfNGV1fM8C6E9eAVx2uD3zucCGv,200000000,0.200000000,1,1729976724,1729976724,0.000505
85cJiH5AFSper6vMHjA1Wi2NeMYAbqr975ewA1AMauPp,200000000,0.200000000,1,1730125499,1730125499,0.000505
89JQaBjKvHq2rJyP2akKjQfkSNbEZs8sgqAircHqFhke,200000000,0.200000000,1,1730118948,1730118948,0.000505
8GmYx4fwpp5vzifEbRCaLedxckC24pLC24Rqf7WavnRH,200000000,0.200000000,1,1729884082,1729884082,0.000505
8Qk9J65uCH9eUD7K2PV8qfFQEDMbKrSLeBeLLcACndpt,200000000,0.200000000,1,1730131175,1730131175,0.000505
8XavRf7SSyFTiFRH5DsJXpRzcKzCxQxHr2Y9Tt276ucW,200000000,0.200000000,1,1729989878,1729989878,0.000505
9CXZs1r8RHe7QWGXgo9JJJvd2qdF5RdXnZ4iG23ivded,200000000,0.200000000,1,1729975531,1729975531,0.000505
9dZcUn6g7FpmymKrmWdLN3R2K1nKBWVapJiSwzPfTGgh,200000000,0.200000000,1,1730117955,1730117955,0.000505
9GW41mgtTRKP6CHVJafLrK7uBBYWHxYhitwMFpWuez7h,200000000,0.200000000,1,1730130731,1730130731,0.000505
9mzg3PgUHCUHcgMwMBD3JG6kUk6dXh4zusaprmQw9Zkk,200000000,0.200000000,1,1730090537,1730090537,0.000505
9p577GNyeztwhcFiaxDyjfXXd8ahAa8Z3KdqLPLiWCXh,200000000,0.200000000,1,1729982777,1729982777,0.000505
9yKXtm4A2NCUEZB7t7pDDtNEop7t8zk4RHU3qx7NWCav,200000000,0.200000000,1,1730101128,1730101128,0.000505
A1YA85m5EmkE6NMMCt1YxEuf9wTL9fwFhJcFhL6f8gL,200000000,0.200000000,1,1730054149,1730054149,0.000505
A46HxVriZnqCHSEtrLRbQM1cynZysxGJEpFdazv655VH,200000000,0.200000000,1,1730053767,1730053767,0.000505
AszQhfNBoYXAqPiTkJS4TrbDZnEEWfsQELMDzLysith5,200000000,0.200000000,1,1730104174,1730104174,0.000505
B2vTwrG8fPoBDbxEaW44ubtU69qKGQ7PBxrsYRqYjX2b,200000000,0.200000000,1,1730062151,1730062151,0.000505
B9yThMAMpaediZYhFmkzQjCm9UrCPa4iXuBushhb4KMj,200000000,0.200000000,1,1729876842,1729876842,0.000505
BGsyoDr87QA1rZiNPRkyAG9rV6uGMfhN4nLvNbgYGfqe,200000000,0.200000000,1,1730071054,1730071054,0.000505
BMH5rzrCaKiVSZprAnQayZZEqNsWfk4z7KuRdU3TNB93,200000000,0.200000000,1,1730074268,1730074268,0.000505
BPinEJAb1QHjPn1jUBfVm6CgZTwvsyFgpjxaL8X1oFqW,200000000,0.200000000,1,1730128841,1730128841,0.000505
BsUQ5XQ3FvFJ3zd773AWNYehcxf1yQTdky9zXikQuRpv,200000000,0.200000000,1,1730046802,1730046802,0.000505
BUdmzH9tJQc4CQdVDBeLg8qXLnpZJLhStForv6cwcn1v,200000000,0.200000000,1,1729993101,1729993101,0.000505
BxxhZpFe8x6t1Y7PfgW1H3cvCCnxexeH7ot9Jnxmptxn,200000000,0.200000000,1,1730027537,1730027537,0.000505
C8sriDvmQaCDSKx7vGQyh6EEMXZQcAzsWiB4wghjHuUF,200000000,0.200000000,1,1729892355,1729892355,0.000505
CbfZ7gyyfbZubeUMXyP7K3884oXT2jeWRrFPxcixEcYV,200000000,0.200000000,1,1729966910,1729966910,0.000505
Cmje6696ZEFdwCft4cbseZS7wQHcRZnncN3u7Qq2iRP7,200000000,0.200000000,1,1730011879,1730011879,0.000505
CsAqMxnSHWcDcWp5FKhqGNq4zJRiE2gz5ojnuLEx4NFu,200000000,0.200000000,1,1730013723,1730013723,0.000505
CZxE5myvTKRTjfVxyQSQt2zCcgUoyTUMzZtwqqgmyz3f,200000000,0.200000000,1,1729906376,1729906376,0.000505
D8mSAR1yHWABdq6reqj8Md2j3PmDwe9V64g2S8r3imRc,200000000,0.200000000,1,1730121329,1730121329,0.000505
DkkCeuohXCcr3AqyFbAL8zRAZctRGPYkDBYNCYfCGmGW,200000000,0.200000000,1,1730129245,1730129245,0.000505
DrZxuZ7nxeW38kqtsY99FRJt5BjZSh6Sd58npD4GkDJF,200000000,0.200000000,1,1729890454,1729890454,0.000505
DTWLuj32S8nT3m7iMjEADwe8fLs5nEurRTQWcUbHSAcJ,200000000,0.200000000,1,1730066740,1730066740,0.000505
EsKtLXyyzsaqL1JzhZvhUzQ4fTFxxhQudHd5yBxX3kAv,200000000,0.200000000,1,1730131246,1730131246,0.000505
EvAANqFJ6b9Ao9M6q3tFTs7m8yegrdnbp4jSBfLtVsVg,200000000,0.200000000,1,1730108791,1730108791,0.000505
F1A93JLe9wgBwgoDCckWa9r7XndCT9TSxA5fGwcVsYV7,200000000,0.200000000,2,1729953060,1730026461,0.000505
Fbjbc98J7eNUtAz7521EEj78a6vZuWjrUBLWDxTM6iD7,200000000,0.200000000,1,1730131447,1730131447,0.000505
FMvbUJfu48TMkfPLKWjSFiKbxkhpJRzbAnUut2yoKWFM,200000000,0.200000000,1,1729967097,1729967097,0.000505
FWcJ8718Zwtn9RTeLX3V4BtkDgF6bhsGwGm2yN7jfSsk,200000000,0.200000000,1,1730062160,1730062160,0.000505
G73aKcSx5hJeJhmSvsWgUJNvDZrvjSgf1qWtV48CwSFp,200000000,0.200000000,1,1729958121,1729958121,0.000505
GAjejsy3aBQRBt4ZtkB3nzZuZHVkQwdfZZ6NKAthhkMU,200000000,0.200000000,1,1730013340,1730013340,0.000505
GHAPmXLDWMqi73ek2LsFWNVq7GHr4o7ADou7f6FDMbA8,200000000,0.200000000,1,1730053691,1730053691,0.000505
GTNrV4Kw1kVixt9yDEUZtwzyUhiyvidWcJs1z4Qhez4E,200000000,0.200000000,1,1730052185,1730052185,0.000505
H1Rur6QDBs3zrnx7FbKaWzXDHuGyPraA7GFomGBwUHax,200000000,0.200000000,1,1730122853,1730122853,0.000505
H6e87NA8RX6KqaYzsdbQfQvBL675TfxnhrYYXfV1gHkC,200000000,0.200000000,1,1730121268,1730121268,0.000505
HdYyRQum4yJGgxUnpxGdMtLWFquWU5hLjVPwjCutYR2h,200000000,0.200000000,1,1730131231,1730131231,0.000505
Hg2XHvp3ejW1KBJArEFR18XQZuszQf7KpSCTsnMCusdG,200000000,0.200000000,1,1729878178,1729878178,0.000505
HrZobhLVmP2PDxS7Ar9UngZ99nUH8ow8HAyothmW84Sm,200000000,0.200000000,1,1729879372,1729879372,0.000505
J3LoiQiNwkxJrfqBRXXySyUQtFequ9d29o84dCmR3zqX,200000000,0.200000000,1,1730130995,1730130995,0.000505
qNbUMM146Jj7jDNMnpzp4sXPrTuxr2nxAYQBqaZSHPZ,200000000,0.200000000,1,1730055824,1730055824,0.000505
vKKBRtVNtotKWRxugtBtgbW4cHBRiKuNMPaNRZtLhky,200000000,0.200000000,1,1730126124,1730126124,0.000505
zkqcK5pzQZx4hAzdxvP1ELM2DmQsXVQHKN8p1Lm2DM6,200000000,0.200000000,1,1730123289,1730123289,0.000505
7sNQie19NbMf34GXpnUXUVHMP3TsHyZzqgnQQh26PtLT,192867419,0.192867419,1,1730076259,1730076259,0.000487
9se4WfZESeS7siJZvkHC52TsLbifTVgN3ZchWKzZEzM5,190000000,0.190000000,1,1729919303,1729919303,0.000479
8wzYZR9o4a1BFxs5rpPbKBNwBPzYbWLgXnf2B5W4FCpa,181000000,0.181000000,1,1730117222,1730117222,0.000457
CFKy18CwL4mxSxh8KtWpwQJbU3yZesup8SXsCBA9cDXP,180601464,0.180601464,2,1730069342,1730131138,0.000456
HyaKDW8bLoaaygwakhxvZDCrjV9fu8dxPuS4GzZ9VWeb,180000000,0.180000000,1,1729873967,1729873967,0.000454
HAjGkT3MzHUVdPTj1H5m5pAMz2hjTsAK7313cLav5YoF,175000000,0.175000000,1,1730114605,1730114605,0.000442
GHgfTFfLQHhSZzW36rvxd8zZVWDujNnJQ9KYaJQ9gZff,173800000,0.173800000,1,1730131051,1730131051,0.000439
21PYSTYsqAQq8qW2xzxfa3SxHVsAsD1fnYTQkTYg9hvK,170000000,0.170000000,1,1730130831,1730130831,0.000429
ALfHRFDbB7DoDEzM98WUZSF6ftmqBsSSZt5D9mN8BYyp,170000000,0.170000000,1,1730117766,1730117766,0.000429
Dk3yyKTZHPUGSXF1fkhJHKqtr4ntTbYww1EwqLoTHrd1,170000000,0.170000000,1,1729964385,1729964385,0.000429
HhbBr8uyf54TR89jnvorvqMEFvJ2zaXi9uHozFsfQq5B,163624304,0.163624304,1,1729878580,1729878580,0.000413
ANYBsMiDs6FEbZ4vXBQBz67T1tP9S7ResHWXsEu4hbLV,160000000,0.160000000,1,1730035107,1730035107,0.000404
BCM5NxNsD7bzUpo6ahAKhx68ykkwkKiLqvcVr7rFQb3a,160000000,0.160000000,1,1730115252,1730115252,0.000404
BUKsduejvej4greUz4xRca882G8ErLZRe4L1QS6tvQdH,160000000,0.160000000,1,1729921409,1729921409,0.000404
DvHu9XgPG2fnFHycMWBZJRH76og4a2c1fSKJD2oQGjYn,160000000,0.160000000,2,1729892350,1729945899,0.000404
3KFpQMNptGXeZjpFUBcBijdQkHpX1xWzC2APK1c4aeoG,155000000,0.155000000,2,1729906843,1729947363,0.000391
BbbZFoH8zTsi9YJ8qPRXZyLwyG9yqeYX2L1bwTfrTywr,154333455,0.154333455,1,1729925903,1729925903,0.000389
EaLbmimcZffZzphBdqYkqGxr7YUYMt4aNgMYKdCkKF6X,153700000,0.153700000,2,1730131311,1730131411,0.000388
2PfLF6xNGqQHtVLEcX8t9JCdTC1nBkBw9E46rzZhPdNm,150000000,0.150000000,1,1730125377,1730125377,0.000379
2pGjP5mX3kw7WtXkkvjZ7ojJFGUcR5Ax8v8h19yQKBhK,150000000,0.150000000,1,1729875385,1729875385,0.000379
378Bq6szDcLMjdLk9BdRMEwyTm2aZmfD434FG8JRdSR4,150000000,0.150000000,1,1729957192,1729957192,0.000379
4m36oKhFfYFxBXuwsNgWBVgQ3sqDfQhv8psJh92SvD6j,150000000,0.150000000,1,1730057906,1730057906,0.000379
4utjJixcJbkYDXAPYqx4MFPEFJy3upJ7qg7Q2JWQToTV,150000000,0.150000000,1,1730070050,1730070050,0.000379
4VVe9xdM6tWhfgLwd46vCvwgFkn3FQn2fNHaH6TtHhV4,150000000,0.150000000,1,1729941914,1729941914,0.000379
6LgokSpNAWXqqJcJy3v8SwM6Jq48a3JAwoCuntdVxcEc,150000000,0.150000000,1,1730041237,1730041237,0.000379
78ydayVpCe8spGaoXoW7EyJtLM4dYujWbyZR2nWxqZ6u,150000000,0.150000000,1,1730067397,1730067397,0.000379
9TL17gjvWFdhSJkpXgfnX7fKF9c2hfw59k3g8WUqm8Cb,150000000,0.150000000,1,1730062325,1730062325,0.000379
ALwtNhAuboFEMYScaj6sowYGm3jVjcLvvQtxkU5nCbo3,150000000,0.150000000,1,1730131164,1730131164,0.000379
DCfb98vkupXyek8WVEKpgTquTXjUqDfFGtZxBk4CtGyq,150000000,0.150000000,1,1730130996,1730130996,0.000379
Dhe1CVjXj4uf1dMNkNKpwi9qetsL4HvubFxhKCeyUG58,150000000,0.150000000,1,1730047700,1730047700,0.000379
EBX6kxC6FyKfawFCPdKJKts1EhBEJ9ue976EXrqDtG3H,150000000,0.150000000,1,1730132276,1730132276,0.000379
ESMD5TxGUdf6HPj5i3dJXtAjdVXkGbmKiYEXoTJsnuRQ,150000000,0.150000000,1,1730103503,1730103503,0.000379
EWBuyb3frn8ygB8qudQk1Pa3f8peaTPwtsSZVEKRdzsE,150000000,0.150000000,1,1730013823,1730013823,0.000379
GAw6FF9zWCQsHwN3faskBXghBarJHhH1S3ZxfmBguJKo,150000000,0.150000000,1,1730128700,1730128700,0.000379
GMtbTMt1Gdv5gMQD8ZZRtwyH8Gcriod2QatHpo49q7Kt,150000000,0.150000000,1,1730086797,1730086797,0.000379
GYoRFRjiqdzz1QRcVYjaiu66NyKeps3pqBKfcu67cCRu,150000000,0.150000000,1,1729876651,1729876651,0.000379
GZh3AjUPYhbVSTHYpJBCkx6SqrRvn8sCMdRKud2cxxBQ,150000000,0.150000000,1,1729872862,1729872862,0.000379
Hh9ucJgxYXapMua2izvBHT6CJxmr9vSnc5LA9i7pkpa1,150000000,0.150000000,1,1730034137,1730034137,0.000379
HP1DZnLtfyxDGdvMuQ7rgco7xPuBBdgQopT2FaPRZzjk,150000000,0.150000000,1,1730058755,1730058755,0.000379
75ujrKKRDhUYsNuBqZsLPmoL2PvJvyrjXYzsWmZpsDtL,149995000,0.149995000,1,1729883406,1729883406,0.000379
9myAEc2akGGYTWi652X9vrS2cB4J9mNfqMv1PBBtvoZr,149597146,0.149597146,1,1730029772,1730029772,0.000377
G2DJE6TSMcMYjhhRSWWmgMYz3Y8edRAARGx8VdydSjJ,143926310,0.143926310,1,1730096541,1730096541,0.000363
C5ccmihsMkc5f1ZhcQC4ra4WYsEVcjwDFCBVaADWhV98,142000000,0.142000000,1,1730119790,1730119790,0.000358
C2tbpQq5ZK8LTcsvRVfLYwVipX7VdZPz1YyxovAfeqGT,135000000,0.135000000,2,1730121428,1730121638,0.000341
Gp2HeCHMYvFjnFe69vTvC8L3hAguA1KCnvUkQkDZnwNP,133700000,0.133700000,1,1729913061,1729913061,0.000337
2mJU9XBwrVxSS99v1yXzfSHGRtazmpuTdznzKJctzPGw,130000000,0.130000000,1,1730078114,1730078114,0.000328
5wv4gHTaWyMmACLRxRRiyE9vHMvuiVehGGmtSxsfXQfK,130000000,0.130000000,1,1730130284,1730130284,0.000328
CrnMfvoxyNNyxVJjfonr4qzM4PEPhydkiMLsL9zQgPDH,130000000,0.130000000,2,1729942798,1729948548,0.000328
3JgQvyChwmB3ggaK4g7GaYYH6m6XUi83iK2rGybfGCkf,127910347,0.127910347,1,1730131097,1730131097,0.000323
6pL3h6e4rd8ehqoxySCGatZJBiDpndFtrSM3RcWNRjtG,126500000,0.126500000,1,1730127587,1730127587,0.000319
2TzTda46Cfx4RtZN8rJYVyALsR7U3MATL2W1EhEG4moZ,125000000,0.125000000,1,1729925530,1729925530,0.000315
7ZATpbveDYHm5gh49iuXeSKhm7KrKJDcLrY88KHfEkEg,125000000,0.125000000,1,1730122036,1730122036,0.000315
9L2heezqKNmQE8tGzshRMQhXCRbYV3Mcy6f78e3wvfju,123000000,0.123000000,1,1730001202,1730001202,0.000310
WLZkGEMtvQKSocDBr7TByVASnfXT1xLM1XifCPCnD4S,123000000,0.123000000,1,1730097675,1730097675,0.000310
A3YvXiecuDmYjvLzwvXY4cBxsQbRZgYVurSvL36f961y,122253600,0.122253600,1,1730063760,1730063760,0.000308
5A9Uj6TWzArRN7dSSbkgUm2cNzxE4aqk8hFPZAT7YDum,122227847,0.122227847,1,1729879823,1729879823,0.000308
4HToMxKUrB7U9LKBb33FgbsdhqUr1moxzmQacnYqASXZ,121852133,0.121852133,1,1729903225,1729903225,0.000307
2HLQ1ADuAGNzaCPUfY3nd2LjkjeSEY28WWjn4i7i9D3J,120350736,0.120350736,1,1730130272,1730130272,0.000304
2GAL1wCAV7uEmrbiD3v3smAbu4FnjxJDh9AgUjGkfMvi,120000000,0.120000000,1,1730131152,1730131152,0.000303
4KygKbSLWK4NJksnooa4Jkyu5BfML59CsEQPwSBib8RH,120000000,0.120000000,1,1729890734,1729890734,0.000303
4RzuTxxvK5uPyWu5dVC9i2k2ekvwuTFKgkX2VToUrNAW,120000000,0.120000000,1,1730046777,1730046777,0.000303
7M6UHdrNMpKtM6mwia6M9XaT7DkBPNJ9Xm8hidiGzQF8,120000000,0.120000000,1,1729964221,1729964221,0.000303
7SF2jveqhCvrgJ4uWrqbfGqxjQqnFBtCSnbWvNntxQ9j,120000000,0.120000000,1,1729947071,1729947071,0.000303
89o6JzhVT5R3jzZpVDi8kECCnccEamCgNNWahYx5LZoN,120000000,0.120000000,1,1730125371,1730125371,0.000303
8yZf7ANbiFTazgpQRFQqVjhYjised287VLUvwpQMwqSM,120000000,0.120000000,1,1730115896,1730115896,0.000303
96grA2KpQJes4yHN6K4P89wE3Ccp67PaXBbJabgSJZDT,120000000,0.120000000,2,1730080647,1730081478,0.000303
BMYrSJ3xvQP9YT23KvsXTYV3enxU9b24m3AgNgJyTDPF,120000000,0.120000000,1,1730043405,1730043405,0.000303
C2zHrk8R5g2oZw7uQq9rBTf4ZE8e4kPcRLNyXiybFXPK,120000000,0.120000000,1,1730068084,1730068084,0.000303
CafvuY3dkHJN2FF1g1jRhwTRj2gHkCbXn9WJ1qF8D7VU,120000000,0.120000000,1,1730125841,1730125841,0.000303
CkDMrTFXd1KAtcg2qdNKh1uPeeoe5zfCYTh9KrhsVpYx,120000000,0.120000000,1,1730118195,1730118195,0.000303
EUyReNH2z5cmSR5KNPfe9ijQkfTAEesgMBNmPxxVruzP,120000000,0.120000000,1,1730067817,1730067817,0.000303
Gt82vPjGtVa2x9k2Yyd3JpLEGekGvBRMH7brKes8nm1E,120000000,0.120000000,1,1729948746,1729948746,0.000303
GtSTBmzCRLZwxkCpSeCjxUoes3eiDtT66DYED1RCs8Mr,120000000,0.120000000,1,1730125505,1730125505,0.000303
3hawCRgCfNURryYdSwx2jmiBNddiuZZ7xqnnFekn77fE,118758129,0.118758129,1,1730117105,1730117105,0.000300
BwVunhQKwiYT3dphfwzpPd8SLigKf6PHZqCG5qnu6aqT,118000000,0.118000000,1,1729882269,1729882269,0.000298
3FkpxViivhZ2frojq79HWXmfwGRcCaVscDq71vnB3pto,115069496,0.115069496,2,1729918918,1730058103,0.000290
B7RDTtV7hjLcKNxwcGNWcgYkKWtVcSv3WjydjiyJSYKS,115000000,0.115000000,2,1730122045,1730123119,0.000290
BFcYaNStdAbTnPCvGYskXYkN47JJKCGmDt1FJdRWXHsD,115000000,0.115000000,2,1730051812,1730132014,0.000290
D23UnLkmSQRpHRorKAPDZGkZm6mtuTPdUnBWsmaeCToA,115000000,0.115000000,1,1729934888,1729934888,0.000290
ZLaESQDBdSeewF9hnHeTdRNrMEzDyGo9eJGD1hTvyux,115000000,0.115000000,1,1730127820,1730127820,0.000290
H2tXC5vGU92uPgpicRxQGsrkiaSqaT6bE4zdaDSQTuj5,114701977,0.114701977,2,1730130322,1730130967,0.000289
82Dok2upBHJMKePSa9P3UqpD8UfoHGrXG7uZpJNZjmor,114000000,0.114000000,1,1730113604,1730113604,0.000288
EJ1ktAQoPHk9iN7LfQGRPWGfGNibWafLpBghfKsFpBfD,114000000,0.114000000,1,1730119621,1730119621,0.000288
GTNhncFtLRXr6fc3u1og7ZiVBNqSgjAnDvqBi4zASABC,114000000,0.114000000,1,1730101787,1730101787,0.000288
FLqYjPzA3Ts5bUSyXfQQpx7ZL45gHZcssPi4DbmLFkDs,111690000,0.111690000,1,1729878350,1729878350,0.000282
CkYRfNo2FRAqr7aGinTtc22x5VjdrqKnuAVvoQCWKRgd,111100000,0.111100000,1,1730071530,1730071530,0.000280
44RBXxXYBgJTn2iwhpcjeFPP1HTShaAqDdbtuV2k8U5h,111000000,0.111000000,1,1730120670,1730120670,0.000280
BsQsLh26oevZeyv1AKQhz5iAUTd7Fx1Z6xmtean95fZG,111000000,0.111000000,1,1730120698,1730120698,0.000280
3Lnn41QkQbpJDUDnf2XQUxa8kzJMpEntdT5UXNbSJUsw,110000000,0.110000000,1,1730123448,1730123448,0.000278
3qiASZYHa2T2YkPxwawtXzxySHa9osjHcZrwHX1HDErg,110000000,0.110000000,1,1730122722,1730122722,0.000278
511RMxQrZPVzuH2ec3EABGnq9GjKyiaQkrmCv7L9NNMr,110000000,0.110000000,1,1730113754,1730113754,0.000278
84uVfZFsS6kHgzrtAShQbwhXTUmJoJ6mei6H2X4kkGZX,110000000,0.110000000,2,1730128954,1730130442,0.000278
88CzSTTbS3tEseutDqaoESkpHZPuNH4zZAPr2xvEn364,110000000,0.110000000,1,1730048194,1730048194,0.000278
9QGYFi4HrbcZBLAwhTZURS44pQC4gQjTt9VTPJr3Wndi,110000000,0.110000000,1,1729899593,1729899593,0.000278
9s9k9K8LvUi9xkpqFcZSakr3qPmPLnBx9JWPALAudYFJ,110000000,0.110000000,1,1730041101,1730041101,0.000278
9sUDKaNZUnLime2N7UHwVk8Bpe2u713kEFZvVU5fcbxa,110000000,0.110000000,1,1730118342,1730118342,0.000278
A4uWJgJ5CHYgoMQXpZYRtRAbwG4oeBNsctfxaSZrTQqf,110000000,0.110000000,1,1730121655,1730121655,0.000278
C7w7MZKsy663c6MvNTDsmSEaNPvEGnfa3xEUvVB5dR5s,110000000,0.110000000,1,1730082128,1730082128,0.000278
DM5qt5ebKZbgDiwy3V2NNnCbTJzJ8kTuEyBF4NLnxxqX,110000000,0.110000000,1,1729970580,1729970580,0.000278
DwqWSeiMGTQ3xDVsfFwjPWh1C1nTdGaYReiH2KQrhFnL,110000000,0.110000000,1,1730121689,1730121689,0.000278
H7dcZqXr984e4zGLSKrntjFRMEzaiyzce9AWPDwhMyhR,110000000,0.110000000,1,1729965905,1729965905,0.000278
8goVfsPuj3wh73Shdy4FksaUHTvwMX3EBMwprHcTQWDM,108025551,0.108025551,1,1730109370,1730109370,0.000273
3D5845oLJViyPHJYJDUENGBoDwapoFek3VndqjK85JAy,107077430,0.107077430,1,1729882212,1729882212,0.000270
DJ498wJhS81d3Qs9f2p7yHj1bWgMJUXh7Cwh8Lvb43cw,100010000,0.100010000,2,1730120682,1730120753,0.000252
2bktcn1R99NuWMRMt4HgRAhSjHnsbU1DYregnbnmX8TG,100000000,0.100000000,1,1730118038,1730118038,0.000252
2EarmhcskZCcJbwh3iLq1eFWavcXTGLboR1ptJYVPgG1,100000000,0.100000000,1,1730118418,1730118418,0.000252
2LxjvyaVTw37jsybPzM8KznRG2CNsP81Kq2PabvJX1UP,100000000,0.100000000,1,1730060857,1730060857,0.000252
34DZqGM8UYixVUdBg61pFNbvktSE9s7sChT5i7E4FNBK,100000000,0.100000000,1,1730040944,1730040944,0.000252
3aQ5yvZKzRQduVreFtxKopHqDvnkcfiPpZ6n4f5nXFec,100000000,0.100000000,1,1730054042,1730054042,0.000252
3BfZQm6AmDUEuvredcrXfv5iHEZtFVzXFgEb91arpCeu,100000000,0.100000000,1,1730049528,1730049528,0.000252
3cE2TaDiQ1f88YbGKFPDiPtYTuT5piQ2RaDVTMXgyPH3,100000000,0.100000000,1,1730127031,1730127031,0.000252
3GH9RBYkMBCqy4jDjdTKwcLMfrkxEaDyhNa8wotUYWvd,100000000,0.100000000,1,1730131062,1730131062,0.000252
3PSdEu1Nx3tqAGiQbfNGXbfyvu4Xgxwkic9FbM5FesBe,100000000,0.100000000,1,1730129088,1730129088,0.000252
3Qet7mjuZZ2ANkMZDkxwheCA9dzqjrPT952fyUAupE21,100000000,0.100000000,1,1730014338,1730014338,0.000252
3sM1X6AkyuwkLMfwxNoHJCimd16Wqz42ujsc3ty3uh1D,100000000,0.100000000,1,1729933715,1729933715,0.000252
3YyqcXNtvDRJTPjAgCZ6PW1XpqaMBbu7wmeqDuzPy9Mu,100000000,0.100000000,1,1730120471,1730120471,0.000252
449cMRZPy84g5BXxpGqqmjMSszwm1H6i9Lq8snJnLmBw,100000000,0.100000000,1,1730129546,1730129546,0.000252
4ag2AqS544wnWiah8hS3utiEfVm7SmSutvh6ey2wKhni,100000000,0.100000000,1,1729998294,1729998294,0.000252
4eic6CZfYfA7rm7KVBo6QKEfRjY4fhLXhMLEuMh4nuEH,100000000,0.100000000,1,1729899365,1729899365,0.000252
4HfwzT6uUsiQM1RRczweiCyCzprJoDEVhTFEmZN8buta,100000000,0.100000000,1,1729953905,1729953905,0.000252
4J54atPc5YU48PXBTfjhQRV9bhkL4eYA8ocBmMkERoNq,100000000,0.100000000,1,1729867739,1729867739,0.000252
4NdbbtWXma4AQchb1QpYLWnQKAPk16G4E5kUUVaBsDC9,100000000,0.100000000,1,1730117362,1730117362,0.000252
4NMn7nF9XV3ZcMWuYvHjxMXpVsYydZmGrj3JYEFQnHph,100000000,0.100000000,1,1729985616,1729985616,0.000252
4SkdQvUj27twUPU1AcxtgzcinBLTvgQ9Pvxf9iFJfFAX,100000000,0.100000000,1,1729957241,1729957241,0.000252
4vL8xuhh6x5PSqnYzSrg2hvefoYoUVwbZSecVVzwH5Nw,100000000,0.100000000,1,1729886639,1729886639,0.000252
4zoNNjXBK4srbngWamsXCFS2isfGRkFtGd1QsSt5N2Dd,100000000,0.100000000,1,1729875595,1729875595,0.000252
4ZovovUTMNBq3pe6k61nCPs2Lj1KuBsYKkNwSwciNtXF,100000000,0.100000000,1,1730040250,1730040250,0.000252
59Kz7r7Bnj2VV2zZHD8AFvoTWic1CrhLu756yi2QhitD,100000000,0.100000000,1,1730125603,1730125603,0.000252
5imyy5wMVSQYS7iHVZsXH6ddgWWqo5c2URrErv7qPJt8,100000000,0.100000000,1,1730083753,1730083753,0.000252
5M6ibsQrmAhaPwijrU4oQ3sEp1iNR9dXKUgBZbyMoPui,100000000,0.100000000,1,1730097629,1730097629,0.000252
5Mk7jspyHhSTnxXPKoUc1j4zUR9YuxePcU9BV3iDYeXL,100000000,0.100000000,1,1730073616,1730073616,0.000252
5NGpojV7XQa1BXx5Vzuzb9UtoGVMKphiQzDwbNbbU3y1,100000000,0.100000000,1,1730133762,1730133762,0.000252
5pmPR2SyN93ni4Z3CGJHT54QE2fHHKQZZpxGh6nNCiRp,100000000,0.100000000,1,1730126342,1730126342,0.000252
5WWJjAMjVkrS7om34pDQ3PwjxX3vVncuQdbob6rfb64Y,100000000,0.100000000,1,1730131427,1730131427,0.000252
697nvYayucQ16XPX93gzfSDxTpdfoPWQi3b6zobnbHvr,100000000,0.100000000,1,1730090021,1730090021,0.000252
6A8iSiH6N97RbpYRtBpT5iVrpxaNPAs9uGWzF55zAqyT,100000000,0.100000000,1,1729958870,1729958870,0.000252
6HnqpPvzzbUVfQk6CBw3F2K7SWh2ujm5fjyWThfscB7K,100000000,0.100000000,1,1729963900,1729963900,0.000252
6Nq6WMpHddurXsn6i8sPdCRoA9gpR8U9V4obV4VKR1mp,100000000,0.100000000,1,1729914647,1729914647,0.000252
6pTcEgKPtK6UwEAY7uSAfMExUZAh4MoZ32Rn3kbj4q4g,100000000,0.100000000,1,1730041181,1730041181,0.000252
6tM4iWo6exLQiSrpVhFpJDGGpNmc2kDwND8ZX3dZmwEC,100000000,0.100000000,1,1729934492,1729934492,0.000252
6vYXnmbzZw7P1cCqNsCtUGwFqvXV74WMRkYoWCFJrWQw,100000000,0.100000000,1,1729943066,1729943066,0.000252
741r8ckgddcL24HcqJwpiTTT3gGW9mGZ2GZmRmD7AQsi,100000000,0.100000000,1,1729943658,1729943658,0.000252
7Lp8ZWa51smUeWwTkZ6ShQpiWJwA7eghn2SgM9az2HNc,100000000,0.100000000,1,1730099503,1730099503,0.000252
7nxNVYHnFZHao13TndLZVFe4sS17NHgqu5xiy7iwqD7k,100000000,0.100000000,1,1730058728,1730058728,0.000252
7y7RPspy7nx1JVDWeEFqxAQ9ioBcdFXZ8DWVNnHfsNnX,100000000,0.100000000,1,1730126050,1730126050,0.000252
8fUPaf2er7SECvKMwQaKsu4AyyKLg45oiRLStG1o6f9N,100000000,0.100000000,2,1729951417,1729981155,0.000252
8LPRVU8kiSSxoqtfqFndG8f62X1aJga3tC6dJQ4Ro1gD,100000000,0.100000000,1,1729947985,1729947985,0.000252
8oFnKhAdH1XqB1zEFtH5hxkq1dhxfjF9viApbtt2thgp,100000000,0.100000000,1,1729892979,1729892979,0.000252
8qpEcAVva5FUBnMgstKueseBmvAZQ7N7KjyQ6U9Pag5,100000000,0.100000000,1,1730073186,1730073186,0.000252
8tKmnxWbWQrt4gKz6EChVB9nSn5Y4XUA1GQnmMzd7pGh,100000000,0.100000000,1,1730128039,1730128039,0.000252
8XdYbYL533iy2t4m3EEyUP9aziWcoU5ijuTQb9KJQUTp,100000000,0.100000000,1,1730041050,1730041050,0.000252
95WCgFrFZyyomnWuegWxUy2sfnHCJQDktbKwUgoTGSdS,100000000,0.100000000,1,1729875417,1729875417,0.000252
97qad4pYAhjAYfmgf7uJobDq4xN9YjfhwoQqjsmMPWF,100000000,0.100000000,1,1730081528,1730081528,0.000252
9mzTsGndi32th57bZKrAEGt5s2oif7dwC6eoNDXbXYFJ,100000000,0.100000000,1,1729946285,1729946285,0.000252
9nfY3KdppfLkJwCfmrwhkMVBEuM38p2WgJihAMGqXTo1,100000000,0.100000000,1,1730116881,1730116881,0.000252
9NhXU2qNiZEJeiHbuabt4mb7TNSwFxuu56cZuZmzGXpZ,100000000,0.100000000,1,1729897237,1729897237,0.000252
9SRAqXpEJkyGpfGzR2wsFxnrFYa489ZoaXL86NmS2ZSc,100000000,0.100000000,1,1730080454,1730080454,0.000252
9UqYaPrUody14282ZyUNoL8GfvRY5drLrDA6pLyxfqSq,100000000,0.100000000,1,1729910437,1729910437,0.000252
AGnNwWTSzhdAPh4UfZczaZ61dfcjT4u2hr8BzmYCijFz,100000000,0.100000000,1,1729882094,1729882094,0.000252
AHj2ADH7yQyB4zP7dA8vS3BvUcZtxZr9qHc58oCah6jn,100000000,0.100000000,1,1730103253,1730103253,0.000252
AmdJkqgeUExb9Q9EUdv14GeQ9Xo3eUE9qvWrT4M9Sdbx,100000000,0.100000000,1,1730082333,1730082333,0.000252
AnWMjAUJvh6pEQ7z8yt5nyFdTh7BkcNWrctgkPVvMaEz,100000000,0.100000000,1,1730129606,1730129606,0.000252
AwDWpYSsJesQi84H9ZZdGFxQ872Nmt8Ky6wYUZCWV5iE,100000000,0.100000000,1,1729944433,1729944433,0.000252
AxRV7zJM9ieawJ1jWBHxU4WTb4NYkY35UrRPjNx7FtTZ,100000000,0.100000000,1,1729906225,1729906225,0.000252
B2J66FyLEvGXm1DXgs2KPzLdEHTFnGmQdB1BwFZ92sfP,100000000,0.100000000,1,1729993161,1729993161,0.000252
B3fuT6GA3WJM9Chbq7R5pLfpAVgea9a9KZCf4G1Mtfap,100000000,0.100000000,1,1729876323,1729876323,0.000252
B6CSf5gkeA6aCX3APYTYKUaCpZNT7rfZFVxZrxqQ2wdw,100000000,0.100000000,1,1729984581,1729984581,0.000252
BDAULt6i6iowTYt4PV9jXSCYdJhgkEformKeMzrvJ2uF,100000000,0.100000000,1,1729983355,1729983355,0.000252
BjfDfiU2b9bwxbNxSgQbEETyqs16irg5ddQyYY2kGaDk,100000000,0.100000000,1,1730121525,1730121525,0.000252
BJxRoEaepUJGDU8pG7EREd6f8pPwaoKLVtW8p35bfwks,100000000,0.100000000,1,1730129767,1730129767,0.000252
BnCFaYsUmrYERuB675P56Lc5jjPGUzAwBQGhSnTbmGMB,100000000,0.100000000,1,1730054275,1730054275,0.000252
BQG1wC5iHZoihu4a3ziHMr6abWn96bAZ3ibKdHJE4CFF,100000000,0.100000000,1,1729989868,1729989868,0.000252
Br43pDG8Ca849y94WrMQ1uugm61TeXUKM4SSjEguCaSd,100000000,0.100000000,1,1730127619,1730127619,0.000252
BtNC9Z7ybeXDo2rUYKeKo9xAHWHPFb3vpkEwvKSUE3kK,100000000,0.100000000,1,1730057373,1730057373,0.000252
BVnQ9y7svZBbFaZ6XXaweyzXPx9HbLdQG9fpGztg57ui,100000000,0.100000000,1,1730125256,1730125256,0.000252
C2ufL8hZFvrVRg4YDAJvaY9wbMSZaoRPhAjJ35rurVHH,100000000,0.100000000,1,1729872843,1729872843,0.000252
CbcPzNr7TKRMmR5yyUxL6cMVXVxSXfMkRdkq2pCTDK56,100000000,0.100000000,1,1730126510,1730126510,0.000252
Ceqxr7qKLyDCmjLLjbWo5uct8uCzLh4z5eZ1H7dUBFnm,100000000,0.100000000,1,1730109515,1730109515,0.000252
Cf3afZMcVPq6nC7pYEKKTmiAbX5vXRoKm8qmrECXp8pr,100000000,0.100000000,1,1729893583,1729893583,0.000252
CifJqSc6D6ebFYMsicAvHv5papWZMmNk3v4EmtaDz8xN,100000000,0.100000000,1,1729876717,1729876717,0.000252
CKtaqnuWyyK4wgKTcXt2nGDjBw4EkxsBa6PiBtAd9u2N,100000000,0.100000000,1,1729879593,1729879593,0.000252
Cp6cBccUAFTe6oU9G68FrsKhT3V1kLPYTPPYDFSAPye5,100000000,0.100000000,1,1730122788,1730122788,0.000252
CP6uHvCfFVCdgdL8F1Xv4j9zLBPzKjgfSdXCcFoewxzz,100000000,0.100000000,1,1730001054,1730001054,0.000252
CUGgQ8e3bCCDQfSmAeuBNjjNsGK9jFSheBQNLLPyzZhb,100000000,0.100000000,1,1730043182,1730043182,0.000252
CumRs8QsyFSYojkAtSLYJ6NL2GotnYX6VxRxswFoi8BW,100000000,0.100000000,1,1729933934,1729933934,0.000252
Cx5WLWY5jnHYY7HRsziwaphWL5x7qQE6sp8AcZuTNVNe,100000000,0.100000000,1,1730081504,1730081504,0.000252
CXFNzTXfhCPvcDHpSTefuaFsWyPMm6C3VZywwNroM8QB,100000000,0.100000000,1,1730122131,1730122131,0.000252
D6yiNEm79spDWzKSbha8d1WkujZiFxwG86w6TxDnBd12,100000000,0.100000000,1,1730131366,1730131366,0.000252
D9h1CeGAppeus4rnUEJacHEuH374bGbnyVNo2FFuPFZo,100000000,0.100000000,1,1730027824,1730027824,0.000252
DaJjfbj9EhWLsGjch8trdGhNcVqEogfibZ8h3KnFUuaa,100000000,0.100000000,1,1730030155,1730030155,0.000252
DERr47NEyaSFWibeirpBdtVV7BGF9wKUqQdHozK41u48,100000000,0.100000000,1,1730133315,1730133315,0.000252
DnkdgaZE9KNySECvfQpUgp5YdSV57Tr3FeHEhdhYA39R,100000000,0.100000000,1,1730031176,1730031176,0.000252
DnmKkr9vT7iP9eKPKn6rnoMnVDXZTQV8Kse2SCxFwsby,100000000,0.100000000,1,1730092123,1730092123,0.000252
DrHMQhsqX9Bxh2qSYM5ppPFNprtR4kxjvzmLcrNpgdWG,100000000,0.100000000,1,1730128403,1730128403,0.000252
DSmbnj9t7CCQdAZfvYe3PNbJB7CrVXpa29iW3VkgpEEZ,100000000,0.100000000,1,1729969409,1729969409,0.000252
E2f8bZYpRVAxN7Am696Lu3DHXCKknkHgoeQSHaVuHRTF,100000000,0.100000000,1,1730106028,1730106028,0.000252
E9skgtxy6uBifJKMkqzKnkH7ZkQj7CWFkCwnPJkShbnk,100000000,0.100000000,1,1729873003,1729873003,0.000252
EAvaSaWKYmPWePqXwVk76szMyVNvN2skyctkSNegKZpf,100000000,0.100000000,1,1730120986,1730120986,0.000252
EEWx3mjmQncY994hVmobwgjBmUKHz1YpUuo2xDEyWB3K,100000000,0.100000000,1,1730037594,1730037594,0.000252
EjzKXHiSngCqFgYoV86HXwwPmJuyNw8exBTpMHDocF7Q,100000000,0.100000000,1,1729957644,1729957644,0.000252
EkHqNMaQcf8tWLkzvzQEmYSb4wtrfQnLnzkounLpJHx9,100000000,0.100000000,1,1730129330,1730129330,0.000252
EqoBaM8w7a4esy8wSQhYimvrraQyuND1VVRAKNTBdW5w,100000000,0.100000000,1,1730128700,1730128700,0.000252
ERYSEjsWGfSLb9WxRXt5yR6MezVCReZH5JBUZgFKMZpY,100000000,0.100000000,1,1729988879,1729988879,0.000252
Esv1WPWvMRXTh8wS4oSB32LhNKzVtB2JzdVSADXBdFKL,100000000,0.100000000,1,1729874023,1729874023,0.000252
EUaUj7wR5yUt9sNbsnRgEm2RK4vBkWdvZ3TGR9hX6rz8,100000000,0.100000000,1,1730069256,1730069256,0.000252
F38wqmEkvcgFcBXjdpwNTK9SMBDFozwc7JwZSFNnjihT,100000000,0.100000000,1,1730131962,1730131962,0.000252
F3su2U4m5GsH3V7SnJoYkUNCELMhiqyyTvXREMbCsZbe,100000000,0.100000000,1,1729952798,1729952798,0.000252
FmdaXFynLFMtUHV3Z2QwGUEJoznZJ8k9sCwR9kiUedDD,100000000,0.100000000,1,1730078345,1730078345,0.000252
FqqSdkZhE13poiz9nDfHnUi9vKa4siDUJJ5r1Eb2YX3G,100000000,0.100000000,1,1729881608,1729881608,0.000252
FrLQTR57Z9T9SCQWPNAX9sW9uZtxdEwXDYySiNVVVRN1,100000000,0.100000000,1,1730126461,1730126461,0.000252
FWuNa13JEgZiXLxPVkdDJxEzdpvfwgDiE3xSJUCdLkEA,100000000,0.100000000,1,1730043683,1730043683,0.000252
FZLGhkSzvJgyL14PgRPhnjNkh7dApsdEwT2eBj8cYGwQ,100000000,0.100000000,1,1730107534,1730107534,0.000252
G2hoCGGpLw9ujEZ4ieQB5Na5DH6mtH74fuHxU1Zhm9k2,100000000,0.100000000,1,1730132332,1730132332,0.000252
GcBeq3FXNaLzGyDu6FYuYfDpWaxmTmv7JvubzJ3UhguA,100000000,0.100000000,1,1729954925,1729954925,0.000252
GN6RPem74mFBf2GLGLJJm567SUqeSbEqvUUhdCHnUMNG,100000000,0.100000000,1,1730129912,1730129912,0.000252
GRnESr4qfeVGPqEGwWRuaBVJcUdUECNxrwdRn3ndqcwZ,100000000,0.100000000,1,1730106516,1730106516,0.000252
GVDogMrcgAwJstRiHfy3hzY2iRPuh9KinCewf3WPKNbq,100000000,0.100000000,1,1729872492,1729872492,0.000252
gvNA1rsCQhv1Mcpea7zREkqPqGDPvmBFr18F6JYeZ4m,100000000,0.100000000,1,1730101420,1730101420,0.000252
GYAPVAprzqMbBu7SevqBxChyrvpbgLFawEkNnbjYrNA1,100000000,0.100000000,1,1730043314,1730043314,0.000252
H4b6Atz4yxc8ULwPW1borU7cnQKmDrpM3gvMv7KSjzQY,100000000,0.100000000,1,1729959578,1729959578,0.000252
H6hrXFM6FSgq53BGPwd4W2gZGo3QcvtHPhTUTGMvovuJ,100000000,0.100000000,1,1729941122,1729941122,0.000252
Hd6B6gQmdGbaxyjZnxj14qPHLUEWMhn4XTMQqpNFm4f,100000000,0.100000000,1,1729945591,1729945591,0.000252
HKkNvUnhrBqz3Lq9Td9TxUj7Qhj4zx8LNoe5k5aTht4P,100000000,0.100000000,1,1729890973,1729890973,0.000252
HRjZADXrJeWkNjHyMnDCEtLx1qQMtQK3uReWBdUd4TT2,100000000,0.100000000,1,1729966105,1729966105,0.000252
HvDbotmT7VEUHRKMa6Ac4Kh96VkSLXRBW6kQee1gB8eJ,100000000,0.100000000,1,1729919157,1729919157,0.000252
Hy8MTeYVJhdyF4tpp6U3Z13gUmFUhCTeBjVQhWp37Bij,100000000,0.100000000,1,1730044813,1730044813,0.000252
HYs2wSiCxLq1oQTpNCpFYMcoeu9eHHguiepcdmuLzv7f,100000000,0.100000000,1,1730137695,1730137695,0.000252
Hznw5fJErWqq9vuKWh6jFKE3Uda9cqv1FhstUAu41kby,100000000,0.100000000,1,1729872867,1729872867,0.000252
J1YpUnsC85hUPaA6yJVsTPcVfnBA6Y51iaJ9J3faTBMX,100000000,0.100000000,1,1729958392,1729958392,0.000252
J2ykf43esv6XCqNd3MXyEwbuKPF1rwrpEqP5T2HACZff,100000000,0.100000000,1,1729872750,1729872750,0.000252
J65XgfdFmJMYEUUqy57ghU6KZUYs3KPcLBzip4BDRo19,100000000,0.100000000,1,1730038127,1730038127,0.000252
JAW5qzkAaaSrxSctdHdrAtSE5U1SFhvXbX3HboxMgk2L,100000000,0.100000000,2,1730047515,1730056232,0.000252
JFbRkk5jJAUhCtaZ4YMoaM8ojA5DAcExwubUevScVoX,100000000,0.100000000,1,1730130442,1730130442,0.000252
kKXTKajtJXHKCNpeno9hnmZW6Td5cchPzHN7w1eHUhJ,100000000,0.100000000,1,1729875728,1729875728,0.000252
PggjKoCsDGnWdyrCL8628ZYSbTuEWC1i5HmUqkGEM5R,100000000,0.100000000,1,1730119066,1730119066,0.000252
rTcEek2Ho5kBBKGZNs6WdkowDwML7dDhMTWQ12VeSe6,100000000,0.100000000,1,1730037134,1730037134,0.000252
sdDEqUub9kkCdsj6sCVSTBfiJMUsc91yP8AaEBWdYnC,100000000,0.100000000,1,1730039329,1730039329,0.000252
U8a4ETmfPGbiSQYGeWL44jnb1P5D1crzyc7qVx8bufT,100000000,0.100000000,1,1729875811,1729875811,0.000252
ueK5yhJJwCGA1rUQKgvbFFcpBmrBz4JJGh3XYnjXG5w,100000000,0.100000000,1,1730043980,1730043980,0.000252
YMTX6gVEuLfcvn7i7cqr5y1idP32b5V3RQL2qYDyB9X,100000000,0.100000000,1,1729988577,1729988577,0.000252
6jGSxRGkWbmSs3fenGZiD9BYuf47jLNBHt526amgXtcH,99985000,0.099985000,1,1730065677,1730065677,0.000252
CWQ7co3Eg8f67eYncWSFxC4JTJAvDP2kBNYbzBZrBNyt,99985000,0.099985000,1,1729921280,1729921280,0.000252
3BzcfB6pnEzhEuRdTQYh58jh8e66stuQx782v3GFiGJu,95704554,0.095704554,1,1730066829,1730066829,0.000242
6DGFWtSkbyCbA5gzqpheBKLLwSkaS7hxwyBYYVPvwB58,91695000,0.091695000,1,1730129103,1730129103,0.000231
8TxSh8Xv3SAm4FyB8bpZEzmVNPAAqWrKCERn6Qj65dVw,90000000,0.090000000,1,1730100497,1730100497,0.000227
C9UrD9jV7eoYdd56xZGUEuNULgoiZW6D6mb4LXnkuat6,90000000,0.090000000,1,1730116747,1730116747,0.000227
2AD6F1Fuc7AhH3hZSNESWZ5EKkD9zA8wecax4tWXgYAo,88941595,0.088941595,1,1729941214,1729941214,0.000224
HvSefVh3a3tkSp15sP1BoyLpifqei1H9DPjKcLH3qKRp,88448297,0.088448297,1,1729962944,1729962944,0.000223
EpseArj3ipXj4LuynudvWpczTf4DkSff1fXeooJifEaw,87985000,0.087985000,1,1730104068,1730104068,0.000222
3vfBG3ffZAcEnoGxC13GuLzjUaPshkMig46dQtuLvyU3,85000000,0.085000000,2,1730068656,1730073023,0.000214
6XeScZ3nnD65W71s4Vuaqe99TPUqTGVQtgS734Ydi21G,85000000,0.085000000,1,1729893563,1729893563,0.000214
9QuPGW1q9YJ76qMKntWzjuqVnKruqX7Yyj9LcpJyfpeP,85000000,0.085000000,1,1730010793,1730010793,0.000214
3W1C9JabXEfAUNB1ihkrSSipDWFBt8rJ6N4qDr54w7g7,84588056,0.084588056,1,1730120494,1730120494,0.000213
3VZ4v6DSyRsfvuY8Yz9bdaSBKP2fBxk1fe16hnVGoi4A,80000000,0.080000000,1,1729884272,1729884272,0.000202
8sy1RTuvmBcZ5TbiZsn5ZynL8JXHRiXP5CyZixk2pMeg,80000000,0.080000000,1,1729935753,1729935753,0.000202
9nG33NnFAL8z1fE46XMxdLBg2NqchuunthnKU54QfPjS,80000000,0.080000000,1,1729878699,1729878699,0.000202
BdpVW47ZduXrWjR4E8mR7oeHfmeYDrP8P7r2uaevmZ13,80000000,0.080000000,1,1730112837,1730112837,0.000202
qEBdqCMAqE5HKB2arifkbC4nRyrJ4qkee3JFahY4L7X,80000000,0.080000000,2,1730070554,1730075992,0.000202
ACcHAJZ3Le5SNUcHd2crT1VsasHoXPpqoJraczXthXdz,79626748,0.079626748,3,1730129824,1730130124,0.000201
GMmmCQwHWnDP9tyfZBNfw6GjKeZsT1MZ8kvUvyEkmGo8,78000000,0.078000000,1,1729888799,1729888799,0.000197
14LyyFzAzem2JbpwrJf2nTGV61n3G7RCoQMMmPZoptZY,75696386,0.075696386,2,1730128494,1730128545,0.000191
CxuoKyySUJyRoj9ShQgpfHbWogjTan6K1JFyayYgiA2u,71000000,0.071000000,1,1730102005,1730102005,0.000179
5hKnptgL5JQ7Lu8v2xurwmZJuskAfohWuPbZdLYTjYda,70000000,0.070000000,1,1730006778,1730006778,0.000177
7LNDJYcDKbn2hrpoLng55efNAj73aFWbs3v9nr584WYn,70000000,0.070000000,1,1730131080,1730131080,0.000177
A3KcxmZR1cfdeoSzaSzTBXVTD5boBbo6rYD67U4C2bHX,70000000,0.070000000,1,1729872504,1729872504,0.000177
wAYLUzLQzvr4DXABddmsk4eYP3VnHskK44UUVj9ib3F,70000000,0.070000000,1,1730044705,1730044705,0.000177
2mUChV4rDzts5E3DKzf5RkghBMuiFYVnymhcwfU68JUz,69000000,0.069000000,1,1729961182,1729961182,0.000174
6VQaQCag6Q3PwiX3U6AeeJasadhHBoYxUfsrxWjuThz2,69000000,0.069000000,1,1730130560,1730130560,0.000174
5wiu1k2EtRHqDyArhC2Ad5XhfKvjgYpFbaC5E7Q9PHhg,65000000,0.065000000,1,1730035254,1730035254,0.000164
62XxXTvY3nn2zhgsun4NVMCzfCpMzqbGSwYkCvkW2Fke,65000000,0.065000000,1,1730046472,1730046472,0.000164
D9N1UPMwrQh6kESsSBG9SXxZx8U7K8rzpEDmWbECFVLg,65000000,0.065000000,1,1730017236,1730017236,0.000164
APecHsMfdrDZEfCe9cSfJuNPwyR3UH5Q7H8Z8UvoWKWY,63000000,0.063000000,2,1729941510,1729951120,0.000159
FC2mHmbvwtGAasQcJnhkiPedGQqHdus8Ln6ma7u7koVZ,61000000,0.061000000,1,1729953898,1729953898,0.000154
7cpteH52Yhh8gmxnNZjZsTzJwMZYsZ1Cxt6cieWr91xd,60915904,0.060915904,1,1730127496,1730127496,0.000154
2AKTs6zhhuzyiq7Susb5ykUKwVExpT3BUu4ZQ1fLeU1c,60000000,0.060000000,1,1729972097,1729972097,0.000151
3hxeoBa5kGqy3jqSHzmrHN468aM8su9zghBi9GTptbrp,60000000,0.060000000,1,1730128991,1730128991,0.000151
5HTurjdAavg4f6aZXW6bGAqRsqSWiFVCMdYrDiSVgEz1,60000000,0.060000000,1,1729873729,1729873729,0.000151
6j51bFEryWfhwYjrbg1mTCKD34utgLF9yisfpYFy82bk,60000000,0.060000000,1,1730131521,1730131521,0.000151
6ZZLskTmtNE6rd1WsEeVQvX1gCJt3QbRBdyjJPFFjy1i,60000000,0.060000000,1,1730130032,1730130032,0.000151
7hHu11TNCZfosyM8S54t3wtDrzP3TD8qKxfTh49EHUu1,60000000,0.060000000,1,1729893313,1729893313,0.000151
AdAv89MoNedsCvK7PfCskXZYa1ErGGNQt8JyoVVRCL2R,60000000,0.060000000,1,1729878088,1729878088,0.000151
B9ysSJ5rnC5BNBMizjn4GHHbhqvNXFF51AKrvzKg798K,60000000,0.060000000,1,1730129474,1730129474,0.000151
CKh6u2G1sMM9p8KzDQrUzCQaRtkxegd2tCWo9kRXz6cQ,60000000,0.060000000,2,1729941919,1730131112,0.000151
EneayDoyHQAbPdnVHPqtSChewisdsJD3rQKDTKMiSQ13,60000000,0.060000000,1,1730046808,1730046808,0.000151
EYvmc1vFsZgW1BRHDe6B9eUteR5vEqPs5BvSK8axVQmU,60000000,0.060000000,1,1730130898,1730130898,0.000151
F8C46GxS8pcGeTZo1BgrvtpTc6ZErKsqzDNqMVonsP27,60000000,0.060000000,1,1729878036,1729878036,0.000151
FDpt9DemhVWyNc2oS4nm3DkhghKeddQpx2K8WfsiDk7M,60000000,0.060000000,1,1730034157,1730034157,0.000151
G6yCv4T8PXzPoL86uR5JZCrY2FezXgvkzgW3vVA7GfTT,60000000,0.060000000,1,1730080605,1730080605,0.000151
GiLZTrzsvXp2V5qSkToR9RhRmJh5VxRw9qAAKz8n2N3A,60000000,0.060000000,1,1730047495,1730047495,0.000151
22vuiFWqiLNwsETMEJEXvWrRCDnfPh1k9rHYwRLrFtYj,57971014,0.057971014,1,1729873688,1729873688,0.000146
EMUWbrxathvukhtgG2v921DYyzQPiTdtnZEymjapruBB,57800000,0.057800000,1,1730128607,1730128607,0.000146
H3rA98hMMu8SxCnMSDTm3YmpcPHrX6kUEtp32MzRJx7g,57536406,0.057536406,1,1730128533,1730128533,0.000145
FhnATe3aR6b8RACsnQ7iQMTk8o493Pr7C68qKSFaUjfw,57500000,0.057500000,1,1730130892,1730130892,0.000145
7oM9E5snc56XaFJhosxQjcadQrUAYdjPLYZCXqU5RKax,57395397,0.057395397,1,1730020526,1730020526,0.000145
8nUS2h2qM6uGYmWmHBhpmKqHCDmg2ogNYfSNMquqWudV,57000000,0.057000000,1,1730117472,1730117472,0.000144
GUmaUawsjrj63ro8EK2Qsf5iRV1xmRuFTrawq1KEHvq1,56905480,0.056905480,1,1730056282,1730056282,0.000144
6K4cKoZChdEtE7Z4TgiitPkSDJ8CndDharkkZLVKpyxr,56586691,0.056586691,1,1730058875,1730058875,0.000143
2VWd5oxJv8XriHXGWE7A2NvC91AwHdxp62J55xmVnXpc,56499067,0.056499067,2,1730117911,1730118563,0.000143
3yT7TFwadLXZxBdZd9vjxafSurqL74VUFV4xwe4hxFXD,56392037,0.056392037,1,1730120031,1730120031,0.000142
FbKPPSQuteCAqEgxzUMZDLJjQUeHMFrHPgLRw7o6TtSW,56000000,0.056000000,2,1729961729,1729968395,0.000141
GhshCzJtNphN2YbwtfxhmDPVnizkkQ6S5FHRzvQ81cbC,54633494,0.054633494,1,1730118507,1730118507,0.000138
8xLotiTT2G9fdDnvM1C9dhc3v4GCjwcw3Pa6BavEBpWs,52863738,0.052863738,1,1730126540,1730126540,0.000133
7vkkpdF72ujXwzn2v4K79oYkmfFMLhasdjkvzvx94ydT,50718512,0.050718512,1,1730120176,1730120176,0.000128
2mMiypeQacs7giHBMem7dMddzvuY8ANwR45dMrAqD686,50000000,0.050000000,1,1730123790,1730123790,0.000126
2WJRM5EXXzBQrJxmpD2zEnydRakGF5aSVdLYzr3h6gub,50000000,0.050000000,1,1729897413,1729897413,0.000126
35n9z5ytAEN6B2QMFRnuSEjyQpiFyK75Zu2bztJT2fye,50000000,0.050000000,1,1730123265,1730123265,0.000126
3ntvk74FAADtvdEdsVDkFXWgdefYfkkAr4PCQuKSfUrA,50000000,0.050000000,1,1730131390,1730131390,0.000126
4TqhXB3d3X3d4NcVdtPaJaha2YEqFCoMmzdvTuVeZEsp,50000000,0.050000000,1,1730037910,1730037910,0.000126
56ZgWV9X3HZyygxwPZkrZTJmfBL7kNUdpRAEMi1VYU1N,50000000,0.050000000,1,1730119393,1730119393,0.000126
5E9UvqX2JcxGuVVptBpXHZS9KJ37BvJLV6nFQMRfZsKL,50000000,0.050000000,1,1730131102,1730131102,0.000126
5qDyBNoNPKqisQeYXeBuiJF9KqT66cvhGNLkRcwCwqw8,50000000,0.050000000,1,1730061972,1730061972,0.000126
5SsgyrehxX2sdsYnynR6vCLRSXCLpLt3uU6zsoC9fqa3,50000000,0.050000000,1,1730115121,1730115121,0.000126
5yahQHwbwCpGM52o5bLp6coqD37FEzkcT9RfZ1EPimiK,50000000,0.050000000,1,1730131547,1730131547,0.000126
6XsBx4dq4mKUniiEMBJnQQirDQPeBE9sxCNbXLT11b2q,50000000,0.050000000,1,1729878902,1729878902,0.000126
6zTS1JTEneHbTYqYzCATpcv5cBqT8L6FfLoUDLeJJLAX,50000000,0.050000000,1,1730115106,1730115106,0.000126
75PKFQU4CRjTx6Ta9yQessUgECX2293A4nkwXRHzmT4T,50000000,0.050000000,1,1729890178,1729890178,0.000126
76TkBsyW8RcPtyEpeEkexvRa1RiPWxKpzdKvUnygoKwr,50000000,0.050000000,1,1729874989,1729874989,0.000126
7a9hpKvEmysj1oqhr4v1ADkHGKAnF4WE3ZVmT5ADHSrq,50000000,0.050000000,1,1730130853,1730130853,0.000126
7jTsuwE8b4upqbibuB1S4zGehgyEPfwwTsQyKgaVjVga,50000000,0.050000000,1,1730042073,1730042073,0.000126
7yums1mVJiibYqbbPi9G9eB8Qi44CRTm7oPRst41326o,50000000,0.050000000,1,1729918260,1729918260,0.000126
8BdC1EcgXks3Fj6XSuzNfGMDB5mH8bjDcj3AD2A3S87o,50000000,0.050000000,1,1730131411,1730131411,0.000126
8bJRoBUUy8Q1QXu9uwarQLbweAKCLu9Cbs84svp4XsJS,50000000,0.050000000,1,1730119994,1730119994,0.000126
8Ts7mx5FakRYcgpewJnwiH26sAKfx5h1VzKahoybQsCY,50000000,0.050000000,1,1729960355,1729960355,0.000126
8YtnwXTnq87go6zR2c4Bw9TPCTo1x4Vxd1inx7pF79jx,50000000,0.050000000,1,1729890161,1729890161,0.000126
9SCxyTJrSduGGf2TUXw5LTPBiJHcDKSKERUmZ31uAYo7,50000000,0.050000000,1,1730126873,1730126873,0.000126
A5mszR7k2e471gfiQDGBjmJ1U9qkJLBC4wvVjkqJeNcR,50000000,0.050000000,1,1730037173,1730037173,0.000126
AYBqAaFQhB8QdCwty25u3sNBg3aQKrYW69sVgKGAQjrW,50000000,0.050000000,1,1730065101,1730065101,0.000126
B47ArityYVjqJztR29BgKFuQN12BQfZgYVVGAgkG6wLA,50000000,0.050000000,1,1730082816,1730082816,0.000126
BFPBck6XZAMDw7WaqmMHcvYsuFvC3gThsbSrqf9VhYSC,50000000,0.050000000,1,1730037836,1730037836,0.000126
BNoheR6konQGMNCTYUxkLd2iR3dh7WH93xV5HnMwFafX,50000000,0.050000000,1,1729964584,1729964584,0.000126
BvhmtNLRsKxXvfVnyvuoZJkDa8kcjVqiwJSMjJAsGsbX,50000000,0.050000000,1,1729889993,1729889993,0.000126
BY3d1raXQyor6xJuzLjUX7MSb1fpDtwvcSoxVpU2icUv,50000000,0.050000000,1,1730128594,1730128594,0.000126
CCsUybjMv5zcyyitRiQNKQ7Ehr8cWGKYqms8mNY6H5qA,50000000,0.050000000,1,1730123931,1730123931,0.000126
CXcrdFV4LNmU6do7FK3f7AoXbbCGFhEHNZPCeNDU9WHm,50000000,0.050000000,1,1730044442,1730044442,0.000126
CYxKPWrUp6oVyM7iGDztZZ2eGGPwvvKmBRZyUs6w9pUv,50000000,0.050000000,1,1730127020,1730127020,0.000126
D1TsQcqPYtrarMNjm9gWoRzn1LoewPmuBjwXzC99Snd4,50000000,0.050000000,1,1730000958,1730000958,0.000126
E1R2jSGij5g4Lytc7RGFD5uGQrYsD9TeNGDQb7UT6dRK,50000000,0.050000000,1,1730069587,1730069587,0.000126
EEJ2qFshACtqz996HoR7AnTVpHdjFFsTStb5xBnT8JC3,50000000,0.050000000,1,1730118750,1730118750,0.000126
Etot2RgVyZ1D11z1cUv87UDgoUdngRVAyKGF9QiDCmrb,50000000,0.050000000,1,1730130573,1730130573,0.000126
FhZXfsXX7zNwc2NS9AZrJqhUwB2kkpJovk7yYvHec3YM,50000000,0.050000000,1,1729943745,1729943745,0.000126
GeEnXugHnmJUMhzWahh7anVmBFonjzPYniouVQnNwQiL,50000000,0.050000000,1,1730082041,1730082041,0.000126
GHXspsB7KvSXyGTp4s5CndvxJ6TRugTzxuEtTEntLwUd,50000000,0.050000000,1,1730116253,1730116253,0.000126
Hycg3qBDmZE9LCHx2B8rAMFsMcCuxz6nBxH85TGTNzdN,50000000,0.050000000,1,1730126574,1730126574,0.000126
vKEfLS2buY7ntPv2iMEbLZXS1jeGnADzCMCtLY1ERrX,50000000,0.050000000,1,1730115088,1730115088,0.000126
WzGCtzFfaoi7DwW4tR8jd8BbVvsFPwpwvytZgTSrfxE,50000000,0.050000000,1,1729993904,1729993904,0.000126
XDUhYqZs5LAjHxEszrpKw68Ez5cWkNULcYXSHQRpEoH,50000000,0.050000000,1,1730036963,1730036963,0.000126
CsvcxgTVC5kjrHD1RysQV2hg9grmYb8rsZCA18PqNvjv,49985000,0.049985000,1,1729927905,1729927905,0.000126
AQ9nEVLTE6LCkUn3KZXJ26u8QE3ibMM9TfUbKcCjANph,49205669,0.049205669,1,1730032388,1730032388,0.000124
DhspEPTHKGt9Ww8HyLUF5Nzv85RZiXwmY1QW7vNDAzYS,46686693,0.046686693,1,1729972108,1729972108,0.000118
3t2tpzJrH9BVxg2nsyZJa1iz5voFDFFF89xo5suS5ptx,45000000,0.045000000,1,1730126379,1730126379,0.000114
A2kU8z2FvziP4BCoFXpq6P3ATGd1w37G1Fdbyppt8Km7,40492581,0.040492581,1,1730121370,1730121370,0.000102
2fKj69AweBgsvyv9kSHPdysKBfD4irGsAEFH2kGn2y6B,40000000,0.040000000,1,1729894565,1729894565,0.000101
2uSz9w3WCQe6VU3WeqetcjnbtrruvT9AJMbzMxjxshjK,40000000,0.040000000,1,1730126783,1730126783,0.000101
5eLQs4QGZbewQiZr2MKaFfDsG9xBmPv4UWGioBh5ieeY,40000000,0.040000000,1,1730121254,1730121254,0.000101
7WZBMG3raK66xBc7dTk6XcFYJ6sgq9sJ4a2k18Rtwb2F,40000000,0.040000000,1,1730131791,1730131791,0.000101
7XUMXqoMXxXsrFJMjVyhS5zig5XShgoEv1Eys8wqwjjg,40000000,0.040000000,1,1730061186,1730061186,0.000101
A14KKHZsJSj91uzcxGY1edA5ar2PZgbNTt1eTY21ZL4b,40000000,0.040000000,1,1730037013,1730037013,0.000101
EaDZbnm61YygaYagswYfGmNXnuCjqftonEP1K5PJsFo,40000000,0.040000000,1,1730048666,1730048666,0.000101
FAGCNbB1dx9M8c5WU17Q69qDmwTTBL4nbQACAtmpEz9a,40000000,0.040000000,1,1729962371,1729962371,0.000101
Fo4CMXGvjVX7sL9FHKFkYk78WJondVuxoYwKvy7TQTq5,40000000,0.040000000,1,1730020921,1730020921,0.000101
Go6MDuMYJu5rduN8tAdvwA7GrbwKY6LfYcy7cuNZvcBE,40000000,0.040000000,1,1730082175,1730082175,0.000101
HBnYBtqjtajArnc9sfsR2FoigzTJvf7VPPjH6hPaLrbg,40000000,0.040000000,1,1729935232,1729935232,0.000101
HiN9jQPcCwQby9xSttEmEz1AKaZ77TUawtqFnar83BvM,40000000,0.040000000,2,1729878652,1729970942,0.000101
FS8g6XPX7D89n4QP8kux89pyTsK4Lez3ECun67eSsgmf,39979296,0.039979296,1,1729935619,1729935619,0.000101
AApXuRvUeBR7WuKuGUnC8ec4vX7sdAsGcZ7yu3b8xfjG,39000000,0.039000000,2,1730130146,1730130208,0.000098
Cp42y3GGLyHCRqeef1XTkGdtk97THuf6C2S94fKBALEr,35780309,0.035780309,1,1729955190,1729955190,0.000090
Ded6qvFwLBET3yVZwtkC6HafGTdKCnnsFypJGy27sJfM,35000000,0.035000000,1,1730130592,1730130592,0.000088
69fwtkjJQHy5R4U7xZpo2RgxdrJ3PnJmUjc6rNnPEEjL,34600000,0.034600000,1,1730128886,1730128886,0.000087
2ZWkRSLhE3uBDJtiX87EuLU3PHpB4TFXj7a7LMFS55qo,32966500,0.032966500,1,1730069472,1730069472,0.000083
G65CeVbbrpkVUshRxLV3sJbCiFpDArL7YvVQbqvKBMVm,31415926,0.031415926,1,1729904398,1729904398,0.000079
2Zmabu6wfo4T93dyk1Z44y14H914GJCDM84co8rs7Sve,30000000,0.030000000,1,1729962966,1729962966,0.000076
4tJGyWYvHzA3SP2S5QwvX4RnAiTETJiMJnpeEXNCdpcB,30000000,0.030000000,1,1729883209,1729883209,0.000076
5PCnNanwwbwsd1Ry75oUPV1kajozudxu4nfPP4UaAuPm,30000000,0.030000000,1,1729882950,1729882950,0.000076
5xLnd3uvdzba1oLp93oCdFCydyFikHarhvyMuf6HJM6T,30000000,0.030000000,1,1729884596,1729884596,0.000076
7MYPavecT5xELPy1WicT1mFKGuZcaiNEMYcYSXVD3AgM,30000000,0.030000000,1,1730081372,1730081372,0.000076
7Q5CAHQwMeTDUKPjMNaFk22c1AC2JsebhYSgHLzhssBa,30000000,0.030000000,1,1730123649,1730123649,0.000076
ABsr9zYBDrewAF4zE1s1afTrVLbXxDbkEuaQ812Q6EMa,30000000,0.030000000,1,1729941715,1729941715,0.000076
AjpAGxYh2aBqpXze2P8UWnmZC8ToXRE7p7R1DoB5duuR,30000000,0.030000000,1,1730116929,1730116929,0.000076
ALABeA2myrzevTCJYHGfaLkYMv7SjybXgVD3V2bPoSP9,30000000,0.030000000,1,1729971244,1729971244,0.000076
AuxNMAw5ryzxuoabivdUbh3gebahap7C7FBcnpwTpnTx,30000000,0.030000000,1,1730127828,1730127828,0.000076
AvdBEn3TUsiL5Bv12XPVjZJ6QPM33LUmmJGuhr8uUAw9,30000000,0.030000000,1,1730058303,1730058303,0.000076
B3k3j9xzWJDvHr1z3qiWycFtbdUgerPdW7YYGoFD27Qj,30000000,0.030000000,1,1729973962,1729973962,0.000076
B4B7hrVhybSVFVAjMmqUZCkFan7Qw5cgsHyXtZmwA5nU,30000000,0.030000000,1,1729873490,1729873490,0.000076
BA16BZ34eTFkuRQqRMb84hrn37CQ9eLTejeeF2yMrSMY,30000000,0.030000000,1,1729894683,1729894683,0.000076
BBnNEGbUN1t7hSGyohkptNExkpXHDrfhR6MWcFHPRMiG,30000000,0.030000000,1,1729896838,1729896838,0.000076
BfBJSAfVmneG1b2ftBKqgcUwmoUCp6HvEHArTZFhtEmm,30000000,0.030000000,1,1730061092,1730061092,0.000076
BSibfyskThofqKb5iGSAMBUUjM4gqSckzZZ1YN6CvJrp,30000000,0.030000000,1,1730117197,1730117197,0.000076
CaqY1UZpgnWGWmQbBMbnkV6NaqgUPX4PAHJSdKFRZtTS,30000000,0.030000000,1,1730126396,1730126396,0.000076
CRxvnGDKeKdP6fdhaaGGgCkT6L3uCUKfJCSizZSejyfF,30000000,0.030000000,1,1730088255,1730088255,0.000076
Db6os1MmJTgcy3LW16SrNdXDprbAHz9r4HzoXnj4VTry,30000000,0.030000000,1,1730110444,1730110444,0.000076
DonayhTbG9rbqKZHQa8w9UFohRkmWtHyrGNsdiS6wfdh,30000000,0.030000000,1,1729878139,1729878139,0.000076
FiBYMoxDE4iCCAAYKZVGSFr7UqEhSj142FuNZAfLhBfT,30000000,0.030000000,1,1729998795,1729998795,0.000076
Gp2Wd7ifbzQBUNkecVvBdomsPjjFbCPYLpUhsTBasRFC,30000000,0.030000000,1,1729990723,1729990723,0.000076
HnMcu5r4aKsdTRtCPPLtFNZSxPYSh8TvCqba1RQMzmCB,30000000,0.030000000,1,1730117334,1730117334,0.000076
DyX5sCjsDakkug75Q9iKV15gLqPhse3YNzJHD2QPmD2A,29994001,0.029994001,1,1729923929,1729923929,0.000076
5gC9Jy395fraPLk2xnzTuYKMK7YsL7bh3L1DNEqy1s9n,29130739,0.029130739,1,1729979469,1729979469,0.000074
AAomv6M3BkChZBrR5Bve5VGXCmVBadKSeurVdTYiUpo3,29108797,0.029108797,4,1730133168,1730133313,0.000073
6UdiwhPijy1ftwJVsoi1Rs7wxCUqfdGsojAnnGEggcoL,29100000,0.029100000,1,1729973513,1729973513,0.000073
ENuwMzQxVHp9Hc5obRYGm3oPHZXDRkzHjUbeHrFRKXWG,29000000,0.029000000,1,1730044660,1730044660,0.000073
GSTGwUmKhPgGZFUUSR4YF89DDDxdzAiCcbHW4UxrT4TM,29000000,0.029000000,1,1730131321,1730131321,0.000073
9qPqjG5K3AAezgb8a1zh6eSidP8tV12Quta3Bh7MRjSP,28980467,0.028980467,1,1729875285,1729875285,0.000073
G1crxzQyQdbi3nVWXitNrqiPpDtiZFCEeCSymjTvdR8o,28900000,0.028900000,1,1730029577,1730029577,0.000073
8Xg6KKpFTdaPYf7aT6Dp8VqLZ28vwaEvxqRMkNgt6qkk,28752156,0.028752156,1,1730129355,1730129355,0.000073
AoKpca7VQJn2jUp9hdqhADg4ZfhpCvNa7HTxLSr8nBY,28729028,0.028729028,1,1730131142,1730131142,0.000072
CC4fRcgSLwijPpaHYfrDmgTvvKbGTvYh2ob5mNtCqbKs,28700000,0.028700000,1,1730130698,1730130698,0.000072
79C9SEc59pwdV93c2AvyjVzG8YypLDf7v5LLeNNLTjUD,28692758,0.028692758,1,1730089837,1730089837,0.000072
3irWv3nV7mZS6idFyVE9eqyB1Wwy8SxzvbLaszPDrarf,28631965,0.028631965,1,1730136803,1730136803,0.000072
AFNBN3qaH8xCDuGXUmNYSqGcR6zHzeqvP8hbHPHjxnWP,28499772,0.028499772,1,1730083154,1730083154,0.000072
7U3vHyrBpRuGmL93XqyxqeDkpRjsf8f5mhKprBJmNYLG,28347885,0.028347885,1,1730042034,1730042034,0.000072
FN2KwmFhVVEWmQQy7G8kFE5i69zEiE5c3jAi4EJ5G1hc,28314174,0.028314174,1,1730117911,1730117911,0.000071
7obJqqnkK5b6qQowfKKB15xLXLoucgF9WPE4cZGfno3B,28288543,0.028288543,1,1730117240,1730117240,0.000071
B7gRJtjQe6UYYNUCPwatUJdo7wjLZJxy3sta1Gz6Fo8c,27500000,0.027500000,1,1730128702,1730128702,0.000069
DeoFnkRD7L6TXUdZfKLHFxuYzFPLpU8XdfsxrqTi2r5U,25000000,0.025000000,1,1730118869,1730118869,0.000063
E9rKpxxRMcjDRKupPHeEEtdJwLFHymiNviSiXGbA2kot,25000000,0.025000000,1,1729940428,1729940428,0.000063
GVS93dUdVEpdaS7Y3U1r4GztP8vVmT1fqtjtTd1e7GqN,25000000,0.025000000,1,1730117530,1730117530,0.000063
5DU5LtxDKKVhPV6padPotV99Jnm6RiWN22fZ85KVZtKY,24862316,0.024862316,1,1730131148,1730131148,0.000063
AhMW19tvX4gznWQfZ5vSSQb6juZ7c9UCYMuBcRvET3Vi,24091006,0.024091006,1,1729957612,1729957612,0.000061
5yGnxS8sg9na4mCCjtVYCEr7vyGws576GYxFsJzGzxNv,24000000,0.024000000,1,1729956739,1729956739,0.000061
HXDihuPhTsjPyFhQVmP4V7E4KpkDhWEpJudj6rd7FHgX,23000000,0.023000000,1,1730126272,1730126272,0.000058
669qq7qUFy3eurmPTCzKGjTYhExmXoFbDsWkM38GFS9j,22000000,0.022000000,1,1730008495,1730008495,0.000056
2UJG5XZL2FcAhnAuuJ9pDxUCqqPTQfSAyYEwdjtiFgV1,21000000,0.021000000,1,1730121199,1730121199,0.000053
ERzaVaZT5PjHpbaqTSToxgeXr8fqrWfiyZcc5YGXo1Xm,21000000,0.021000000,1,1730130333,1730130333,0.000053
9sXNoQuQAqS98swxj4W7zHWdK5VY1MfSxWdSmtyLrbEm,20226976,0.020226976,1,1729962027,1729962027,0.000051
2qrM86A4n8JuHHvsNHHPzbz9YF4S9m2ci5rdjTGZRs6v,20000000,0.020000000,1,1729876691,1729876691,0.000050
31nW8k61oQGH6d4z8BL9c7PjfH58BB9UrYab5ReetsJq,20000000,0.020000000,1,1730114446,1730114446,0.000050
3ajA8JVDX3PxsazkCY24bwnvBEJVoTHfvezogvz36zYP,20000000,0.020000000,1,1729986011,1729986011,0.000050
3jCNH6we2QUwHyEXwADuN2ZjgaF1d31hwC9FSFB5RwHE,20000000,0.020000000,1,1730128337,1730128337,0.000050
4bgV5WVGfN7toR4nRgQWtfmrgc3dbbyvi2D7yzy2uJ5J,20000000,0.020000000,1,1730131205,1730131205,0.000050
5e94eUr2RTHQRhoi7fjX3pWPv8CQccsLAx3EGLLN3gGH,20000000,0.020000000,1,1729926153,1729926153,0.000050
62yqoLb9G1wXcbzJXG6QDhTkVhJUKLBbWR3Q2dJ3pxrD,20000000,0.020000000,1,1730081020,1730081020,0.000050
6BmyGKGJvFmvH4Z88HQzimKubygqfDhYWPTqNKN2TiXn,20000000,0.020000000,2,1730068403,1730133700,0.000050
6qJDULVgrXpkeULTR4RmBDFZVUNFRtxbpM5UpfZK8dUT,20000000,0.020000000,1,1730049339,1730049339,0.000050
6xZWiA9R7DtXeJpAAwGiJrj3fbSEqKhoN3Qp2VDzfXAN,20000000,0.020000000,1,1730050031,1730050031,0.000050
759CP2YaoBpJoUszG8K7b3SHQaFHV5vNX5t5YnarkJus,20000000,0.020000000,1,1729990623,1729990623,0.000050
7hiAeyMMewp7XP6VFjB1jc8Z45vyNmDZ4xQefy7cCPag,20000000,0.020000000,1,1730127043,1730127043,0.000050
7k4PvMfyzn9Rd1pYHZtcdB8Qzi2aPnPY7LTmtBhKGtd3,20000000,0.020000000,1,1729995291,1729995291,0.000050
8VYHSQE6gKGLhJsCKZKiRMoAFFu3FSUrX75DKZoo2Wy9,20000000,0.020000000,1,1729931915,1729931915,0.000050
9EMSazw6zvqrByZh2SoLfqtdaRCTAWsWqD7ETaG6SjpL,20000000,0.020000000,1,1729893369,1729893369,0.000050
9HT972LALvqYqHmjbkEKfvpdNsthnrF8KkdWjybS7Xkw,20000000,0.020000000,1,1730117233,1730117233,0.000050
9ukULvJSf1KqnkabL4f3STwQj1hChnM9rHX3cFgijViB,20000000,0.020000000,1,1730044617,1730044617,0.000050
BhkjKfEnafGxQCTr37NECYdinpRWjTJj8v5qHrSWzP6,20000000,0.020000000,1,1730013717,1730013717,0.000050
DdEkVy2QcQv3mfHVhqPQGzG1QrVyyQRovGi49uahGC2x,20000000,0.020000000,1,1729950229,1729950229,0.000050
De94jJCHopgdokRTU5qCb4G92jkJxgjWMsCgnwsePi2i,20000000,0.020000000,1,1730131559,1730131559,0.000050
DoN3JJLSKwEXx7b7Y18ye4cHHXzKiWrCoMfjLACAd7BU,20000000,0.020000000,1,1730130927,1730130927,0.000050
EX9FqXrRCioumHeaTaHgLUY9jL6AJVKMQFHBoAPZUMvu,20000000,0.020000000,1,1730050457,1730050457,0.000050
kUtQi2WD1xemizsf8hzYDg56E7mKF5uEDEo2wNgzVbr,20000000,0.020000000,1,1730123338,1730123338,0.000050
58cNYmUFHwLkhnTW76hn6jUEckaYGcuwugGt8UTbbwrj,18767745,0.018767745,1,1729931191,1729931191,0.000047
yXiMN6XMnrVsoTScQKT4PWuE1EitWuPLtiVQ4uYXSgu,18000000,0.018000000,1,1730021923,1730021923,0.000045
Ar9mvfjmms6HqPbk7P3hP25xEhhQsfXgxrX3BguJtHxR,17700000,0.017700000,1,1730115925,1730115925,0.000045
EFwf1zVTL1U6MBG9ryLH5NV3XTwRVo8P6A91P1q8xJaP,17450992,0.017450992,1,1729876561,1729876561,0.000044
6TdxgDen9RNauJvZqSGt26uUVrtYXZj1k6HiG1gZdftN,17000000,0.017000000,1,1729953226,1729953226,0.000043
EMQZcqEnacURCmUAmJuC69cBDWMDmjymWHqPGX8Aw5Rb,17000000,0.017000000,1,1730119851,1730119851,0.000043
C22ZbP6x3Mz6W1W9qEwZ6cLJWv9oWviXGZC97XVZvUZD,16968326,0.016968326,1,1730116797,1730116797,0.000043
7VAEMWgynk1WA59dH9ELMm3BHsR6mxQX2LdtvDm1B5av,16962569,0.016962569,1,1730118018,1730118018,0.000043
8i7TxYZm6hiMEZUTY2UPHdgboSDv9ks2Dno1YALAbviT,16682473,0.016682473,1,1729931120,1729931120,0.000042
12RvmXXBZK2XZL1xSeHwkqWjKzo4db1gwx4XqiyzCCU,16514004,0.016514004,2,1730141278,1730141293,0.000042
7HCWcYyCdqshh9L3QoC69heXGeTKvNSzH1yjSZcVxmhk,15626915,0.015626915,2,1730131107,1730131521,0.000039
CevsGUEG3CH7XovsBGobskfi3LpxRu9HcYLmsZrfpVy7,15000000,0.015000000,1,1730069476,1730069476,0.000038
Fsu7PFESDYf9hAramB7DM6zXzg6Qvcu1JxbBM8PFtRuV,15000000,0.015000000,1,1730132516,1730132516,0.000038
W8ni1TW669UcPWsF5ccqztjRbY83koR8BiX6K4iWvuZ,15000000,0.015000000,1,1729946850,1729946850,0.000038
WgKjJrPuoyt1LPTQWWR16aAzq7iWnPaxKyxJxxh96k9,14990917,0.014990917,1,1729940720,1729940720,0.000038
8j1fEfDiZnjUd6ngSuk4AQx9iZPvnJRR3oYXNtXC5cYD,14557736,0.014557736,1,1729876749,1729876749,0.000037
31pT6wdcAcPYvfYGkCFMDjAKDT2BMHVPfJebPsd3Xv3c,14274960,0.014274960,7,1736447879,1736453215,0.000036
41MPacQaR7dAGvYNQ2zL73YzVkRehkjkjXRzChPcTr8y,14000000,0.014000000,1,1730125753,1730125753,0.000035
GzPFCWPvxpuGcFTsdb9itWc3jC1kMzzhxhLvbGjXdpMS,13671423,0.013671423,1,1737570048,1737570048,0.000034
ACqejkcuP8c7EkEaG45mpG6FKU2PW1wNer96HgWXmGJY,13000000,0.013000000,1,1730125628,1730125628,0.000033
BTVxEPx4TPXbQKZVxspZi5v7hDSwk4Hax3NUqTezpwnD,13000000,0.013000000,1,1730048007,1730048007,0.000033
5pumrRee8jo9hVzezgGbFvVA1xVE1BbzJpyh9iJnMCTt,12941213,0.012941213,1,1729934480,1729934480,0.000033
CG86rrWUSK2RvmxVhR1BVMzskJKKPscUzP8tGhXZHMC3,12500000,0.012500000,1,1730125655,1730125655,0.000032
NkscYmTdWhUhN1mWqeJ9tNVZhHkrwC9jHFGaLZtUdGC,12477119,0.012477119,1,1729933586,1729933586,0.000031
6iKs4GoAnLdBovYtM8t9AhQaYzn9ncoxsMynCFUp4aFs,12400000,0.012400000,1,1730125671,1730125671,0.000031
3bEd2Xky6fR1C5QJMBeouDnLNRnZXRDdP1LNsawXV6EX,12300000,0.012300000,1,1730125740,1730125740,0.000031
46wyfXzVg4bfrVREwS5EdnWvzERVgTE1de1Cuxvqpq3N,12000000,0.012000000,1,1729881889,1729881889,0.000030
Ax756F5V2TK9AmPJfAeHsyvWhLGijSxJyB4aVU4W7bMB,12000000,0.012000000,2,1729945763,1729945784,0.000030
FUb2eiAQJ8vkPn1Dgnq1neo6bMURTxpCVMLtgZiqrKtB,12000000,0.012000000,1,1730125569,1730125569,0.000030
LYxWoLpWeRSbyWuPpiiDEqLKgmFZNaJxFTq3EmBZ218,12000000,0.012000000,1,1729949838,1729949838,0.000030
8kT1AUSFAhTgytXWdqi7BftsuK1rU9WnysehATQYZMYL,11923925,0.011923925,1,1729953607,1729953607,0.000030
DgqrK9ZuYjJVJ1LM97zbqKHaKzUKuaXbRoWRQPeuhdbT,11882129,0.011882129,1,1729945908,1729945908,0.000030
CvWdcHpy6iS7GXKKytjmmpcQNy6S2mD79RjuiHEv3MSH,11855365,0.011855365,1,1729883337,1729883337,0.000030
EfUuoEeAVTYfFPv5DZADe3T99TkR7qU2ZivtoGMFwzn5,11813349,0.011813349,1,1729940225,1729940225,0.000030
EYFwyi9BEm45MSXi1yXSBmuh7Er2oTEM91jRscnkXFPJ,11691804,0.011691804,1,1729876830,1729876830,0.000030
98Cdu7mcd6F9ciSE9DZd8hpJDCAZeTej2iSrCwiumG7e,11500201,0.011500201,1,1730023021,1730023021,0.000029
Cn8BZABGqVQ3PWc7qFwawgWB5sTfi1DwYCeYV9b9iKik,11500000,0.011500000,2,1730128965,1730128998,0.000029
83doAM772ZQALcykfmBhufCzb5LeKxVqRY4uksG4uZ1G,11478421,0.011478421,1,1730131048,1730131048,0.000029
GReRvGtVmk1z4vYFyvVouxQs428p2uqeVuPeybFdYdiC,11308380,0.011308380,1,1730117005,1730117005,0.000029
Hb6XP7BzyAxqFu5nf7bTqs9Z87pvqLvEHEQ1NUGo8CUe,11293692,0.011293692,1,1730121221,1730121221,0.000028
keongEmD2yC7cvQf8rYngDMyewJGSr2ccYFqEp7Va5w,11100000,0.011100000,1,1729908095,1729908095,0.000028
6VA4XKH1LgGHfizyU4A3q9b3vshjZUTnx1fBfKVJwPUb,11000000,0.011000000,1,1730121684,1730121684,0.000028
8BvtWTnHA9jBXNgAHvLDkuqvFdXFS5BJX8TabxhkqNZv,11000000,0.011000000,2,1729963106,1730131240,0.000028
D4mFz2ZQYp9FWmDSKaM2CRT3p4seKjB87o84ivyqdqD3,11000000,0.011000000,1,1730125617,1730125617,0.000028
EfrpfsVUSGnrmnWnoNyE5ViSYUzjzdRNkXn1s59MDjnY,11000000,0.011000000,2,1730081311,1730081330,0.000028
HchJR19vECNFhnboKoAdA8YZ87dMF1rqvL9CbPy9v4h6,11000000,0.011000000,1,1730083111,1730083111,0.000028
Fsd55pdd81QqBf2vNhte4onCYVqpdGrGatBH8Kw8iD13,10690000,0.010690000,1,1729897707,1729897707,0.000027
4iS6HK7LYx1vttupRswvbXMtHJxUAW7HHNzzMpGsdwyX,10100000,0.010100000,1,1729959060,1729959060,0.000025
29ZwrPVp1T3zSG1Z8Zz2ALWTetEhh3sqeb66vHeHunNX,10000000,0.010000000,1,1729896750,1729896750,0.000025
2byxvD8hhSvsE82DuDNf7p4SC71K41NH9uXqdBnYGErB,10000000,0.010000000,1,1730075375,1730075375,0.000025
2CAuTjzJ5pbZgXj8n9JbwvvL2uNjnf7cwoPESYA7mT48,10000000,0.010000000,1,1730075760,1730075760,0.000025
2LQS4Atq2Tf6dc5ee9TX4KH6ajS2Fzw7F5kzYh9Bif8o,10000000,0.010000000,1,1729958516,1729958516,0.000025
2ruz2TxXs5K7JLhvzHhYCecrJmj6nQCYhYPwGakhLSrn,10000000,0.010000000,1,1729959014,1729959014,0.000025
2UymATGK9RwDgsQwGcnuD3dVuy8hG9FhXANBSy1XCwzU,10000000,0.010000000,1,1729965449,1729965449,0.000025
33fikmG3wFzuJb7icJZicft4B3AWievQuXTymXDNygad,10000000,0.010000000,1,1729948774,1729948774,0.000025
37vzDJRTrbXm3qyk56XAwfwRvTRAG9mdNta24HzYUiAa,10000000,0.010000000,1,1730006100,1730006100,0.000025
3FhAkeJjArjKPTX3d8ZLqyjM1quBAKxu5vgGJH9mJ8KF,10000000,0.010000000,1,1730048599,1730048599,0.000025
3MhjZjNvUYCVVFK3M7TMu2BH4SagiSkbxL4mhi7PKWDr,10000000,0.010000000,1,1729923954,1729923954,0.000025
3r822nRbe2rkJYUaz9Xsvzve5LtwfkLL9GzyJaMugDYg,10000000,0.010000000,1,1729948560,1729948560,0.000025
3Se5Hnp5mUsKkjeLaBnyvru1hpC4wKJkoEQWYDAwVwTE,10000000,0.010000000,1,1729948804,1729948804,0.000025
3wc57hAVA4ax8eJFYcrSCLZuADFbiWwRL9HDWmmRRVgf,10000000,0.010000000,1,1730081465,1730081465,0.000025
3WCfaBjyqneRQANPGqKYKCvdyjF78jAfZv1UfakHK8Lp,10000000,0.010000000,1,1730084377,1730084377,0.000025
3wpcjnAzY21LZj5UACncMtDKoTh8iR2DbmCyVCUzSKRD,10000000,0.010000000,1,1730130254,1730130254,0.000025
3XqWFJXMJcGPZbB1koSgny9sxtffqjFy2ozTU2Gmhzaq,10000000,0.010000000,1,1729946300,1729946300,0.000025
3XyyhXRHhsGGeXtHtZQPuFP8hDjGV4xfn3QZ9G6drJ6M,10000000,0.010000000,1,1730081233,1730081233,0.000025
495iqe9FEHKPhL2i4VmjgkmxSQUPRFUCqMd7kcvF5MYn,10000000,0.010000000,1,1730096145,1730096145,0.000025
4B5wQU4C4TCw71JL5uiVqQeVwwyPdYMLoF47DPcovj9q,10000000,0.010000000,1,1730025016,1730025016,0.000025
4ENNYBvb1xQSV3YR3RpFjzD1kT6hWFMMyph8SuudfAcw,10000000,0.010000000,1,1729952669,1729952669,0.000025
4FFkATsY5f4mgC9oWX6yaGeWkK6D5nEpJGBWRq2qAtTN,10000000,0.010000000,1,1730080580,1730080580,0.000025
4G9LymTNW5vwfY8eFvydABtEQN5KffVFMRsUPDLFLSkK,10000000,0.010000000,1,1729874145,1729874145,0.000025
4gJAxWejAgMTbJamRDodhKMuB5b5xepiFFusACygLF9n,10000000,0.010000000,1,1730116986,1730116986,0.000025
4iJJQy2PHpY78ceZDt3C9ZKQctYzF88s42VeRyagPBAH,10000000,0.010000000,1,1729895462,1729895462,0.000025
4iVzRVkAUbczxB9bVhZshZruuyCmDuSSSX97VjTVCrwy,10000000,0.010000000,1,1730125638,1730125638,0.000025
4PPm1U4TFqsE4dd2hQpriRWynB2dESJhCH6kLQBtQRMu,10000000,0.010000000,1,1730130640,1730130640,0.000025
59kcK4weBPa68QdL36TY5p324xUB9DNmK64kix58natA,10000000,0.010000000,1,1730127211,1730127211,0.000025
5CooGxopwuekmNXZLhySbo2LTBjU3sybpfKw3bEKfGW2,10000000,0.010000000,1,1730028715,1730028715,0.000025
5nTmBCSVtFwJqa3jbqUseJnMzTfPUbiWFZhyBiYizS88,10000000,0.010000000,1,1730050045,1730050045,0.000025
5WZJMZQKudM7GiAoMmomW12EhV9rdBE66Bcnju3ZyJQE,10000000,0.010000000,1,1729962186,1729962186,0.000025
5yVuRwnY2PMsTMy2cBWPeBC5BP3a2NbtvE6UzmwWXMka,10000000,0.010000000,1,1730029182,1730029182,0.000025
68SXRcfPnH8qdTuohCm1JreuVi1eDsCmJBDKZfMJf2oS,10000000,0.010000000,1,1729954405,1729954405,0.000025
6Ds4hcs5MuUjhweWZ7g7PWRLRfPmBX5D9i4kfCxq4JZN,10000000,0.010000000,1,1730129152,1730129152,0.000025
6g6nnbs7QDuSPx8RucU8GmxHnncAGvER8f7rhYAScgzF,10000000,0.010000000,1,1730118285,1730118285,0.000025
6HfvJRG9sHeeCqD6RP3ngYku38vpVyyx7yFi9Bvr6EVo,10000000,0.010000000,1,1729896127,1729896127,0.000025
6Vh6KNDgSJ7hWVTrBC8twa6LF1Kc6Hx2s8xxahoi4KSZ,10000000,0.010000000,1,1730075725,1730075725,0.000025
79PiWGkkpghDHd2f5RdaXrH9iRNufDvCpn4vobq9n13h,10000000,0.010000000,1,1730109359,1730109359,0.000025
7DDJHVR62UXJTUUp2pJajPwZLPQs5srHp6N4tQjDoQUu,10000000,0.010000000,1,1729958776,1729958776,0.000025
7edHhkWmZZ3tBpPQWuamw9QnFhQMjNYawz6nfMKhweep,10000000,0.010000000,1,1729882633,1729882633,0.000025
7QTH5xLLQ6xppV9YPMPX7HPT1jikw2bdUPRbQTQFadpw,10000000,0.010000000,1,1730121597,1730121597,0.000025
7VSBLczrsJ73e8D3K1zaQDUGg7MYLFba2ynCEgicQBco,10000000,0.010000000,1,1730125549,1730125549,0.000025
8TRkcMLNvpSmEZz4pYngJAp6wRxkVrvBXUfDC54X9Hn9,10000000,0.010000000,1,1730078645,1730078645,0.000025
9Bn2qZXgKpEm3FSdjwwvwucgCyMgEeFRU3b9vterT2QG,10000000,0.010000000,1,1729896780,1729896780,0.000025
9CVQxUUhY2wxvZJDbA7pRmkF4ZFdiXj7hhfQFdA8D19S,10000000,0.010000000,1,1729906142,1729906142,0.000025
9EhLben44kDGx7VrXufAdrWtjMgxATbCea6Bi9iQzKkN,10000000,0.010000000,1,1730119226,1730119226,0.000025
9JughBmv9RhhSqiTQKhBzLsitWFcVskgcwAvSSp3HeWU,10000000,0.010000000,1,1729896329,1729896329,0.000025
9K7d8fxCKH3FHizUsigNkaj9aNPRpnrtB5nfwfRv1g14,10000000,0.010000000,1,1730110550,1730110550,0.000025
9seFfSVpNwLZxW6EatJCfxAb6qXYC25DTZSHogQaquLf,10000000,0.010000000,1,1730037798,1730037798,0.000025
9ShPE8mfd1mJMjj8ULyVbWeqacqGt18LPVMcf3Yn1cQ8,10000000,0.010000000,1,1729896077,1729896077,0.000025
A5LttHnjQSaxPJJAL2qB3XGa9oxsyBDshsWuRf4avoYy,10000000,0.010000000,1,1729873767,1729873767,0.000025
AFgXkcfrgJ9bqshnf3aWZHVB8ScfE7f5YASJGfVpezFa,10000000,0.010000000,1,1729873660,1729873660,0.000025
AudgoYy27oLgn8kjEqX4R8CY1nu4QyrasHDvygC1wTEm,10000000,0.010000000,1,1729933287,1729933287,0.000025
Ayypv1CXLbRQ2gPwR9K3YmiemydmLaNkKhpYHUviCmy4,10000000,0.010000000,1,1730022899,1730022899,0.000025
AzC3QJZvMWVw6kCSzXFG66zX2bgbHP1JLY1xzWQcsnMC,10000000,0.010000000,1,1730080502,1730080502,0.000025
B9A6XNj9CXVtwPcZY4hyEVP5E21ecGe9wCofvW4gebhJ,10000000,0.010000000,1,1730125720,1730125720,0.000025
BgFJu14HR9KGVN4XorzdzgJiJKgz2U4HzKLWDctV9eXj,10000000,0.010000000,1,1729896414,1729896414,0.000025
BhtnCTkeokAsCwDHk7qsBNeTUKF4yvrngyDiRkh7Ykam,10000000,0.010000000,1,1729896191,1729896191,0.000025
BLCXyFMgdZim8PHqJ6bTsXuKgNxCk8d61acSwrjSpTKR,10000000,0.010000000,1,1729874946,1729874946,0.000025
bn5qqgsMebT5n3NzR9adEfJ3qS9he5YWx9kPn2LwRgQ,10000000,0.010000000,1,1730081746,1730081746,0.000025
BQ7Pg5X7ySgme2FG6WfKpCZ57Lo9r2GwXEo5s9r6yzZq,10000000,0.010000000,1,1730127019,1730127019,0.000025
BVyLSXAFrccHeCFWLgNdkyyF5dE2MPLrkZkS4RA5Mt8T,10000000,0.010000000,1,1730121776,1730121776,0.000025
BYh132MK43wEWXxUFKeD5tr8e2m78i35mQFSAh1KWKje,10000000,0.010000000,1,1730121751,1730121751,0.000025
BZBhja4ofitTRbn2kbjjpxtERdyHtjG4feTCSCUatFBS,10000000,0.010000000,1,1729948625,1729948625,0.000025
C7Mm6ZRVe3MzFq5jSkkQh3FjkfarWXoNQGdvpteBDdou,10000000,0.010000000,1,1730120931,1730120931,0.000025
ChMyeb5EDmkutUdJm6aJzht6Y2RN5knybfyw4WFs9Gp3,10000000,0.010000000,1,1729896294,1729896294,0.000025
CiGTJqmAPb9d25yCsX8oU2NdhJ1CvjzCq96RwShMydFH,10000000,0.010000000,1,1730117766,1730117766,0.000025
CjwME5nB8P463o8bzrFChzHvAXWj5jSdQwpJxT3iZzGX,10000000,0.010000000,1,1730117352,1730117352,0.000025
CP8uWQBLhQtHXbzRpWNnQ1tH3oPR6Eo5RLwpmX2XTFKN,10000000,0.010000000,1,1730080233,1730080233,0.000025
CpXu8W6pXnL5CSGSMJsUQ2P4CLHat7oUzTr4vS6FScjV,10000000,0.010000000,1,1730125537,1730125537,0.000025
CQBrVDodugRXWkos7dTyMPgbEHzEFa3rbLSb5yd7nmQu,10000000,0.010000000,1,1730075744,1730075744,0.000025
CRzkd2o9kci7pix6cxNYqY7WM2vLGGXGwWTWZ2tfLXS2,10000000,0.010000000,1,1730086827,1730086827,0.000025
D6AVByEW9rbg4iFZ1uAmdc4MKdaXaX4ppqithAkX9TTw,10000000,0.010000000,1,1730114559,1730114559,0.000025
Dobzs6rrYZZHVCN1twP7TwT6sd5QwvcFdfPdgXZ67txj,10000000,0.010000000,1,1730110677,1730110677,0.000025
Duxs6s7ec4Pp5AfKDt83bboQtTF75JGTWGGVGnVeXBBo,10000000,0.010000000,1,1729931869,1729931869,0.000025
Dv5z1Pu44uzW5W8aFFqoBgQ5rHyiXpGXqnBJidEcH6kZ,10000000,0.010000000,1,1730121794,1730121794,0.000025
DvAGY3NfyZjebu9hnMjRVwDs1a9PsEYMJqKneSf89zMB,10000000,0.010000000,1,1730075774,1730075774,0.000025
E3eVf3ki6BWaGwcaX44BdF2nCC8SB91biF5dGRhy8qat,10000000,0.010000000,1,1729882228,1729882228,0.000025
E9fMXGF8d3QmJ2Xzp4eapE5Xt4m8LtwJsonLx6Zjv8PD,10000000,0.010000000,1,1729943671,1729943671,0.000025
EB7ScJoUgA74ecEB1LBZGRVarqxPSBCQYNZCHBw5fu8x,10000000,0.010000000,1,1730081046,1730081046,0.000025
EcM3tjupoTs8Rgb8QriMHMXwQbXfKFRYKXUecfRsBdgY,10000000,0.010000000,1,1730114535,1730114535,0.000025
EkJtComPfSVNNasNMUWQRLUBmsnNcDJpYNdEkNgnF1ig,10000000,0.010000000,1,1730081250,1730081250,0.000025
EoAyPKe99s7ZAoxwbsQVnLo1xZKAYiFECoCMb93u3MAK,10000000,0.010000000,1,1729958327,1729958327,0.000025
ErJJWHSqwQFAEa6HRrozcEkaeQnh7yv35f68kQ842aUo,10000000,0.010000000,1,1729952863,1729952863,0.000025
ERkqjDacEQofW1QA7i97h5twuPJX9xKuYEJ3dHwAdmvg,10000000,0.010000000,1,1730110625,1730110625,0.000025
EUXnfXF5dYJo49KLX1Ayo1PpBzFeeJqHtr7K6jZvExwF,10000000,0.010000000,1,1730047936,1730047936,0.000025
EuZNrbprYv4ARmTu2HtgsffQA8sx7Q1TSpLtwyX2c4eM,10000000,0.010000000,1,1730045889,1730045889,0.000025
Ewp7TxWjVHXZoPpDbf5YedRvwsHer4kNh8HfiuVuwG5x,10000000,0.010000000,1,1730120015,1730120015,0.000025
F7Cb4y4pp2DdGCDGXCGxEiartp3V4acHQQ9A4oTCtvdk,10000000,0.010000000,1,1730121823,1730121823,0.000025
F7ceAKsurK5utnpopEFfm8bpE2PZy5F2vqZmcwUSoACJ,10000000,0.010000000,1,1730131198,1730131198,0.000025
FcbgdZBJnzxExkV5taZ7wEw7wGf7woxZExA4YJ1KXvek,10000000,0.010000000,1,1729896875,1729896875,0.000025
FdGmNMaumpNGCHDxk15JkMsc3N2yWe3Ag2dYw98SZcRy,10000000,0.010000000,1,1730128389,1730128389,0.000025
FeedZH6xEozsqxomZMDAsCxcRmA6mDTc3D2SaRvk9RmB,10000000,0.010000000,1,1730130276,1730130276,0.000025
FkDkTVV22DSLfsyYEBHkAT3VXxY9rwtp69PQ299QHHUr,10000000,0.010000000,1,1729928544,1729928544,0.000025
G7HtxeRAHrEq4ocGKuogWXyPqb85aqsmMBLuQPrJwK6U,10000000,0.010000000,1,1730050913,1730050913,0.000025
GAPFKfk3UAhavwsfjDe9cgcutqMCmYaYbnvBUmykNLPc,10000000,0.010000000,1,1730129944,1730129944,0.000025
GBvUPNwH1ALimedHCMF4T23WT9r4wgsXP5vSPb2Avuzv,10000000,0.010000000,1,1730022186,1730022186,0.000025
Gc1YEDmfNEkXNVSGXm2NGExGno2FzCk9UZyjkW9F2Rxb,10000000,0.010000000,1,1730110578,1730110578,0.000025
GdbntgnCBmBn7STAwegEzhAPUNCqfR2pU1XPXdb61Kju,10000000,0.010000000,1,1729959871,1729959871,0.000025
GnRmr19rPvxEQS2iJnJbMTHLcK5cGVmd8bUhPhTNCkhQ,10000000,0.010000000,1,1729882804,1729882804,0.000025
GSFf9gHZKbAf6PAopjVUC9tai662SBFN1viemWyX8D5b,10000000,0.010000000,1,1729883541,1729883541,0.000025
GTiaamo1nTwmjBSfDFL6jnu2ozMXZFXKNWSTDsYbief2,10000000,0.010000000,1,1730125517,1730125517,0.000025
H7UTAos4bRD9onhxYcM7qxfxBQFwYdESRVCWqVWWwf4p,10000000,0.010000000,1,1730081610,1730081610,0.000025
HEmxfoUqQDuPWqhi4M7pCkwheCjCwePimut2QxAEkxDP,10000000,0.010000000,1,1730073138,1730073138,0.000025
HRZW1AMY6BmyDNioby4DhcJW2gA6bXZALQVgRTRrQm1g,10000000,0.010000000,1,1730125756,1730125756,0.000025
HTsCdhowzans8ZQ5eXsA6mbyHDZW12c2nbpGBBNXqiaQ,10000000,0.010000000,1,1730131279,1730131279,0.000025
J1ZEqZmDyiRZzsWcyYiiBFCQxkpsT28CHrobiEVfoMzT,10000000,0.010000000,1,1729959113,1729959113,0.000025
J3aND5fZoqxqet6REk3TePxtMr9qmociWeuXZgCoyqg7,10000000,0.010000000,1,1730080565,1730080565,0.000025
J9Ey8LhkvRSYJu1AMzr16XXwCySXJajcTDvPZfptgqyN,10000000,0.010000000,1,1730060834,1730060834,0.000025
tVd9bptfgM2VNu4CQQ1xsjJyjfeuLYRKhrFhhm5Vty1,10000000,0.010000000,1,1729958832,1729958832,0.000025
9otwg2gvdMqmYNcBjTqjbS4pfFPCRCBexkKy1MfR1izd,9985000,0.009985000,1,1730000318,1730000318,0.000025
7jv8MWHNAR4fpWuZL7n8T7ZVPsN9UJbEDcyUE2F6CcHH,9500000,0.009500000,1,1730125773,1730125773,0.000024
gsPy3MT2t9TLdT5pbWbPhgnGjWTbD49AXLjyy9KqF6x,9300000,0.009300000,1,1729898992,1729898992,0.000023
6t43Vke7jEp5ogAfN1dP9NvuKwF4SFrLK4mNwzFVmtxx,9000000,0.009000000,1,1730125588,1730125588,0.000023
CnsKxWDFNX1cMD7pmX7zZHGX8jEKejcnNQLarHptRTyT,9000000,0.009000000,2,1730118810,1730118825,0.000023
D3qHzavp6TPY3zBt5LBH89xu7VYA3hq1gWNQTFrzrsnn,9000000,0.009000000,1,1729872608,1729872608,0.000023
Ezm9crQCQsCE74RY1LhcU9ovaky53bzarEo3iN1dxQiL,8880000,0.008880000,1,1730122758,1730122758,0.000022
GC7G7yF9H9jWSoFg8HmFpVfQ6y9vDhHcXUi2M6j1sV2k,8800000,0.008800000,1,1730122954,1730122954,0.000022
HeaD71CGonLAS9xr6qtYTtTAb3vJmU2UD6fR6stYh1KH,8625151,0.008625151,1,1730023038,1730023038,0.000022
53KE7yV4JZAMbp28rZonziAi3h2T58qYD2MTjBF7Y3b1,8625136,0.008625136,2,1729975145,1730118647,0.000022
DBHJkMhTuZiAiEBf7HBKqoAiJdZ3Gp9bgyBNxz5pt2ff,8618270,0.008618270,1,1730013055,1730013055,0.000022
BZF4wCS5Ak6MXLG9YBDm3i8dZsJ7qK96YbjHKmwmhAZz,8520791,0.008520791,1,1730048048,1730048048,0.000022
CeAgxnocfTJ4g8oHyfzxyVkmFHQy6V9HJKRPLZjSxzo4,8500000,0.008500000,1,1730125262,1730125262,0.000021
DULWcQEBUv5EkcSzfkwHKkHEmWtDmYHysQCSz74J3Gn2,8446897,0.008446897,1,1730119722,1730119722,0.000021
J4VesosbTvRh9Hv8ETmttFydCnqsxAqpN3X2MhYZZjDD,8300000,0.008300000,1,1730097460,1730097460,0.000021
6sKxZfpooHqSf1VJzZHVwL3zUahENdRkE1QFK3QKNVep,8000000,0.008000000,1,1730097448,1730097448,0.000020
9nShiyiANLfeuRDfTyX1whTrHR3opzL5Qxhgz3JdvYqE,8000000,0.008000000,1,1730096811,1730096811,0.000020
9vxtHWZvWqVCi1vBAQwXeJYHz5W6wS56i7CcxCfanYsD,8000000,0.008000000,1,1730096735,1730096735,0.000020
DFFegforHLTko9ePaQwrZ4edNx6CF1gYVYznyWkZP1Sm,8000000,0.008000000,1,1729946974,1729946974,0.000020
GHBd8aSNDv7Y4TVnoN99qrYj5mBJQwu68MWi2p8RUddq,8000000,0.008000000,1,1730132659,1730132659,0.000020
GYD2CnVagpPH2nmNKesTitEjEmKSBQs8FNioHFQyt8DC,8000000,0.008000000,1,1729983286,1729983286,0.000020
3CSCdYuApGbq4gSajje2HAUP3fSqBN2KJrU2yoVyqiKu,7600000,0.007600000,1,1730097473,1730097473,0.000019
95s523Zutq14GJtgy4ctmN4DbKRJZMrbV16Ren2ecr4,7565763,0.007565763,1,1730043796,1730043796,0.000019
GdGrzTjEXDshBaFMkzy79LABGXQocaqkfFRaEw8QuNsd,7500000,0.007500000,1,1730097422,1730097422,0.000019
71EL5d2m2GSRd4yEEJ5h45LAfPoM5wCREUqaBnV3DVoH,7300000,0.007300000,1,1730097433,1730097433,0.000018
96zdq2tSaZxjhPdj3H4XRNB7uH6B3szbN6YCwRsMV1cQ,7200000,0.007200000,1,1730097489,1730097489,0.000018
62TditCUVwmY9zoD26WciY4Z3LbvkWbYM2JRRJnETf3X,7000000,0.007000000,1,1729946106,1729946106,0.000018
8oxHqtbLSKL6kvy8XhmwKemcDq8we5KsJAWi45c587gw,7000000,0.007000000,1,1730096790,1730096790,0.000018
9FcKpBh3zKVzJgUiXqe7rtT19nP89xPHufuEFcZfuXRs,7000000,0.007000000,1,1730130651,1730130651,0.000018
9vM8Sn3ysAu3kQoKEU7iUGwdDzgeAL5G9W9GPJXW7Wi7,7000000,0.007000000,1,1730096721,1730096721,0.000018
Bdc5mWTywPgS6gW3bW2Uu11cdTYmJ8QzB14JKKBcyYGw,7000000,0.007000000,1,1730097407,1730097407,0.000018
GBM9cK9ovpzm63YFjJawVmjixT6UPAWCuRpmyhUqM7dx,7000000,0.007000000,1,1730128642,1730128642,0.000018
FRewoCxuRArBhVtKpW3c9jRG1vbWfRwsTCuShtcehBh4,6985000,0.006985000,1,1729935473,1729935473,0.000018
FNc7f3ZmNNxSduGk6VRAYeUU91D73K2i3MmUfru6NcEP,6700000,0.006700000,1,1730096699,1730096699,0.000017
EBgLPEVizL3BUMJBfEPq4YwB4vRBSEKbJRXGgXUCfqpx,6600000,0.006600000,1,1730096684,1730096684,0.000017
GnkxR9qC1NnARDdfbhaDmJbQdZ9nXCdse82J9NC6U6oz,6600000,0.006600000,1,1730097385,1730097385,0.000017
PYWbnXBLRH6wjLKwBoDTWvYQUJfbwSbKAp9sezLDi9H,6600000,0.006600000,1,1730097122,1730097122,0.000017
74hb6w7aBg19PqWM854JSUsSEKLyrexuJAAGHv4Hi1GS,6500000,0.006500000,1,1730096658,1730096658,0.000016
8CvQ3TzbNucBYysrBsSQhDV69K15MbAiFCoYo9eyWjBt,6500000,0.006500000,1,1730096643,1730096643,0.000016
a3tfb1hvL34XinFD5wvWsiwdad4yw6bJ9cMa4SezS1q,6500000,0.006500000,1,1730097373,1730097373,0.000016
Bn9QGqhdijiMdiD81hMVnwjgdPmCzMoadiCTBsDGAURA,6500000,0.006500000,1,1730096619,1730096619,0.000016
2e4gAPWKJfsWi4UhMQMWDyKpEvTyARV3UqriS1yKCcoh,6257550,0.006257550,1,1730131300,1730131300,0.000016
FmXRmpPgVBxnb9MUXpCNavGjNmSjfugozHU3JsKXPutE,6100517,0.006100517,1,1729871689,1729871689,0.000015
2oZoyF1Pa6tzA5qCkgH77MLTMuwz4vUBBVnqouAuT2cR,6000000,0.006000000,1,1730121903,1730121903,0.000015
2v4MDz8xWT1e184u7JRrZFmR3VFACoiufZro3tCJue3m,6000000,0.006000000,1,1729882719,1729882719,0.000015
3DgjXBTrLEPRWnzS7QQXEQEWJKCCEge9DKnGMN7Q2zEM,6000000,0.006000000,1,1730042661,1730042661,0.000015
3TCNGnATnB962tbyrAjqBHyJqihU68T968mdeik8CjpK,6000000,0.006000000,1,1730117253,1730117253,0.000015
3vRgk9nYa1PkzNt3yobroAH8DCtbDByj1fHs9LqQsTRp,6000000,0.006000000,1,1729882739,1729882739,0.000015
4zVZWVon9r8SF1qyxREw4ica3XD2QP84JieRKcq3iKCW,6000000,0.006000000,1,1730118455,1730118455,0.000015
5Jh5M9aotiYc1GeVoFi4MiC8FWVnXsNF7rWoRvwGsiXM,6000000,0.006000000,1,1729935231,1729935231,0.000015
5tNKc6epBv75XZUo947Qd49jz3TC3XspUy46ejPADPb,6000000,0.006000000,1,1730081176,1730081176,0.000015
5Uk2zybhBhGp7QxGZ1xyHnjSsiPXF1fxMAUNkm28oX7P,6000000,0.006000000,1,1729958968,1729958968,0.000015
6j3FoDb9fQ1MgRMBuDKML8KckLD1hMDrR3ZCbx1zUVvk,6000000,0.006000000,1,1729944919,1729944919,0.000015
6LWroYSkWjUpTZSi1N96upBRLxAzrmvDkHSKavXCo5hs,6000000,0.006000000,1,1730119230,1730119230,0.000015
6NWcBsLdsJwShyewRjDB8TcSfQmf1BXaRwm3AaHyHRFT,6000000,0.006000000,1,1729949125,1729949125,0.000015
7eMMtSZ3UP7m8gdWLsCdPcJE7cSbEm8vCwEhkWV8HpkS,6000000,0.006000000,1,1730081297,1730081297,0.000015
7hHRobyXm5jhB9uNXLnTti4RTjcY66yDXinVdvtAFTP,6000000,0.006000000,1,1729882691,1729882691,0.000015
8CPkmVB44c4Y3uTFJfegkcJvNvPfSnceJgExmQzN5KUJ,6000000,0.006000000,1,1729945356,1729945356,0.000015
9pYa91Ti2Qm1cd3RS4r4tMhAVcok4ftnJ7Re3w2JRW3Y,6000000,0.006000000,1,1730117734,1730117734,0.000015
AhwRBFJdx1Ct7DRQ66SxnrahXcFC8VjHgRz88fE1guPJ,6000000,0.006000000,1,1730136257,1730136257,0.000015
AscmBWgd8pmyErvofMVpkAtg6bCER4iPAQafCFbJgjXG,6000000,0.006000000,1,1730129819,1730129819,0.000015
AvnUQhPZ3FttK3JvnmkuFfchwhXdFcdhtgEiWAywc7XL,6000000,0.006000000,1,1730081393,1730081393,0.000015
B4RQf9w61mXZnwd4QKd9AaL7pHc5Jimkr3oDqpqDqByT,6000000,0.006000000,1,1730081211,1730081211,0.000015
BcEb1QDt9r4DNQ4kicBBCmubKSaEo8oZXfDaWY3dsBtb,6000000,0.006000000,1,1730042266,1730042266,0.000015
BgdpzKcm1L8wHb1xrQ7yqSasc5kisssUYqbXKK8cZ89c,6000000,0.006000000,1,1729933557,1729933557,0.000015
BMPvKytZpYnW3DGMy8sKVF53jTxo2Vbh8wvVk7jbipPC,6000000,0.006000000,1,1730042462,1730042462,0.000015
boxKvkG9BHPhASUjDwfFuFRNqbWs4h6tJff1Skjio6U,6000000,0.006000000,1,1729950878,1729950878,0.000015
CMDJ3kbh1P5rqQ6fyZxkmy1zzmh63LEotkbkxergWiPE,6000000,0.006000000,1,1729882706,1729882706,0.000015
CvdUR5zyxEfrizUZEJ12frAnHXVcZ1SJpw9iakmZDboU,6000000,0.006000000,1,1729945058,1729945058,0.000015
DNeALv35MaXALzqzE8jMPSNhTbGFv9mEozjtragVsHMP,6000000,0.006000000,1,1729892697,1729892697,0.000015
EWyjvfmmKmbAwUYFe4URLRYENycmNEjsp72UVW2ni1wn,6000000,0.006000000,1,1730118419,1730118419,0.000015
G3M47ejwfFkxfH1KX86Ra4fhHYUZpY9bV5gwUbMBfvFH,6000000,0.006000000,1,1730088566,1730088566,0.000015
GTWCVyH6LQLLs1nC8dijSAU4MGPwhTxHUV2gM67QUujm,6000000,0.006000000,1,1730060372,1730060372,0.000015
Hb8CXKFapZfkJgaLxgJoDD73LXM2FxRMV1vNq4sN3cea,6000000,0.006000000,1,1730117766,1730117766,0.000015
HWzphFRcgxZUhtovhq7DDcjU9d9877h4DFJBDz1HCBpP,6000000,0.006000000,1,1729958897,1729958897,0.000015
BB9S6HMS2pVtvfVKsGwuprcX4QSpSAoHgUwLFfdWEaYY,5958765,0.005958765,1,1729951918,1729951918,0.000015
7Eghmc3RGVLaUK7NVjNMUBSHmrLbrUpY1TZyrvTEWg22,5940359,0.005940359,1,1729959736,1729959736,0.000015
4aYqLKyQwpo4uoM1JeT8hJzcoQAuT4ACaoEUGTMhjtfG,5939300,0.005939300,1,1729950750,1729950750,0.000015
4wSmbiBNcFQVMhX87mrYLb197udjjvjYDkTE7qEKFhuK,5934366,0.005934366,1,1729958032,1729958032,0.000015
5FYhbFG6eCjXubtrq5EcnPVTWo2gzC252ZRmZmh3jusN,5900000,0.005900000,1,1729882096,1729882096,0.000015
Bvxv1dqeT9HDEnJSiRRTF3T3WJpPcc68VUvbjEuyJAVo,5872335,0.005872335,1,1729880888,1729880888,0.000015
zkqW5oJLcFDuGbqiUnpARYQ4ocXbsnFsdv6BHrjEpjn,5848295,0.005848295,1,1729982879,1729982879,0.000015
329gpUjJ2PTiFtNkL7Y2uigFQgADMo9egFMYEg9figoS,5800000,0.005800000,1,1730047379,1730047379,0.000015
7MJDwNG8THNbggVhEY6VAMYrS57PFWh5deTBNiJyyXue,5797830,0.005797830,2,1729952537,1729953432,0.000015
4SN15w4gmNkBbF15zXGWyLW73mV1N3Vng4iiitYX8ar2,5767013,0.005767013,1,1730131551,1730131551,0.000015
BCEtpwBkJyn5zo9xPxtmCmoETXtEeHt2GVZz3EgNK95q,5759373,0.005759373,1,1730126368,1730126368,0.000015
EFG2upCqoh54cyVLPAshAoHmfm2j9ZAYFcxc6DvxDitT,5759373,0.005759373,1,1730126393,1730126393,0.000015
6rR6UKzRWH4KimxKo75nKAxLo9kx2dbFTNoyiRxu2J7a,5755396,0.005755396,1,1730129094,1730129094,0.000015
2Er7J74SxgxyibqjW7E3Zg3Z7vinuXbKgmiBfGcKmzXr,5740528,0.005740528,1,1730023492,1730023492,0.000014
23vL9F1cnT5oP8Pt5BQ9PvfPDo7crFf8HjnyLXX4mECj,5733616,0.005733616,1,1730130671,1730130671,0.000014
972Zc4bsm6WMHEbW5SeoSUs9aJLHj6QWrTMpWb31JZK,5700000,0.005700000,1,1730071288,1730071288,0.000014
F3aAFqB2toKM5LqDnJGVyeCH14oPjnFakdP9oNN1ebQd,5700000,0.005700000,1,1730121553,1730121553,0.000014
3Y5xU5uhmBfMgTzBsGQG2sz2BQ85pT2AEnEfH5EnsoTq,5692520,0.005692520,1,1730128324,1730128324,0.000014
9V2jsaYwAkrtSwjc5fg9t3vrBSewA1pxxFpXRTa8idiD,5689577,0.005689577,1,1730052617,1730052617,0.000014
66tjRZJa7Uyv4dGNCZmSkNPvuFSGYyq1uqDP1ceyVZEq,5684079,0.005684079,1,1730043209,1730043209,0.000014
BVNm6NgJhiYSzUUaXYP5EmDztypErHETKTKALwt9gqVq,5683433,0.005683433,1,1730043107,1730043107,0.000014
HxndTSfH6WQhjmpLmrehS2xAC64eGwv11qTUem33C8wj,5683433,0.005683433,1,1730043118,1730043118,0.000014
2zG5uA7mLeJHDdSM4Ky8ZRJHXHhDQWzyDCBXVJxJREF6,5666043,0.005666043,1,1730117677,1730117677,0.000014
JAzSTZeeZTLA3443swr4BRU9cNiNbcyjZWrHxcdnvLSr,5653550,0.005653550,1,1730117347,1730117347,0.000014
pWDxai9k9oeDvZLpPqbYnk4Dr984MDtUpjG6JVkWgwD,5645571,0.005645571,1,1730064612,1730064612,0.000014
6nnyrd4CXzfEMi9KRKUA92uSLPvH3i6xKEewNvhQKJaf,5628729,0.005628729,1,1730124054,1730124054,0.000014
CcMdqAnK5NEAwQriPL1TydWRuZBWjedat5RB4DibuEpL,5300000,0.005300000,1,1730130908,1730130908,0.000013
kiShVLBWd3WxjxBUqp44sBtxzx4pLkZSphVgSb7dPU7,5270182,0.005270182,1,1729894827,1729894827,0.000013
2cymZmHrvJYdwdnpHw4ZEVtH32gP9SG5odYyWYijy5PX,5000000,0.005000000,1,1730080528,1730080528,0.000013
2GKsAdNLwoihrUiRG2VfCjruKPJYGu9zK6nJCmpE84MN,5000000,0.005000000,1,1730081064,1730081064,0.000013
5DhbkWY1HFsf59a3rzN5Qvv5tVC97vThTsFjmq7jNj3a,5000000,0.005000000,1,1730123684,1730123684,0.000013
7yodG1z9pHWEBsTLfhbTrcJ7k5XZZjmZo4bkhAcLipF6,5000000,0.005000000,1,1730011217,1730011217,0.000013
8AEdaHVxRZ5by5ZRMWnjNVCX5W2XHnMcs3ckjAJ4bZc7,5000000,0.005000000,1,1729945033,1729945033,0.000013
ABZZxvyiPRy4rCg5SjXZgKSEpXPCVGAEM3b2tViP2Ny2,5000000,0.005000000,1,1730199762,1730199762,0.000013
BAaD9bi6cLakrzbrXxszNYyDwdy7ydBsS2ZX6rFScQZi,5000000,0.005000000,1,1730080624,1730080624,0.000013
Bda311q3v9WjrsMGd51xVCpVCpkXGcEz9GLDwvGUsnp3,5000000,0.005000000,1,1730081163,1730081163,0.000013
DcfKyhPPZEnQKM7tXyaBR1GwhQ7TJSBVzCp9oDPZFF4b,5000000,0.005000000,1,1729945306,1729945306,0.000013
EuKuQEhvmN6GZ2tpbK9cZCkANbqtUkhA3xFAccy8wGTE,5000000,0.005000000,1,1730041828,1730041828,0.000013
H6kiqgYqR8KeMq7eVQCTmYiKdPs1EjbDDb3t34LXsBSy,5000000,0.005000000,1,1730080545,1730080545,0.000013
Hbyg62ZBLJ4LAreMUfWFoYj2vFJLgb3LF7BnsxnkDnke,5000000,0.005000000,1,1730118786,1730118786,0.000013
J3dKjfg5sDCVmk7Fd7bCkUrgfvp6MgCrzMUco3axRWGG,5000000,0.005000000,1,1730117394,1730117394,0.000013
u8A9hKesXCgAzPzVqgF7771njQx7uwBfDmwnnCeCJww,5000000,0.005000000,1,1730081087,1730081087,0.000013
2TWqWCUsDrTEK8xSewGXFaRRobsLqv3jsMH1C2BzaVRs,4000000,0.004000000,1,1730118935,1730118935,0.000010
3xZPc27UhSZPy5sJnA6j49eBBAPsDuymnq5Cwg5sLnxz,4000000,0.004000000,1,1729945383,1729945383,0.000010
7g3uKKevBHdMW5TFVCuv49MwJT8jNqoPoWDBnGWcMSep,4000000,0.004000000,1,1729945410,1729945410,0.000010
BLnwMTCXB5DvMC1oko9oNrUD5M9JoYnDybNEGEfuEWMR,4000000,0.004000000,1,1729945279,1729945279,0.000010
GAS6grPNEtKfPXUWqbDabyg9FrgHmbwjXShArbPmUyFR,4000000,0.004000000,1,1729945252,1729945252,0.000010
HFQ4wePQS27kEG8w9Fwadg8UYtzJinmCna31tZ8FceFv,4000000,0.004000000,1,1730118854,1730118854,0.000010
J3xFsySfFH1KZ6N5BDjMNxwdsjtUdkuUovfKSUhNUyw8,4000000,0.004000000,1,1729945006,1729945006,0.000010
oE7LLGSXB4BW1ysVHoiMbMDUm39qYT8GB41PRfYDSRh,3700000,0.003700000,5,1730041859,1730041939,0.000009
3uU543HJYxcPbFzpEQ2BYQXVtqkgJKjtu25WwyGv4rvj,3160000,0.003160000,2,1729935276,1729935310,0.000008
2ZA754JVPJmipuag7pdErpFfVNywW1ALMgi9iTEfBec4,3000000,0.003000000,1,1730120234,1730120234,0.000008
3qsVdEKjpy3FWfeovzH9Rfe6PcjvN5bBVAxHhiN5h1Mx,3000000,0.003000000,1,1729945331,1729945331,0.000008
7FF1no8hvRnKmQ8wC8ZHKHCMrFnLknCto8DGdLG3avwQ,3000000,0.003000000,1,1729958670,1729958670,0.000008
7rNCaUPB4Mp8uZw9PEVoH2TDYfAQkk6kWJ6SCFDTLtQT,3000000,0.003000000,1,1730129520,1730129520,0.000008
AuhgSqaUPLkiGQVPBUpzycT3cs8xYCUXdWQqRhRMLHDC,3000000,0.003000000,1,1729945145,1729945145,0.000008
D4WvTDYL5z2DP6r9MWoBano6HiB7SAh8mnAUoWgwRZzq,3000000,0.003000000,1,1730081315,1730081315,0.000008
Gf7BfA6yoUpmmKVvZ2DP6HbHN32puBNewQwKTBG7j9q8,3000000,0.003000000,1,1729944979,1729944979,0.000008
GX7ATV6rFJmyopDKkKZBTnuxGjzpEXNX13v2YnsYqkUQ,3000000,0.003000000,1,1729945198,1729945198,0.000008
H1zABSWDB73omPK6YAQQsidirmh5UphhbJGH4bG4husW,3000000,0.003000000,1,1730117144,1730117144,0.000008
Hrz4K2bGK3VGxNqjQL8pHU2RdqUZ2jcHyhX1DYp8LNhT,3000000,0.003000000,1,1730123511,1730123511,0.000008
JFCkgASZ9nJa5zg4DHxcTiUsN4Cyx6zkhvTjXHgzoSc,3000000,0.003000000,1,1730050085,1730050085,0.000008
Ua29VxfxAJ9ysUnDJnv2VB75xzAaz6wEvEqCNaN7vdb,3000000,0.003000000,1,1730081150,1730081150,0.000008
3pivphok7UXsojxJkD1ksEwGCzGLKktkCdGJN3KuNpe6,2971945,0.002971945,1,1729887205,1729887205,0.000007
4Dbn3QSQsJU7XGxDyv8U7CyXmFXVtHYssTcsdGh83mkX,2862705,0.002862705,1,1730092468,1730092468,0.000007
4AifYViaEDEoXFrUmMhPFBPhea9cyKyjD1nhUHt4hDCp,2841071,0.002841071,1,1730043954,1730043954,0.000007
6Gbkj8zDY2xJfujr2PZHAf5GRqEJUDAJR3FAnHhBfPPu,2830456,0.002830456,1,1730060236,1730060236,0.000007
9weTNgtAJ4KM4N6mdQUYkU9ABfcAoGNA5jzgajKrEGZv,2827415,0.002827415,1,1730122038,1730122038,0.000007
CyaYv2SmSF274HsN8zoSRsrvxisB3tVfSvaQbwJut5SX,2774463,0.002774463,1,1729961728,1729961728,0.000007
ESpjjrmYL9hXiHfCKfAQkrbcHoibJ3Sa7m7vYvDTRTYW,2400743,0.002400743,1,1730128228,1730128228,0.000006
5Cxe7J8Ha6tF3PSRrsvDrGWqXRZ7hkvezBRH7m5mE1un,2300000,0.002300000,1,1730118030,1730118030,0.000006
9PGQxdGZ6grELo2ph1HCyRd8mqUiGTmpToF4RpKBk5p3,2300000,0.002300000,1,1729935420,1729935420,0.000006
73ezPDULw5zdWXwqfkpSBtU1BxJ6S1EoN8XqM2cY9SzW,2292542,0.002292542,2,1729959796,1729959856,0.000006
5zjC66E9VPp7AUbp141frFnvYCkPvEQtkeGmipDiV5cg,2272856,0.002272856,1,1730044038,1730044038,0.000006
7uM5unQ1mD5q3CvZdciCGB6seijPbE8YMmmZj6Se2RuG,2192194,0.002192194,1,1729881023,1729881023,0.000006
34Lt61E2Et5K2b9rvhSSSmJGiazVkx6hDGVgC2GNBgdz,2039280,0.002039280,1,1737001560,1737001560,0.000005
ATa3jFSb4YmhqpfPpRx8rq4TgxawAEDGL9nyMm5wjxir,2039280,0.002039280,1,1737001560,1737001560,0.000005
3JdUweTkdFP8yCY5Qdh8pdjyeUfQQsmoUstm7gu7eV43,2024280,0.002024280,1,1729935356,1729935356,0.000005
2YRPAXb2AVKZZaGtZx37Hq3EGR6BMcShoYaNuaTsHNJ2,2000000,0.002000000,1,1729945117,1729945117,0.000005
3MXF2E1kRfgvFMVw8SCTpqk8q1x4VhxQmmybQ3fUVM8k,2000000,0.002000000,1,1729945171,1729945171,0.000005
3oD6XojXLhYJfghA9khVCbd2zzHmoCLEofrecrN6nARJ,2000000,0.002000000,1,1729958635,1729958635,0.000005
5Le7WUtDKYr6MZGdTYPgbSs7suy43u9cTjWDRCxV3n7L,2000000,0.002000000,1,1729958732,1729958732,0.000005
6raHnJN9zqCMuWfZ1545Y5DCjqByu2Uzc9ZdayH1z9wt,2000000,0.002000000,1,1730199717,1730199717,0.000005
6XqxwwPNHL3j1XrP6DpVrEpzjAPYbPt9Th15vuULPNMd,2000000,0.002000000,1,1730043184,1730043184,0.000005
86SiENFNweXNPL7tct9y5hDhHTAw2czPC5SBfhsSCfho,2000000,0.002000000,1,1730081230,1730081230,0.000005
9WfPZYYq435MXgZwR5UFC9bHXeUGpg2a2MLqs2spiZiD,2000000,0.002000000,1,1729958604,1729958604,0.000005
AGMT4a2yUb9BJYaXiWwrkiinZwmhNKP6vCC9AHWcgt1b,2000000,0.002000000,1,1730120095,1730120095,0.000005
ALBtu4fcc13vRuy8ipns6XqyKU188TPfG7KkQrdgSkdB,2000000,0.002000000,1,1729958438,1729958438,0.000005
BaR3ay7beLR6bPXrJprYj2QRoNjHJHZfLQzEWLSeGyMN,2000000,0.002000000,1,1729948829,1729948829,0.000005
BgCdebjSHKNpVMCazGuhNJDpranPedjqmbMNL9BUuoCq,2000000,0.002000000,1,1730117624,1730117624,0.000005
BJEtep1CAAWbx7kdq9hrdWy1bwsSJg48aj7C7JrV5ugy,2000000,0.002000000,1,1730081414,1730081414,0.000005
Bn5qiqwLutvQezD3nyhJ6pWdXfBnQRG6WKa3UKSCuqnf,2000000,0.002000000,1,1730081303,1730081303,0.000005
DbFC5PKwqJZVHz8vsZ31HzaesxcAPrd3Q6Qs4vNtiV4z,2000000,0.002000000,1,1729952172,1729952172,0.000005
DCgtJZTcMRHc6rduX2kJdBSvxV6gJDTdjr6znnbZt9RG,2000000,0.002000000,1,1729944951,1729944951,0.000005
DdZaKebvqTXNCRmaunbqaMiaNU98wKwYpbjSuKyGiJP4,2000000,0.002000000,1,1730044294,1730044294,0.000005
EdqgHi81V1P5Vq1eAxxYvyStQh4eqQcWFabvuuLzxW6D,2000000,0.002000000,1,1730130549,1730130549,0.000005
EL6JjBKgLXWwHR3xutrT8w2SurT1BLwixDGStVhetxbo,2000000,0.002000000,1,1730056816,1730056816,0.000005
EnU9CDAwYi3AJU3KLVA5j5GMCPUmno99WyAqJ138DKdU,2000000,0.002000000,1,1730131389,1730131389,0.000005
ERvoX1iMuzNhZnRrKQ7UyyVUz3W2cWJmJk9fa2X1AHf6,2000000,0.002000000,1,1730081133,1730081133,0.000005
FDPYksrzVLuFGkPWEPxSbwyvfUDi3bMo1zQ7RrPFQiy8,2000000,0.002000000,1,1730029359,1730029359,0.000005
FTkYjtjcbuR9WdwDoLtDXVi6p4Pv1NSGV8mBjLHBy7Ve,2000000,0.002000000,1,1729958931,1729958931,0.000005
H8xdo2qPPgeNQRXG8UULjdyL3SmFeycKq5VpkPjsdids,2000000,0.002000000,1,1729935388,1729935388,0.000005
HJ8ghZ5fXN89qnAua1yznpKukBoT2SZgvhourBY9LeR8,2000000,0.002000000,1,1730081340,1730081340,0.000005
SDCk3juVYaRqG52ZXjymMH6DBXtxX95yUSjLfo2YM5C,2000000,0.002000000,1,1729959061,1729959061,0.000005
82c8GhDWnLcyG2RkPYiJVmZp7485SCuFf26Cra4m8nUs,1900000,0.001900000,1,1730132767,1730132767,0.000005
HUGn1LXfXQm3iw8tsDCYM6mCqyL3vPigTHirnZPBmXHe,1900000,0.001900000,1,1730118962,1730118962,0.000005
Asr7UQ79TRB3KUJFsxSVPSXRjdTbtV39UsFNXkanyznQ,1800000,0.001800000,2,1729935212,1729935244,0.000005
DtaWjtwUwdsaA3A1RuPJrJr6xoP4gAtX2niC57AUuvk7,1719296,0.001719296,1,1730130312,1730130312,0.000004
EiJV5NYrF8g6sXN8G4Eti4hzdwjyMiZ39AYqFSXxP8JX,1696449,0.001696449,1,1730122057,1730122057,0.000004
BaciQzcR4498SpWbvsXYcUcdRy3wERCGWFAv9s5mMtbE,1500000,0.001500000,1,1729935349,1729935349,0.000004
DmjhMMiNNSvRuzvoNqHuxa5CnR5kYjBXqJibt2U3sjQd,1500000,0.001500000,1,1729958476,1729958476,0.000004
FD8SShJ2LKgvpSVFeh2cyqseEptH5bN4Aku6Awqh3cLg,1500000,0.001500000,1,1730117683,1730117683,0.000004
F9EimE8vBHoKPFBpUsUcKSqyZTngPWKuTGuZkQRgTNqr,1200000,0.001200000,1,1729948456,1729948456,0.000003
AsAo2TG57kCQt7PgtaCWQN3YgfNFgL9xs3mskeFh1kbz,1185326,0.001185326,1,1729949615,1729949615,0.000003
8xMNc8fjesYtgHgkMtv32v1xmAGVPF78c7fmCc8Vv6JR,1184203,0.001184203,1,1729963076,1729963076,0.000003
3XdkdgWYVX3sttr8fJikVeheXRTe4CgAm2bbCAffKXnH,1179732,0.001179732,1,1729967199,1729967199,0.000003
44UWrTB7RF2SUpdMueScc92w7JY9xZURajZNA569hdAV,1153403,0.001153403,1,1730131527,1730131527,0.000003
3pftJmGnhnSqU7iQ2Fiyt2a3mNhmDQX3SxCcTVwX4Gna,1120000,0.001120000,1,1730120563,1730120563,0.000003
D9GS24jL9kCyqjs6rzTA3TT93mXEwbLTTHebxQNREfsK,1100000,0.001100000,2,1729977672,1729977701,0.000003
tjERCwemfWuqZ6bgdsomAcqGWcn3Jo1VrcpvheWCjFV,1059909,0.001059909,2,1729923991,1729924157,0.000003
29Upp24b5c743QC1kKxm6DWafEcz83SEuMJktNVNSJTv,1000000,0.001000000,1,1730081256,1730081256,0.000003
2B4g2NcnCwisiPZDkE5Uaw6QKvkVeUq2jhn7FPVFRSAb,1000000,0.001000000,1,1730115056,1730115056,0.000003
2cXrnZ967kTCrYiLJEM37Ec222pL1swPePkSc6RKsZJY,1000000,0.001000000,1,1750779841,1750779841,0.000003
2kVqMcrDYTkLzjMN3kWR47DNGQRzUv1YU6JcyHPUYvEW,1000000,0.001000000,1,1730119458,1730119458,0.000003
2Xcbas4qSnB1rtJhQUUxBGiWoVjQuuSvYsLpvdHY54ED,1000000,0.001000000,1,1730115049,1730115049,0.000003
3gAqdguTM5pFtRejGopcrYdBjarsJyw82RF5gjMJxZdA,1000000,0.001000000,1,1729933246,1729933246,0.000003
3oZMqMcvHKJ2HeCvAhSFc4fUDxFgS7wJhjc5LsR6GNvV,1000000,0.001000000,1,1730119014,1730119014,0.000003
473q9EGVFcDaQBg32cihcSRiNJR1dVKVqg7TwpnoML8G,1000000,0.001000000,1,1730119131,1730119131,0.000003
4LQBqtts6fig63r5Z2mb5VaWqU8PamkxuH4QoiexyUo9,1000000,0.001000000,1,1730115056,1730115056,0.000003
4oU1KSjgoQJCrxGbsBSSZgo2qscVKW6UCa3WcmC7os2S,1000000,0.001000000,1,1730115049,1730115049,0.000003
4Tk76GqPDdqTs5ii9Fz7e4ntrsqezwC9NqegczZ4as9B,1000000,0.001000000,1,1730081178,1730081178,0.000003
4vKwUakrS9BKDNCPSD9FcwFtk3126TLqtvBivDLmTpj4,1000000,0.001000000,1,1730136602,1730136602,0.000003
5KMQYVZjCEFUg9vX3Xr5HSJqABqS7srjsyvmkToLx2e6,1000000,0.001000000,1,1729976110,1729976110,0.000003
5KQhScgH83FNwT5oV9HbYBBsnYcErFp6YL8mA8oHeP5w,1000000,0.001000000,1,1730115054,1730115054,0.000003
5VRaHLCPfeccWRouZjWwuJ4sZpsVv9D3aoLsdTrvYDQo,1000000,0.001000000,1,1730115051,1730115051,0.000003
6DTXMBNhzDk1nBv91UNBoKZV7b18S4YoptNu7BKFWo8c,1000000,0.001000000,1,1730115049,1730115049,0.000003
6LiUdh8naVTdvqTkQCnJr2KSorWPY2kBimLB5iAe4jcU,1000000,0.001000000,1,1729949025,1729949025,0.000003
7WHhNS7hS3XTJLWxVEQHrjtFgHVvu2JN77MKBEp584nf,1000000,0.001000000,1,1729976151,1729976151,0.000003
82wsM4eQpTe15qrLs7Uj78ATXggKynsUEuU3eW3aLmo6,1000000,0.001000000,1,1729955489,1729955489,0.000003
84cRgbd2amYAaAsf58MaorWFwFPC8179bgbkJ4jjN4q4,1000000,0.001000000,1,1730081088,1730081088,0.000003
8aAmLuB3RUBWoo4RWiqAN4Ld2VaN6fza2dHmRAQWk3dB,1000000,0.001000000,1,1730046685,1730046685,0.000003
8EjLeXQSQYiwMAbxBKadW6rmfV4b3EVQumm9gAwqsyFk,1000000,0.001000000,1,1730123481,1730123481,0.000003
8iW4TdYaQ51rifLTCUW2iVo8G2ttBktkAmzEBkgGcf6u,1000000,0.001000000,1,1730081150,1730081150,0.000003
8qrSXzzrQPLYzd2aoNCNT8RpCgpFP5z289ihPB4bPkoC,1000000,0.001000000,1,1730081057,1730081057,0.000003
8qX6LuKeDmR6FLg8HhmFxQHKhJbhx1zmRgoCk5RCmbk5,1000000,0.001000000,1,1730115049,1730115049,0.000003
8shNifTHXP3WDxSHUcE4NQ95KFgWsEjRJFiA82Jha5oe,1000000,0.001000000,1,1729951462,1729951462,0.000003
94Za7Y4iYXhefvAkqhkx7EhMyEwT6pgLcsd4cbs9HRwM,1000000,0.001000000,1,1730115051,1730115051,0.000003
95MozThtMRZMGbASzGTxnWGNRDG1Xz4anYv4gxSCRHs1,1000000,0.001000000,1,1730081376,1730081376,0.000003
9K9uzPDR6McKhnjNH9ySaAEvnKwxdWU9kHn9L5KwAucK,1000000,0.001000000,1,1729998675,1729998675,0.000003
9YpM9dhWoZEFRpU181yHYrCGyiia32F2bXGG1Hqtws1h,1000000,0.001000000,1,1729952295,1729952295,0.000003
A2H2R7Cy1TsjZdThYvtRcsQTduCc4f54XDN9hB5EtXEF,1000000,0.001000000,1,1730081222,1730081222,0.000003
A5C7Dy7EbUNJ6Uihd2TAnACWPPwsdHeD6KK35tcWfALN,1000000,0.001000000,1,1729945224,1729945224,0.000003
AiqoAkkv4kr47gKVMTN3qKrnjkEAcjJcz8eet1MH2ALg,1000000,0.001000000,1,1730081259,1730081259,0.000003
ARZU8Nn2Vxibk4nYkHNkhw1qCFnnyKVCtynsYUKSbyfo,1000000,0.001000000,1,1730116938,1730116938,0.000003
AwTechQvu4Ng6Kk18S9D73f8n9EcT3QP6njQWyLaxqEQ,1000000,0.001000000,1,1730115057,1730115057,0.000003
B8VPKsWTDKPivRST2hPudoqy83R4tZuVMfijwZk9cSY5,1000000,0.001000000,1,1730081276,1730081276,0.000003
BhvCtWcuKb9d9dYBHKJJhwanoH21dxpsbt7sEwHQRse5,1000000,0.001000000,1,1730081351,1730081351,0.000003
BSJjJyqAiVUwoZbyk7tVq8kMQ1szRW3bD9y6itNfZiAV,1000000,0.001000000,1,1730081189,1730081189,0.000003
BVMawryH6divT4ANz1uiS3Dkif5WTPZx6S4VzJHfbo3n,1000000,0.001000000,1,1730115049,1730115049,0.000003
Cfrc8zcdHb6mvdPpgr8eFJzXqR6rxnUFgFtg4VYAT4Me,1000000,0.001000000,1,1730115054,1730115054,0.000003
D4scZQyfZjt73AMxKiMAeSwwm2jScWKKa8w5Uh5ukGay,1000000,0.001000000,1,1730115054,1730115054,0.000003
DC3zqnWHxrGZxBmFEGmXLADrxfT3w5NK1KjpPTfhuLws,1000000,0.001000000,1,1730081329,1730081329,0.000003
Dg8eXBJvBXg5As6cP9DY9q9MUhz7fd5QWK4Rx8ebqGyv,1000000,0.001000000,1,1730115049,1730115049,0.000003
DjvXjQ27yoV31d1mnGWrZY6a18e1joPT96Jt6m7s3wzB,1000000,0.001000000,1,1730115049,1730115049,0.000003
Dmf42f9MxbzFWVVy3KKFJKqq1s7nYpuDyTfDzbAAnF8R,1000000,0.001000000,1,1730115049,1730115049,0.000003
EC2sKjpbMu6c1mM5ZVCqXaXCdBbCU8tbEcezsAAno4nP,1000000,0.001000000,1,1730081163,1730081163,0.000003
EGrDCgF5dfttiA3Hai6ddwP15swwghqc7BY9WxgeZHXq,1000000,0.001000000,1,1730080809,1730080809,0.000003
EN5FYmpQzV4JMsFH3bYTLcrDxEnqzXWNTBamCC7NqDuP,1000000,0.001000000,1,1730118681,1730118681,0.000003
Erhwgu8aXYFFUao3Maj4J6kMsiRUTAPYFxBFC58EJyX2,1000000,0.001000000,1,1729958554,1729958554,0.000003
Exrm7vcn2oHQAdei4pW1s8vnzmf5v3H71KEaF7vEWczL,1000000,0.001000000,1,1730081036,1730081036,0.000003
FcbqYcpNpwFhzR9pVxS78LTQJHUecCutur38BEMpu5fZ,1000000,0.001000000,1,1730081106,1730081106,0.000003
FdMqG2uPpno4zy3rLPSzSgCVr7bFtCTm16wUwpemS6ys,1000000,0.001000000,1,1730022055,1730022055,0.000003
FEBUe2P7dLxp1rHxfUiueeznHyk5Bzh27LrGXXSXYU1i,1000000,0.001000000,1,1729940105,1729940105,0.000003
FnZpqEEunHs8ZvffgqZgFxZvypDfe6n95qynR8chczbc,1000000,0.001000000,1,1729945088,1729945088,0.000003
FRUtrbj5Ytf9zp5qVyw8NPPbktJJKQfDyZuDceaMC8Mn,1000000,0.001000000,1,1737570727,1737570727,0.000003
FTZqg1eZCaq1yZsT59JTnAUeh1Xf6YqD6sWpoDb3FbNv,1000000,0.001000000,1,1730081367,1730081367,0.000003
GH1bYjkExTrGpRY2Soi6zCe22ZopGUagHUKAC65DrA5c,1000000,0.001000000,1,1730115042,1730115042,0.000003
GoD1oBk8SvsFJgttVs9xGxXPhH5mnoNWkC6r9pA9ztyB,1000000,0.001000000,1,1730081120,1730081120,0.000003
GZCMtkR7h8bUNrjjk38fGCdWgtQfkeWztyusjby4Q5qs,1000000,0.001000000,1,1729924262,1729924262,0.000003
HCsweZKXpBcyaWSYS5VohzfvEGY4wi88NpfMtYgtWP1c,1000000,0.001000000,1,1730081304,1730081304,0.000003
HjYkvVjrJ24aWQmZ3rqxAbDtGkMzjnxh5JUbuzDcziT7,1000000,0.001000000,1,1730055946,1730055946,0.000003
HknDmZqKSYm8GZqFn5VWSjAJcP6jwYKDFpu2FMkuC8E1,1000000,0.001000000,1,1730117240,1730117240,0.000003
iFeDX2L5kysHMnVnqQqNfcf2vLF8DpxAr9TqibkpGMy,1000000,0.001000000,1,1730081112,1730081112,0.000003
JE5PWpAdwkDWgRZV5Tas44rhNAbV3vru8GgGCzVz1Qdw,1000000,0.001000000,1,1729955963,1729955963,0.000003
UJTwhaW69Q5SzYdxmPhhZYHRNCS5PkgCPTuX1aeLevb,1000000,0.001000000,1,1729953089,1729953089,0.000003
UnBMw1NnY7pDfdFM8B3rpzDjYG8b7xzhSb4gN8Me3fo,1000000,0.001000000,1,1730120585,1730120585,0.000003
EhvZQM4sKHHNYp8fnypwQaadaEk9WLZwLEFykgoTbD5r,985000,0.000985000,1,1730117949,1730117949,0.000002
DwpYXVbLYXbRDFJv9yajhkq45H2WAMnQX3rPzYBRmhnx,930893,0.000930893,1,1730053126,1730053126,0.000002
DNjrzwkC48ndvyYiRPwxzzJEcT4Ye9qG7NxKQZp2UokS,900000,0.000900000,1,1729940668,1729940668,0.000002
FHSs2iXhUPqcaEL3hTCRtewci8WRbYcFVs2L9jgpKAgx,900000,0.000900000,1,1730050097,1730050097,0.000002
4zAPFR1LSAUGebsJkhNV2hxGLSADoe6qVQLRon6CfzGD,800000,0.000800000,1,1730125783,1730125783,0.000002
9cKJqs3mo2965s7BhA6HonoxCQFmVTYJsKRqN1aTerxw,800000,0.000800000,1,1730122931,1730122931,0.000002
G5mbCuYpEv1vqsXB9b14XNgtZBSxTTBbhrDn24ZED5q,800000,0.000800000,1,1730117445,1730117445,0.000002
4jhiwNV2RniqpqngRz7azv9Mx533PWNsQqNtXHBzbqNW,600000,0.000600000,1,1729948487,1729948487,0.000002
7PZiXLbdQnpGUe277jYcJwKSrnjjmUKT2mUokfAAut97,600000,0.000600000,1,1730041377,1730041377,0.000002
22wr1Wyg7fkda7cA9VdTRmqxQEPp5amwZMK4rtkVVfQG,581559,0.000581559,2,1730032936,1730032983,0.000001
3ViUuu5f83s5cDYdNJsRHrDhGLNhL36JJwvHFNKox475,568246,0.000568246,1,1730044128,1730044128,0.000001
38eFwaXyiEfJZiPRfmTomfd5STDCNgihm73V9HREuFZc,565323,0.000565323,1,1730117094,1730117094,0.000001
DLZh7rtdrzsjETzAHBdpC3WYGwGibL5SU7jB1xqV8Tw1,533460,0.000533460,1,1729943061,1729943061,0.000001
3SoitoaigMVfvY2JjeR3c8hHjpaSUDVgLoz1ZhSfuvBz,500000,0.000500000,1,1730120725,1730120725,0.000001
8axDcbos5Q3SDVcDUpGaQhir4syLH8iDR5a6MHg3Wcrx,500000,0.000500000,1,1730120668,1730120668,0.000001
CHC9r5FjCZ83Ld8gF8Y9zJkVthoxBxuaWdMK3g8Netby,500000,0.000500000,1,1730120742,1730120742,0.000001
CoT69zdiu1NxtXBUyEPz2mtVQUeAZWuTBYLYCmJjnVtb,500000,0.000500000,1,1729953235,1729953235,0.000001
GEmKEhcmky7oKSjKkALhhVZPGmZaB4TtpaQSjGTn2x3c,500000,0.000500000,1,1730120761,1730120761,0.000001
HvHrMSpCmeMAPudmrMNXfd4k97pYe1q3UMaPtvs2bEyw,500000,0.000500000,1,1730120698,1730120698,0.000001
DGpKAJBJHqSttmij7XVzWULtwHANZ5qXWvWtZg7GqyA7,286961,0.000286961,1,1730130972,1730130972,0.000001
8BNu9RAeM6mjVLVdQNwkgag1J6Pv99qsqyyfdQBmZbyK,200000,0.000200000,2,1730130304,1730131451,0.000001
GzTMtzfRVBktaYbE1LknihYGvWw8CzuPahMa342RJTgY,200000,0.000200000,1,1730041292,1730041292,0.000001
95aBAGJ24pfbmm1io1YotwCQsWuqww1Db57S8aMRwZ46,112759,0.000112759,1,1730120195,1730120195,0.000000
1sXVjDBoeuUseUkDA1h2TG316KpNmcsDQEr2RRh92WQ,100000,0.000100000,1,1729956500,1729956500,0.000000
4avgCRAXsJ7Lmamg18cQSfzAUVxBi5SqmajSEKQ3KGUs,100000,0.000100000,1,1729943503,1729943503,0.000000
4Bn55DCV2VEQ3FvN4MGnAVLv4BHs1Uq5WwfnhyV5TvwW,100000,0.000100000,1,1729956437,1729956437,0.000000
53XA24a19Q1NCR8wuggZ7FYNpiWQhwE9B5z2bpwptw4f,100000,0.000100000,1,1729956400,1729956400,0.000000
5rDqQZxXTGEhsujevuFqbSXtgNJ6EEbUXppeDFcRFb8r,100000,0.000100000,1,1730041603,1730041603,0.000000
63oBpwqwTLi14mTdaLVMZGLRSX5jSNen85v4Z2Y1211v,100000,0.000100000,1,1730117974,1730117974,0.000000
6N5z9renhs11Nr549VcTHDtmt7x9oQrn6rsxk9RDwaYj,100000,0.000100000,1,1729956314,1729956314,0.000000
6tVAVeR8a8TccXQ15R8ewLoLELBbFW4nzouc4t2eu4qV,100000,0.000100000,1,1730178623,1730178623,0.000000
7mgvPHr9Savv8KUwNAjvbL64qoEdXebj8XU31re41qnz,100000,0.000100000,1,1730121914,1730121914,0.000000
7oqFis3yqUS2ZhiLnBsRMZiF7h12KGThJnGXsQ22v1Tc,100000,0.000100000,1,1730129464,1730129464,0.000000
7ZgHymtr4WndeSt6FuEFa289JSAYPyARih9fu8jMQsAC,100000,0.000100000,1,1729952026,1729952026,0.000000
8ibk2ThJqq2jXbwwztZJixwEKaTGoqtcC6BYeXsZfzio,100000,0.000100000,1,1729956473,1729956473,0.000000
ABSRbNmMc4c6SoyWnjTFmgxfQMPRsSkKbUDvUwC2Ekux,100000,0.000100000,1,1730122024,1730122024,0.000000
AuCkrf7Gr1jRWo7ZqN1R7MGsmjr11W1qKTofg8VhzBYh,100000,0.000100000,1,1730119374,1730119374,0.000000
AYRrNZVBewVHW8FqegocFkMasaCEYVqkAY8JaQdFKe4w,100000,0.000100000,1,1729953297,1729953297,0.000000
BBy76csDLbhPYbWTozgy7nsGYzyhGitQDW5xjWaijvtC,100000,0.000100000,1,1730129480,1730129480,0.000000
CijbrzrvPtyGdsRTDWdNCgCJ132ouvLJAodVz8BPTqNw,100000,0.000100000,1,1730129494,1730129494,0.000000
CYnkoPP5umXuLErA6gN2LpPxLkyJnQNuqTzEGe3EQHyn,100000,0.000100000,1,1730120331,1730120331,0.000000
Dp4ibnyaDUBhFaucTp4CPvXJzm4fpSBLGZWC1AWu2Ryv,100000,0.000100000,1,1729956356,1729956356,0.000000
E1CGHt41jmTyJw6vQHTBgePLhg4hjcQjb64ZCBGH9FqU,100000,0.000100000,1,1730119483,1730119483,0.000000
E3e2JJSwSDRTWbj3P2og8juB2EyadzoThV2Q8ZTrSGTZ,100000,0.000100000,1,1730121959,1730121959,0.000000
EmWe3zUSYnm3yaknygvQpE1bUuF1bsz9c85PiQ5FZCya,100000,0.000100000,1,1729922585,1729922585,0.000000
EuMBQcSovcDFYCXUcUagXHqk2ecVjSbHxG4hq222EUVb,100000,0.000100000,1,1730119461,1730119461,0.000000
F8X4WDc2tPW9VHi9ryUqr3XMw5xeDez6zNaeY6c1EhGk,100000,0.000100000,1,1730121983,1730121983,0.000000
Huy26w6jNmamfV8bg464T5z1fUSrKfbxsuJeKbCzQL3G,100000,0.000100000,1,1729892784,1729892784,0.000000
J2JJQjxkCgpDde8eiPtCML8xFtLX1Y25KQXKf41xcbBn,100000,0.000100000,1,1730121647,1730121647,0.000000
xuaXMGrR5oig9ge8DPUPPxsfQrhycDnGGzAet7x2xTo,100000,0.000100000,1,1730122124,1730122124,0.000000
ZR6k3GjKebD1MqDW5sfSEYwDBMKZ3eW1LrmXME99eG2,100000,0.000100000,1,1730129451,1730129451,0.000000
AzyBG8o9Mu35YQgW7469huS4YFKszvt12yfjNo7amnnE,90000,0.000090000,1,1730048539,1730048539,0.000000
7187ig75u29PXPxcXBXPeUzovftz282dNSqbDivhkAcx,59620,0.000059620,1,1729953697,1729953697,0.000000
A2gMTrSBei1zjyvKqb6o1EhJv8aQWUENy5AuTcbTyikS,59393,0.000059393,1,1729946576,1729946576,0.000000
Gwy4Zi9HobFQSqCU2XxVwu27YRs6fTdRdyqXv5Roie98,58900,0.000058900,1,1729969019,1729969019,0.000000
FkoxoB2t7d4zdnAZ421WRGXEneLEiWTsr8XoMdh1CZmy,58596,0.000058596,1,1729881470,1729881470,0.000000
HzsVFpJZ3p62u6dUQAfjnpd92dw3772rm6BjBPuuKdCQ,58582,0.000058582,1,1729881413,1729881413,0.000000
9HV2MVnas8keCRDkiT5ma8mu3cMC74goLDNdC4wKM9ax,58579,0.000058579,1,1729881770,1729881770,0.000000
3Ya6AKQBzwAG45K5zzz4mgqVMxcxPNgb4xueTsoTuF41,58572,0.000058572,1,1729881638,1729881638,0.000000
9gC594PqQSC3bFAo1U3CPJ5qFjKWQqBMtpvbeNZDEtpk,58569,0.000058569,1,1729881541,1729881541,0.000000
59nToy2sZ3i5QKtoZYRHZVSH2DDgz4HkjESfHTF2Z9ei,41000,0.000041000,41,1730098805,1730101014,0.000000
5Djrpp9Y1f2j5yN6spFhQf4zzc1M2oFTbh3AN4jYv7by,30000,0.000030000,3,1737001453,1737001510,0.000000
ACk75biw6cjomARhymbiWhXcc7tBvpMkcU7H5Bp4Jwrr,30000,0.000030000,3,1730121012,1730121205,0.000000
2ipSFKnxf1qJkJ4vxTpteAcrHKb7LcgJeVaDBeGjNN2w,21000,0.000021000,21,1729903591,1729905392,0.000000
138mtdfC7pGUAHRQchMYbJs2ZmWHZ7Nu5eUsMgcp63kc,20000,0.000020000,2,1730127269,1730127378,0.000000
1iagxKYgtX5pXwL1LCMHCSCEUwmwSdHEppmfyoL6dqV,20000,0.000020000,2,1730127235,1730127368,0.000000
1nAbA6RHabWrNRCyaqm974miD3LSiLue4whD7fRY2YV,20000,0.000020000,2,1730127193,1730127336,0.000000
22CzE37Rj98VCL9NMQncRVCvrDwYTSC4zmhfZZ6wHV42,20000,0.000020000,2,1730127215,1730127366,0.000000
22GgWdW2DR2ysfnZXXgfyqgT7kJwn11WMGQd61ebPDBb,20000,0.000020000,2,1730127239,1730127364,0.000000
22QkK9RQU4HQSWhMbpXd8iFMiedm8AdYT1yoNNH2GAQu,20000,0.000020000,2,1730127239,1730127334,0.000000
235tSDnx3sfL7WHEZaJebXfM5UN5GuCgRRm5GfPvupv6,20000,0.000020000,2,1730127208,1730127336,0.000000
266bYpnveKFDd3TuDM4hFvJFyFe6euazamVF3eegtobH,20000,0.000020000,2,1730127203,1730127336,0.000000
26Skcf2NFdRrXir3FXhcXp5EhRBgsbodcbmdMP6NSkT8,20000,0.000020000,2,1730127198,1730127331,0.000000
2AckDEWWS2uXYxr7hreYXt1PwMWivX3njopuo3MFAxgE,20000,0.000020000,2,1730127235,1730127356,0.000000
2bn5MhVeET9RmipW7DQiarweaq7fZNY8x3RQ1kHqTyuc,20000,0.000020000,2,1730127243,1730127381,0.000000
2CERV87a3ufY8HQTLtwtRRC2oqCqAZ9iRDLrTpJNRYZ8,20000,0.000020000,2,1730127202,1730127344,0.000000
2dCtwerRnBM3ibn4gzXe3WLAZvnqUYZFKkY9gEFo9s7J,20000,0.000020000,2,1730127234,1730127360,0.000000
2dqkgNXZfEPFHKksTpNW2D4P6c7sHHcuDiUZFwTa4NQZ,20000,0.000020000,2,1730127243,1730127381,0.000000
2e41RDyamLv3YHv9f4ZJEicdAGHcj8KTTsH6pYyE3bwy,20000,0.000020000,2,1730127208,1730127334,0.000000
2g76MCh5RHehfomrrkqPmmgPKgXGjuPmv7vhWQz5FzkG,20000,0.000020000,2,1730127269,1730127364,0.000000
2Gz5QmgGigvcYePwsRSrcCWYat7d8kCkc4M6vLpjBqXC,20000,0.000020000,2,1730127199,1730127335,0.000000
2ipSjsUVjpE8SZrkqTv4TYMrDodDtApbqo1rxqdyCQFw,20000,0.000020000,20,1729903559,1729905390,0.000000
2iWQxdwSoMjpTJDqKodEPLKdJFytAKpaGt9FZBdsU6K2,20000,0.000020000,2,1730127239,1730127384,0.000000
2ojemNdDDZyhpR9gcxgV2LT1uaT2UrFsSakSGRpayjiG,20000,0.000020000,2,1730127235,1730127364,0.000000
2p5WStXdqU9FLSo5qprhimcUVdzHnU6b86zV2TM7auPF,20000,0.000020000,2,1730127255,1730127366,0.000000
2qrk8JUTdjSUaAcQabLqgYteWkm5LyqLBEuSU29AZeXD,20000,0.000020000,2,1730127256,1730127378,0.000000
2rRFKWUEfcwbCWFPv9GLCAEdh3h47KvycjXZK7djwSeL,20000,0.000020000,2,1730127198,1730127364,0.000000
2ruKYHbKLe9D3UoeYwVsY2yy22uSD8MJJAaB3PEuct31,20000,0.000020000,2,1730127239,1730127336,0.000000
2S5FdwypJFB11wk5ejx86q4s8REz46Kd14cTkKMEMKZp,20000,0.000020000,2,1730127269,1730127375,0.000000
2UJYQ7us22mhknC2oTAJAA3bFBAYJnMHFdoXfv7MNTFg,20000,0.000020000,2,1730127202,1730127344,0.000000
2UTxbWy81eusQjLxLtZRnF3exjofy4VSadWTuTEZgaT2,20000,0.000020000,2,1730127214,1730127358,0.000000
2WgBnDnX7HYyys1yuC6QiF7SaPwZMsU4Sghic6nxa7uj,20000,0.000020000,2,1730127260,1730127373,0.000000
2XQu3hcR1sKLW4r58hHw5jqtmJkq5UAg2mVFwwcsprLD,20000,0.000020000,2,1730127243,1730127360,0.000000
2z4BXaxxYvadHDKShMKLNczUPtxiTq358BVs3oGd3nM3,20000,0.000020000,2,1730127208,1730127338,0.000000
2ZERPJyAYXQdggTq8N2a8RFAcSQcGPfmgYGEtYMrCYJE,20000,0.000020000,2,1730127203,1730127359,0.000000
2zFZTphN1aUJk7B2XXMLSiUMkyqHhxRrVPPjbRbY5aY7,20000,0.000020000,2,1730127234,1730127376,0.000000
2zpkeC5bwQoeK96GDxh66d2qiDS3bRYHJzhyYiKigJ4T,20000,0.000020000,2,1730127214,1730127354,0.000000
34SX2zZ9MNU9ESRb9cFPh6q53xp1y87D2SFZQMnQhS9h,20000,0.000020000,2,1730127211,1730127364,0.000000
36Ae443mzHngDRNpeGomVpMMoUG95RVrSkGEmWbdcXrZ,20000,0.000020000,2,1730127198,1730127366,0.000000
38PRXcPfBqZdZiCqro3i6Yt1C2Dbm5XDacWxttoxB8zg,20000,0.000020000,2,1730127234,1730127396,0.000000
3atY6QwvogwbekvgEBqVuMXA4hWYqUDQEVCrXaiSY2Ve,20000,0.000020000,2,1730127235,1730127378,0.000000
3Can7a1hK9CipRQQYyMe6DqB2DyiUzSCcvziV5zAy83h,20000,0.000020000,2,1730127240,1730127360,0.000000
3CcqDFdHS4B8u3Tu4dT4LciHWBmBV3vkJTYLWLNpceRv,20000,0.000020000,2,1730127208,1730127334,0.000000
3cRhNKmvTDD21LycsNXE3L14nU9gThfKKL28oSemrJsk,20000,0.000020000,2,1730127234,1730127354,0.000000
3EGwR3RxG5qgHkaXSxoQnDvnK7YLAvyD9fq2bi32Ld85,20000,0.000020000,2,1730127234,1730127360,0.000000
3EHF8oBCoH85ErxQNdeDJxoKysHceXZVm66NQhos49UZ,20000,0.000020000,2,1730127202,1730127331,0.000000
3genWD5jsWS5mNcLfNWEPVcG8akX6vtCDr2BB9yXd8tS,20000,0.000020000,2,1730127198,1730127338,0.000000
3jryGi78moQHw1qptk9TD46RGsoxJFMTTRVrKNUrzC7E,20000,0.000020000,2,1730127214,1730127369,0.000000
3nTjgba7KpEBzM9BttRoBy8mgcak2cUmyt7JUTmDkJxX,20000,0.000020000,2,1730127239,1730127331,0.000000
3NYnhAXr25ywvMtaJ49MkSk9y3UhzW4WppEA77tSdg1S,20000,0.000020000,2,1730127208,1730127338,0.000000
3QRNrSZTLainVxsvzHM6PrSGneapq1kbwDRTVFoyucuF,20000,0.000020000,2,1730121133,1730121156,0.000000
3UTiWP3gEd6q1LBhJaa2beMg9QMbX7taJ2oTS13Lhswo,20000,0.000020000,2,1730127210,1730127334,0.000000
3XcX8SsK3NxgrnwxqH8WmxBoJCJm2D6qeLgsuLtMHd32,20000,0.000020000,2,1730127234,1730127366,0.000000
3ZoGvasARy5MBryRUm4npmzgom2oee63njfVpQY9tmtP,20000,0.000020000,2,1730127198,1730127356,0.000000
41o9qCrxvVXMjcioeZCXUPGbftSRXmwrCeEJoAt85qt9,20000,0.000020000,2,1730127210,1730127354,0.000000
421ehftPzxrx38vxxHWWZUV1wV1Zopnu29st2PY5oWnA,20000,0.000020000,2,1730127198,1730127343,0.000000
42wyDvmvwcVHfJPGUeyaiMnu9WY65FrqqpY8R3EMTY2e,20000,0.000020000,2,1730127235,1730127378,0.000000
43dgTRViuHLpkzxQ6m9vKv6NqCPzsDkvMrCJjU1jW4bu,20000,0.000020000,2,1730127243,1730127364,0.000000
44wTe2yzvxYXWKGDWNhrAirsp7wdvkdvJULfwTKJZGeD,20000,0.000020000,2,1730127214,1730127378,0.000000
46QnHsqo9jby5tA2j6JdZevvuXaXWvC2fhwZLoCHz28h,20000,0.000020000,2,1730127243,1730127378,0.000000
49VxndcszcVvKBN7nfa2SuoQ5WUV4Wg1jnuDM739eTse,20000,0.000020000,2,1730127234,1730127378,0.000000
4Bfyc44nvYVBepphM2qkbxiikaxUcwqgqhwbbwfK2w4c,20000,0.000020000,2,1730127214,1730127360,0.000000
4cWRcAgBZVGd9xf1PgMddbYRjWXibLhDvNKbAfSvYGmE,20000,0.000020000,2,1730127202,1730127344,0.000000
4h279z1jK4WbcdyGMjjRub3z2UehLQSsdninZsVFVRg7,20000,0.000020000,2,1730127208,1730127359,0.000000
4LQMa3ZbsgA4gxoTjwP6CkTWbFeY54TV4nRozHA139KA,20000,0.000020000,2,1730127202,1730127339,0.000000
4oT4wRjbnBqnyLr2hRNbXvuj45ZDbs42Yh9aMCZvFBqh,20000,0.000020000,2,1730127214,1730127359,0.000000
4p8cC1Kz8ZsWBu2S1SoudG4RnoEENzqvP6VeX9T9EbXP,20000,0.000020000,2,1730127193,1730127330,0.000000
4pK3S7y9bU6aftsrLJMPS9qWLTKukvWLSN4LfXEc4gzZ,20000,0.000020000,2,1730127199,1730127364,0.000000
4QKJdosCPzPFnk1Stibj5hqzxvUQ572hXEmVKoBk2JEU,20000,0.000020000,2,1730127236,1730127381,0.000000
4RNz1CNrLW4H9VK34DWRC5PGgjVq2F3wPmrvcadzXaBt,20000,0.000020000,2,1730127252,1730127364,0.000000
535esV2aAeLmxsbZ9NF7pDquDBPjrWgneVja1bFsSszL,20000,0.000020000,2,1730127242,1730127400,0.000000
57D3Y6dGZvGHjpZj8JYYQBhoXgddT6ExG3Z8xiH4HmAd,20000,0.000020000,2,1730127236,1730127378,0.000000
57hCZ3anRJ4569AnwHcgcoKC87eR3W7vzSApcspG7iEn,20000,0.000020000,2,1730127255,1730127396,0.000000
57m5DHfr2RENB7RzYypsNbLME7AQbmHJ8tCFcQ6pXAis,20000,0.000020000,2,1730127215,1730127364,0.000000
58caneYSuwKTdqfhK971r6h2GifUPv3xY6SHk77x6TPx,20000,0.000020000,2,1730127182,1730127334,0.000000
5BmmEYkT3ufVvgZUbHF3rjCKyBfXojtKhha3mm3R3CEt,20000,0.000020000,2,1730127208,1730127324,0.000000
5EChTgybxN8YyHvudRH7j2Rmihowo7EFYwbMi342UNN4,20000,0.000020000,2,1730127235,1730127368,0.000000
5FN9wSzSzvTGPcApmAyN1kQTiy9Kw5pnBPdsKLTSA9zn,20000,0.000020000,2,1730127214,1730127375,0.000000
5iJd7AChpRoGNBZaqwYhNhguNb7r4m1c85LhNJwH1oCq,20000,0.000020000,2,1730127182,1730127331,0.000000
5jzpKw9RZaoZDJGdjufDhGF49YwDVmZ6UtjuSuqVQ3Zq,20000,0.000020000,2,1730127202,1730127359,0.000000
5kcxS7cQvcf1zoiRRUizvzjaYdj55N6Y1atRy4EdVitw,20000,0.000020000,2,1730127235,1730127378,0.000000
5NyFt7xgFopuFpf5g3EPJcJY4XqhMjAGkEi5NBPLDrUt,20000,0.000020000,2,1730127208,1730127343,0.000000
5QatKP2DqvANQof3FLd9P63LUYWyEbE4sDo1qkAmenoQ,20000,0.000020000,2,1730127235,1730127364,0.000000
5s9uQzH6W5St2gujXJMHjE1V1Nbp3EDVzsFmQyFYvMHX,20000,0.000020000,2,1730127208,1730127331,0.000000
5t8v56rfH57sTgkbK7QzSvBWkRWDfuqUZKNAbKGPC5n5,20000,0.000020000,2,1730127263,1730127364,0.000000
5xMhqGg4ezKcDXsJyzpXc2scRDKBYMy5jHscm6kPJVbU,20000,0.000020000,2,1730127214,1730127364,0.000000
5yx5jdA1MUyg7QgGvs7unxRJQtzSgNodT2iQXjTgnUbM,20000,0.000020000,2,1730127208,1730127360,0.000000
5zRaA3YPcFNeNJ4UHRKVGr4CQvPAjkMGKbxJPozz7omB,20000,0.000020000,2,1730127208,1730127343,0.000000
63je6pZwXqDWt8PJLzmC3ncFxF2xnW8ZZdFYwjXMeaBj,20000,0.000020000,2,1730127256,1730127378,0.000000
688HoPNFPaEaaVaEepWFEsjJQUsTRzqFnqeuaXWNASDD,20000,0.000020000,2,1730127255,1730127378,0.000000
6Bqow7sRySpDdKZr1YNVJq1GjnTb85UVJjr1DYi2mGxb,20000,0.000020000,2,1730127235,1730127381,0.000000
6HGZdzegHe3kFBhiEAf8MqKirrbofvewrSpWedV67X25,20000,0.000020000,2,1730127214,1730127364,0.000000
6mW3o5vEuotACe28jo9eZZzBUB1DuoGukzWEDyPxPcjN,20000,0.000020000,2,1730127252,1730127376,0.000000
6N49NmFGGLyJYXNWD3ty9Vmck7VnERDye5QJMTdDEBtM,20000,0.000020000,2,1730127235,1730127361,0.000000
6NWV2b3oPd6BoaMsMZqZnUStrHaeaJDMTdaeHJV2RerM,20000,0.000020000,2,1730127235,1730127364,0.000000
6q8HuPKehRwNtD85opAxvLvemkBtXFUEe7TbT2cwSiso,20000,0.000020000,2,1730127214,1730127364,0.000000
6qfodDjUwuDaMYEo4q6JeycgfzJ2gteyoxH8MiPAzZop,20000,0.000020000,2,1730127208,1730127366,0.000000
6qoBzzomx98cu42NVRboAK1zpiFtpjA8rwytsJCaoxFf,20000,0.000020000,2,1730127235,1730127368,0.000000
6RLBn2WanAEEY5rmhAo4CsUNhJkJNFDP28VcgiLAz5cp,20000,0.000020000,2,1730127214,1730127356,0.000000
6RV7BuQXDMQpEhGGUuDQQMExDnrckNG7Qncnh6Ueuh4x,20000,0.000020000,2,1730127214,1730127358,0.000000
6sH2TBFsUb1VUQFRSRm4PLLr4p3W9QWFWzSjrLeyDPPG,20000,0.000020000,2,1730127199,1730127338,0.000000
6sQhh3PtUkmvKiqym4mqaBLVAF5fjG6BXtQEPZ57hwg1,20000,0.000020000,2,1730127239,1730127364,0.000000
6T6USDX1bRVtn5oNQhKfD3vZ5g5a8ARjAP6yoxAP9VuY,20000,0.000020000,2,1730127243,1730127384,0.000000
6tPQyj4u3ZvnTQ2yARptXBHARaaLHcRCz9PLFveKFrn9,20000,0.000020000,2,1730127252,1730127360,0.000000
6U7mg9c5b92E4kgMhMSrJVAddco1XtLuDJJcKHHxBUuu,20000,0.000020000,2,1730127199,1730127364,0.000000
6vcipMe27HDS7YnJ9SkisUJc2F2PvZDnNFbTyNBgpFFw,20000,0.000020000,2,1730127185,1730127330,0.000000
6VJaLDpt4aPKNC1cUAmLcxC5UxgUyVCPDF6DUD5TD9hG,20000,0.000020000,2,1730127184,1730127336,0.000000
6WsM1LR9W26vsZzk9hLmkNLtHrYdJhqeKeqLp8kZdEW2,20000,0.000020000,2,1730127214,1730127331,0.000000
6X7kbkQ2NgPD9vaRDK62n8MKhRjBnQUR6zrRFbnWHfgZ,20000,0.000020000,2,1730127210,1730127354,0.000000
6ZtV1SBrsvSSdyjnC5hhXYpPuPVnwfCLhTdNc6gVt6Ns,20000,0.000020000,2,1730127199,1730127335,0.000000
72iMRvGmuLzCZE8h2z6jYCXHDFZs5SHc69xW4GioRfbR,20000,0.000020000,2,1730127242,1730127376,0.000000
7bLkGb3McFjxAMJYsA5n587J6DfKnf5dX45aMjUcVEEG,20000,0.000020000,2,1730127206,1730127364,0.000000
7CRc19EHW4LW8wsP57svo173ktcikzQGhohSLyAzoUS5,20000,0.000020000,2,1730127208,1730127338,0.000000
7gEdLUJuSrWHEsY9uC7cpcoF66ZpdmHjRmiaUtYqJHvn,20000,0.000020000,2,1730127234,1730127364,0.000000
7GhjQe5ahiHAaTetCPH6JTDb1uAg1rXGT7JNLWcH25Bq,20000,0.000020000,2,1730127208,1730127336,0.000000
7gibHa7M5TwKBGooN8SVwgvaDXGSR15Q5kWecW1b2WVC,20000,0.000020000,2,1730127199,1730127334,0.000000
7goAC3Km6L5UgCWXrinoD4CCKi8fzgJrsd8Sxa4XsXVB,20000,0.000020000,2,1730127202,1730127360,0.000000
7hZoXvkcZfdUBBEWCfSMzuX5hduW9xq2CYkvz2T9ffE9,20000,0.000020000,2,1730127214,1730127334,0.000000
7juqQ9qWR2cQocWReBnWG2tfbivmV44V4AcBeKb6t2F1,20000,0.000020000,2,1730127184,1730127336,0.000000
7JwiqhoWUVXubHP58Sxp2DPQEVBA6GR1LSezh6X5Nrh2,20000,0.000020000,2,1730127208,1730127338,0.000000
7jXnkHyLz7frRCWrjqQ8uCoi3qNAKuqBhmoWUAxhENSu,20000,0.000020000,2,1730127252,1730127378,0.000000
7ncbHXWYqncopQ7MUvPSnhSDDQgQPsG6aeu9CoU5e3kz,20000,0.000020000,2,1730127234,1730127364,0.000000
7pN1jUiWXuXLpZv3o14NxjtmRhqF1jThNqZtK4VXPcnV,20000,0.000020000,2,1730127235,1730127378,0.000000
7QRvtAXR8QhtaouvxAFarjngCDBo82Fx6vY9wRFxzg9y,20000,0.000020000,2,1730127198,1730127336,0.000000
7RnZSHKyvDitEiMieCrGnXRScvxGqR8zzbPFshPga4Ni,20000,0.000020000,2,1730127214,1730127358,0.000000
7RttMVQuddk8f9MeNE28jRPsrLZvZzqBdJ3xF1SYpXpQ,20000,0.000020000,2,1730127183,1730127331,0.000000
7VDJJhNyNHZ4gKtTqeZHFBjpeomfi5y3PjzLG9GAsPNG,20000,0.000020000,2,1730127198,1730127343,0.000000
7vgBqehzV3FNZaRPvTWEN4Vv2qLbJ8V5KYPa1WnAEdxs,20000,0.000020000,2,1730127198,1730127364,0.000000
7WzYWSjZYaAxG23w3SG4uZDAxi4BBtE4gMwudNFihXyt,20000,0.000020000,2,1730127263,1730127384,0.000000
7x4MJP8BHdG9BnHwxrHNt9K3y6zhWA5z8ALFEmMckahC,20000,0.000020000,2,1730127252,1730127366,0.000000
7xnKTnS9a1gXY4zfEHbG5k3YWz87f7PCRA7TZJioMuA,20000,0.000020000,2,1730127210,1730127341,0.000000
7ZrFuJBC5ni1xrocwvScNn6AjgCSVxDPatjau3wvU1GC,20000,0.000020000,2,1730127210,1730127338,0.000000
7zTd4brCw5UqhQ8XLmgGM21vAqZzBD3DkehzdvXhk1YB,20000,0.000020000,2,1730127235,1730127364,0.000000
81yYaxhwW1vYGEf6s851umnPrfHScUJB2GbEd2sZGBgM,20000,0.000020000,2,1730127234,1730127364,0.000000
83C6GmjhnNh44cqeeYDAKT6TCZXbYURcr6SZsZRPnkMt,20000,0.000020000,2,1730127256,1730127378,0.000000
85pkFawRUHKZqbrz1zCknqFxjyWDksdeZF1hLzrDdsKe,20000,0.000020000,2,1730127208,1730127338,0.000000
8AoexgsktA7jPRGsusJ2ApZ2T3geoDHo3dCqiJtPm463,20000,0.000020000,2,1730127202,1730127334,0.000000
8BGRxR5HHvGoJCsTeDGcr2Xgor3tSRjFtUNPPWyVMjFk,20000,0.000020000,2,1730127202,1730127366,0.000000
8BmNchuUmGFdBgEsbbRLJGKAvg9DATsVYEoeWAFNxpH2,20000,0.000020000,2,1730127198,1730127366,0.000000
8BnfNFYxuWcQCZKH3cSfRY4aUE4xRQXPiWNoq3oWm8QJ,20000,0.000020000,2,1730127240,1730127399,0.000000
8CzEWgZDs3WnKa5GfSh3V7xYpLgry4bZ4oNtzgW39PVH,20000,0.000020000,2,1730127270,1730127384,0.000000
8GGs8mX8BM9zvD5zuJkw7gV7GKqAygVuX7iLNE5ryq2V,20000,0.000020000,2,1730127182,1730127331,0.000000
8gVvuZ1SshsppcYBF3wQVafWib12wjZuSfNPShyxx1ZQ,20000,0.000020000,2,1730127243,1730127375,0.000000
8JLsPmnsBWpMc6Nkx7LdsmLK7JUv5thtsRGjgpNYfbVo,20000,0.000020000,2,1730127215,1730127354,0.000000
8LLECwi4aqYaUKp5ZxsG54ZMAVwch82jigheDcMFEzQk,20000,0.000020000,2,1730127200,1730127343,0.000000
8o4QV64RafwEZUMaUtp6tSdTAN2FkStHpZYCkjWc4WMx,20000,0.000020000,2,1730127208,1730127338,0.000000
8QNDBMrE4jy3vWCUwnjUFfXJwYxasNKquhnFnX5xRFH6,20000,0.000020000,2,1730127214,1730127356,0.000000
8TxDXvZdBBS4CTtib7LefWhdAM49H16UjfVeBuwXXb6F,20000,0.000020000,2,1730127184,1730127331,0.000000
8unpsP2gS2V2zfMw3DTmiSXoHFwyYxJWy4eCtgB2g9PA,20000,0.000020000,2,1730127269,1730127378,0.000000
8UsaGjRJEibJGSN1VFoUjtpXrjYgaYLgnvwX3RRYa6jS,20000,0.000020000,2,1730127269,1730127378,0.000000
8UuGLM3Q6CFQsA5jDE1sU89rw1fVe8t4PwcspZhD4DJd,20000,0.000020000,2,1730127214,1730127358,0.000000
8w1XAsHuuJZDxmN7834gUPNC72oZpaR5apr5q2DcPebm,20000,0.000020000,2,1730127252,1730127366,0.000000
8w4wrvPXy3kNHpKv4HFhHUr9KTQNkoDNNfjJ72NtVwfE,20000,0.000020000,2,1730127199,1730127338,0.000000
8Y13e5ozNfqrBRpGpSAoERsSiHXD6NRuvGczaej7tZFB,20000,0.000020000,2,1730127234,1730127360,0.000000
8YCJy3J71ZicZJWsiNWqps8JBYpuivsRaM8MWwoHmPst,20000,0.000020000,2,1730127234,1730127384,0.000000
8ynuviZBkC2pP5WBouuDS8yUycMxJSpt1wNDo7FZCvqn,20000,0.000020000,2,1730127214,1730127356,0.000000
91pbUw8TjtS3EUDByRnaxWdRQ5zZ1jKG27u3gwgZjz5W,20000,0.000020000,2,1730127202,1730127344,0.000000
91Q6f4tZa1wA8tLgAvZvqHhYrkhcUbsMgmHgMQKdtnFf,20000,0.000020000,2,1730127235,1730127396,0.000000
91UNmsdqRzBVpZo34hwbfE89a2PGXvmeUgzF719vUjWT,20000,0.000020000,2,1730127236,1730127378,0.000000
947MyALc1yEMosXhJUT69H93xrhZLTJ8m6iLPNByDC5F,20000,0.000020000,2,1730127234,1730127364,0.000000
94b1LEdmNg5JEDJ8Cbc1j6S9ut8E6UdWFdQswc3Ki4eb,20000,0.000020000,2,1730127202,1730127366,0.000000
94bZ4kdSoisP2J75csrzY8p8S8NByRFwC98i23KxFHuq,20000,0.000020000,2,1730127203,1730127335,0.000000
98mKgaqz3twD7B8AoDugtaaY2cy6vAiERfRdspyvQejX,20000,0.000020000,2,1730127208,1730127338,0.000000
9A2r4dxWrR1gGBMGwQVwtgNgKXa3HuxUaG2yQEcny566,20000,0.000020000,2,1730127243,1730127378,0.000000
9BW3S4J8LuMAFMnNDNfKgXv71yz8A8ytv9q6GYnoawa4,20000,0.000020000,2,1730127235,1730127370,0.000000
9D39E4iN3uRcN8ysYXvyu9FvBx2B19MUaEC4nxXm7iYL,20000,0.000020000,2,1730127210,1730127368,0.000000
9DjEFc2kv35jvC7FYDqKartWETR2RtuK6fsdFSwivDS,20000,0.000020000,2,1730127235,1730127378,0.000000
9G4DaghZY1Zo3V8Nq8EYiHDBZ3JgGXQEHy1Wiuqnniae,20000,0.000020000,2,1730127235,1730127368,0.000000
9jTAA4LimfT7QCuhZ4QvQx6wo3XNg93Eqp3pbxfpYmJS,20000,0.000020000,2,1730127203,1730127338,0.000000
9K4kp1CZ4jgWQ4AGn2qUwqTdyNsS2J9oT196qg3gf6Mh,20000,0.000020000,2,1730127208,1730127336,0.000000
9L4QTsFDSAZyvTJifKD5DHGK5dCirciyb7oDhfoqmGwg,20000,0.000020000,2,1730127263,1730127378,0.000000
9mkNx1RkGW9HpidmmeoLm8An478ems9yUqTWKYuk2Er7,20000,0.000020000,2,1730127198,1730127338,0.000000
9PcMb2HHoutdrZjjPLZipqV79xZKRoF61QQjGPfUGMW5,20000,0.000020000,2,1730127214,1730127356,0.000000
9qVa6YB4rd3MkWuCkuKwVE8CEwCB4BYaWKKzheH3FuVd,20000,0.000020000,2,1730127202,1730127356,0.000000
9QwegFeP8Voe8FKYXySZrMT4Bz7xip8KXFjeRvhgBxQ8,20000,0.000020000,2,1730127256,1730127360,0.000000
9REJH8bs5Fo3ocWSaxEW3CFzRsQjujfBcdtKhVw3foYk,20000,0.000020000,2,1730127235,1730127364,0.000000
9sa8b7nt5Snfj4i9PEUaHf5nxoYDR1JdK9NVi8odaG5C,20000,0.000020000,2,1730127198,1730127324,0.000000
9ThxRvVQCgewveRpF7h5ZK7ntNV9sBZ9pL1AFwAmni4S,20000,0.000020000,2,1730127182,1730127335,0.000000
9U97n5c9nhDPF38AJ5xCFEgs3n4HwEPu2SWieKKt5j3F,20000,0.000020000,2,1730127269,1730127366,0.000000
9WwHu8QS7g9BrkswPvpehhCgpdn7ygPd5F9mj3EMyr6v,20000,0.000020000,2,1730127239,1730127324,0.000000
9X5nCzx4RjioHVr5oR4WxoAYqNhawMrks5fRDSvBLS6w,20000,0.000020000,2,1730127202,1730127356,0.000000
9xoZaKhWsRr21dNF4AFHuSEARG6H3iLkp2JpSnNMfjM3,20000,0.000020000,2,1730127248,1730127378,0.000000
A2YedhorWzFu4Ks5KLjvMpEGJMPvegex1oXxsVQhpr8U,20000,0.000020000,2,1730127248,1730127359,0.000000
A8Gs7YXViAGzeQwWGLToLwD9rsLG7VHYT8fRf5kruGKd,20000,0.000020000,2,1730127208,1730127334,0.000000
AbvA2UrjTHF6nFgrmLLrmXjhXsvKn2zwVKkPFzFXeR7U,20000,0.000020000,2,1730127270,1730127381,0.000000
AEbgbXXEnfaNT69pvLJhE5K3w9ToYZwdzERcUWPxHCRy,20000,0.000020000,2,1730127243,1730127376,0.000000
AEUGn9djanBcy1hAtLnaxHhUNSRZ83mbrQUDgusRqzWs,20000,0.000020000,2,1730127236,1730127381,0.000000
AG3xm8gDcfmhVWwXMR2wkMVUMhue1Fepyf6LMpTnz28K,20000,0.000020000,2,1730127198,1730127336,0.000000
ALSCuq1GsMXAFZD3ihUYJurGQEFabakeQS9vhyH387g5,20000,0.000020000,2,1730127200,1730127364,0.000000
AN1NZEUXMBXtMCw4oar4dftWuGZ4CAeeZKygp5CLFgBN,20000,0.000020000,2,1730127270,1730127364,0.000000
ARzshQvowg2pgQHXqPFdcBHgQau9EU4SK9X89yjDHpEY,20000,0.000020000,2,1730127269,1730127399,0.000000
AsKUXfSQm4pSTTUWAXY5RX5sbKnfw47nkoW41pH9icK4,20000,0.000020000,2,1730127239,1730127356,0.000000
AStyCyG1jv3a4EYguMhXq2qGe2AfWxiHFZjTLFonNaqD,20000,0.000020000,2,1730127239,1730127368,0.000000
AtLY9jrxY98fvnkzrFE4tNdrD26RHyAJ5Ft4SszqjEj8,20000,0.000020000,2,1730127267,1730127413,0.000000
AvBDzQmooPg1V9DYTJWuL2yJuU2FEKCqkJRfNbV4D7S1,20000,0.000020000,2,1730127234,1730127375,0.000000
AvDpf1zTrXUJRnWMM7uPSxiA3yvDG7KshFSfRT8Lzy2T,20000,0.000020000,2,1730127240,1730127402,0.000000
AWmhp9bzCrtAo7pRCsZAL3rCqiCEARGXNf9Wc7gkxZZ7,20000,0.000020000,2,1730127235,1730127375,0.000000
AYdU9DsqfAM8soirEkMMRRYf6PABYU5KWiHwmbF5jsiN,20000,0.000020000,2,1730127208,1730127331,0.000000
AzWbGrGftGRNd1kg82XYWefErgVzcuzNQcoWwWksXdSa,20000,0.000020000,2,1730127208,1730127338,0.000000
AzXEn6DzLntr1ADpfzXHCUDhPu5BU36tKj9wBR6Gp15B,20000,0.000020000,2,1730127183,1730127339,0.000000
B5PsmYEfcHJRocfcUzs4pZcofJKuvLvgpX8idjRg9q8B,20000,0.000020000,2,1730127198,1730127338,0.000000
B66Lz3N16CQn3KXjs1TCrenWmsxshYZpa1TNder2qwJc,20000,0.000020000,2,1730127208,1730127324,0.000000
BAfW7MneNW1dXoiSfoBznTr41JbdeHqzqWzP2weLMk59,20000,0.000020000,2,1730127234,1730127378,0.000000
BbZ95quo9bCdStbajdP3Dd4LaF62BaLNFCfwAMYAmLSa,20000,0.000020000,2,1730127214,1730127358,0.000000
BC3WRg8J6WLpPcZGeEWBKLxD4p4N3JzR4nuJsWQngpfn,20000,0.000020000,2,1730127260,1730127378,0.000000
BcXEpzfG6sz4oXcj7QoHRPVnnyVWRQ4d8Gx2UGa6a6vv,20000,0.000020000,2,1730127248,1730127359,0.000000
BdfVCsfiwwy39rMY3hWAyXd4ZzB8WzBEie5ek4Jkv7J3,20000,0.000020000,2,1730127208,1730127336,0.000000
BetAFF5DVhaQDQBu8AfxpdNpUqjCQoQf1GEueKRy4kQN,20000,0.000020000,2,1730127234,1730127378,0.000000
BgLhQY1KGBKmc4RCPuDF23tu2FtqB79yKS6DpiNAnxYA,20000,0.000020000,2,1730127183,1730127324,0.000000
Bi2DMcUNEVZyLtTj3v74YSEnsc9qLtLjzqLBXUXoNEB3,20000,0.000020000,2,1730127234,1730127378,0.000000
BkKAGH41swkiwktKMZDkq5Hcjsmb4JRBfBLnXg3z15MK,20000,0.000020000,2,1730127202,1730127381,0.000000
BMBTejrPYj3QqivW9D6TKUmssx1ujTMcUMJDEpnAQpGS,20000,0.000020000,2,1730127183,1730127336,0.000000
BnbQngmwMPCAmC7aNptGREmTPCBx4jcWurbjGxvnMqv7,20000,0.000020000,2,1730127263,1730127381,0.000000
BpK1fTCjCLa5o3dFc55MSFhi5oriZWBtcXHQTLxcCmiY,20000,0.000020000,2,1730127214,1730127343,0.000000
BqswUU9PqSY14RnB9tezQUAABbZJj3jXyVH1dWAuW4W9,20000,0.000020000,2,1730127199,1730127364,0.000000
BRECFzxX3ZKPMRuR2UUWMhkYBPLTNN6dqoEWnGqgvpvY,20000,0.000020000,2,1730127269,1730127364,0.000000
BSudPkqJm7WXqYn4b3z7RYfQRRw7DGSx6HDqTEp5EhF2,20000,0.000020000,2,1730127248,1730127376,0.000000
ByT65fhY9sdXWoVwV4fvkhcrmpJy6cp61Zbra6r7XxuM,20000,0.000020000,2,1730127234,1730127364,0.000000
BYTLTjcquvfyf5qthmVwvMdE9DETx9GAz2CfGyo4gRUj,20000,0.000020000,2,1730127214,1730127338,0.000000
BYwajyRxg5WGneECVbZA1Wk8aRgTig8XGdFJcYpXpdsM,20000,0.000020000,2,1730127198,1730127338,0.000000
BYZdA6wQsbzUenyjjxmqW9SP22E1yXwTSZ7uVhqXHTBF,20000,0.000020000,2,1730127235,1730127364,0.000000
BzgN62HXv7P9AMxLHbEMX8k5TDXN8CYc3ZW4RBB9mEQW,20000,0.000020000,2,1730127239,1730127378,0.000000
C8f5j3evKm9jRvr1xBPL8nZLfTPR8K3w8iZPv6vxiw3N,20000,0.000020000,2,1730127208,1730127335,0.000000
C8kdPzPyivrAFYc6AWSUkpzPzh86iGMe1x4GDvnexFtw,20000,0.000020000,2,1730127239,1730127381,0.000000
C9UN5gdyQxPErc4AA3xUmyAUNfbYwBxMyk46thDnePkm,20000,0.000020000,2,1730127208,1730127324,0.000000
CcdpEEmVYHWouXAnhEo1RTcCqRPYoHXrbmhEgxs1xAhm,20000,0.000020000,2,1730127208,1730127339,0.000000
CChUux2Mq7TVZftMy1pgzdfUq6vZ2QcMYyFGa7spv6no,20000,0.000020000,2,1730127184,1730127336,0.000000
CgmTanCfHqYRywrfAMuoprBwDcRiHooZGhNGF8yAafz6,20000,0.000020000,2,1730127234,1730127378,0.000000
CHWVTAAcFuTXxjuWQoerXkRmV7DRUdFCL6oEUXRXahZA,20000,0.000020000,2,1730127235,1730127364,0.000000
CKDbKf2tGfz1fzEzBLtDpRevchL9KrA6U5yMXdkmGp8a,20000,0.000020000,2,1730127215,1730127360,0.000000
CL8eRVgheUhFSwncxoZGD5SrtTq8nS5FN1g9PNoEbuHk,20000,0.000020000,2,1730127202,1730127343,0.000000
CmUZp8XHdS5csjoDn3sjSdxz13CkidiNR9wNsxfdSsa4,20000,0.000020000,2,1730127199,1730127338,0.000000
CNKEpE9A5fRPv4MEuzmCCMLGxFSWPm5oAArSvqNfUJiY,20000,0.000020000,2,1730127197,1730127335,0.000000
CPUbE84xRFKzStbTnkc9KRoPViDoyZPBq2TvvHH88DqQ,20000,0.000020000,2,1730127217,1730127360,0.000000
CqyqH6P4E2X5z36ZW5awo65zZTwfP5sSx1xh7ohDxc2A,20000,0.000020000,2,1730127183,1730127324,0.000000
CRJSim5y8JHh6jgHr1pK6aLAzu67eaJsqJguHk8hqzZQ,20000,0.000020000,2,1730127235,1730127364,0.000000
CsV6hXKMhRLmHiyRyuoAnpsNJXuHNFv1RTyZAdDsdqwb,20000,0.000020000,2,1730127202,1730127331,0.000000
CUhYa8EfbuoDgUF4fnNHSFPRSP9GSDVGbCssjRXsTPja,20000,0.000020000,2,1730127214,1730127364,0.000000
Cv2gMvnp2jdrgot5KLu3CEUG2NXgiQUAcqQYqBn46muN,20000,0.000020000,2,1730127242,1730127364,0.000000
CYGL4nhWqDkxG8cZQdyfHuRse7yLPiBwnL9fMkU3VCPS,20000,0.000020000,2,1730127242,1730127396,0.000000
CygYUYaKVYzXxEhHWBVuuN5a88gRXBMrJgXDgbhAvXiF,20000,0.000020000,2,1730127199,1730127343,0.000000
Cz2VzWiBVAXWRq3eCp6PQqWbcdJ95f3ob4zMTT3qY2GK,20000,0.000020000,2,1730127263,1730127360,0.000000
CZ6Z1R3DhSPEeNhc5uS1j7ZRtDqume4S4d3uDbj4sUUM,20000,0.000020000,2,1730127208,1730127343,0.000000
D24PREaZpZaX95PQRkLFYoYtL9wZxQDKpTWdo7uPPWe,20000,0.000020000,2,1730127235,1730127364,0.000000
D88kLEKMowhaCxbJzYpFPWsJ7J2ZEHc9eMRM6a6Qc2o7,20000,0.000020000,2,1730127199,1730127338,0.000000
DADE8MgAbwu5aGnxAkhFS31RoBHpL61EnnMRffkzEAZP,20000,0.000020000,2,1730127208,1730127339,0.000000
DBNKUbq1hUZVqn2R7h1YJBJvb5NfWvhog5rpPx9TVHzB,20000,0.000020000,2,1730127198,1730127338,0.000000
DCN6NqEXYLBBJby31qxMftA8R2Q9yj5mWUCLNrJEWku7,20000,0.000020000,2,1730127252,1730127376,0.000000
DfJcohQuS1NATDmJ5nojJzfrTsYtXQf1GmooaU84djhX,20000,0.000020000,2,1730127214,1730127364,0.000000
DipzWWPT4GX4AfKJMAnmXEs4aDGR9Ypb3Wxe1ijMB4wv,20000,0.000020000,2,1730127239,1730127375,0.000000
DJ1TuX44CGn32qKhC15wPA9nFyn2p7kMAEGkPcbU9bVf,20000,0.000020000,2,1730127235,1730127356,0.000000
DNCsorq9cyVC7XpPpmSGh1jYnteDsXB3aTjyVXtM43zt,20000,0.000020000,2,1730127239,1730127359,0.000000
DnUscESmnCH1AHDC6z3sJz4MBkTsF9WAQfGvTwbRabju,20000,0.000020000,2,1730127234,1730127375,0.000000
DpzHpy37KWRVe9eprgbAsVqnm79mX1iyQvgDH41YBV1s,20000,0.000020000,2,1730127243,1730127375,0.000000
DQdPQJsN8Y1ys2e2rPvthy1k2Snd5sCaa2fNT46R9g8g,20000,0.000020000,2,1730127248,1730127361,0.000000
Dr3xS62tDEWgCHyQEMAHoy3t1MchAgsEEkikjvj9NknC,20000,0.000020000,2,1730127198,1730127336,0.000000
DR9mQ2BpttuXSHPiddPEo85JVKHDjNMMbz1rL7jw71pV,20000,0.000020000,2,1730127185,1730127336,0.000000
Ds1wc2MdSLAChCaAAekBgW4EwpUuncLgqqZFcs5EC9Ns,20000,0.000020000,2,1730127210,1730127338,0.000000
DsXtjxhchar7HN47kPs1T7ryCRVp2pizMHeqSXXQSxc3,20000,0.000020000,2,1730127252,1730127376,0.000000
Dyb7KCaEjWBbbFP8oF3AqJxFKer6ZFkhXkHXwJwkqgq,20000,0.000020000,2,1730127235,1730127364,0.000000
DYexZh6yXupuR6vjUzL5stfuoujRKUUtTXyr9EeoHsXk,20000,0.000020000,2,1730127255,1730127378,0.000000
E16q6fb9BKjJ2rUZpGw1qEbBC5UA7sDRK44BBCbjNzEn,20000,0.000020000,2,1730127215,1730127360,0.000000
E1jWwPaYrh9HPVaTwhTiYiy8aT6sLn4dAwPEH7gioAqS,20000,0.000020000,2,1730127184,1730127335,0.000000
E2vb14k8teRSaE58wGbndBN9RUmFFb4Tgqo5i8YUKWUy,20000,0.000020000,2,1730127210,1730127354,0.000000
E6xFbu8ukzhei5XEtUUrzupsHxGet4BTJ5iJvaPKLQB1,20000,0.000020000,2,1730127235,1730127364,0.000000
E7YRsbcXBooAXMeDumFXr5q6Jh666pwDojvN5qeppiPw,20000,0.000020000,2,1730127243,1730127354,0.000000
E963E21zBKEpfHmZvqmGjAv4Xj33nR6CRFq9uTyko2ut,20000,0.000020000,2,1730127269,1730127378,0.000000
EaAzTcJ3ACumpFwzCpZC96EmSHfN5A8mnfi3FxyHvxsq,20000,0.000020000,2,1730127208,1730127364,0.000000
EakYzcgJS1FjsfTAdvisBFp7ycrLNwKoM1Mrrnsdyszx,20000,0.000020000,2,1730127200,1730127331,0.000000
EAtb47frY5fmGzn3VoAmGk1NdbrRgQj3JbqodrDgizgB,20000,0.000020000,2,1730127234,1730127378,0.000000
EBQ4z6GfB7LFVGRUAGdTU97DNUXqu27dFZq1qRW29tb6,20000,0.000020000,2,1730127234,1730127364,0.000000
EdCXQuXv9VHKCjWBc6D3g3ZGPphjmP6A9XFEDAQac9En,20000,0.000020000,2,1730127217,1730127364,0.000000
EfAqRewfpaJsqusbQ9crxA8cBbtNmJjfj1uG9aFciKzx,20000,0.000020000,2,1730127252,1730127369,0.000000
EgCJbrY6FLAU75DMDXYazn6y8obSwvPam5ELKGggFGH1,20000,0.000020000,2,1730127198,1730127331,0.000000
EGgpbjJunRWby88f44MSPtjfUx9UnpSbYPr62ymLLMty,20000,0.000020000,2,1730127208,1730127336,0.000000
EGLo6qVTUDbnmCvuMipuUEZ4ZWDyiAJWKtT7kipFWf3z,20000,0.000020000,2,1730127243,1730127376,0.000000
ELUdv7YoXG5D4sSwN7W42EFB4JqkQ5DjYqBc3rRiwFPa,20000,0.000020000,2,1730127269,1730127378,0.000000
EM579Cup4VyTWmnewLjkjWqcMoLbkrSqH1tKDGCdHDuC,20000,0.000020000,2,1730127235,1730127364,0.000000
EMAdj1Pf9mKsNhb26aBQ11G37W5H1o7oxHnz8Y8gPduu,20000,0.000020000,2,1730127252,1730127366,0.000000
Ep8TxhEns9DTWARW48C1oFYAcWEwYQzAnhdcWrb1BvjH,20000,0.000020000,2,1730127230,1730127375,0.000000
EPQYombfK2wBL2juPCdBTMghgaaaHW74ztxxRggoRpcF,20000,0.000020000,2,1730127198,1730127339,0.000000
Eqc48QQ6vJrNxyzEff3hnkvZ5RW2B2Riz52HJgBHPwsB,20000,0.000020000,2,1730127239,1730127378,0.000000
ES42zqRPbfxFnxuYysKW6C26xhRxJYAkooSMsx8VNzqx,20000,0.000020000,2,1730127208,1730127343,0.000000
EtVB65gtBLyhshdjBi6F5zEatMZFYAczzm6yqwDntk8n,20000,0.000020000,2,1730127248,1730127344,0.000000
EUTME8o156jstZQHT4WvHFcDQUax9L5yNPbeSkKkE5Bp,20000,0.000020000,2,1730127252,1730127373,0.000000
EYEqqf1isMq8mGUcfWNDwnbLmQrUB1KfkjX8z4gWmi4q,20000,0.000020000,2,1730127269,1730127373,0.000000
EYZ5PBpx3q21jZShVmn3yQvd81S65xbnA9mhGcMKP5dT,20000,0.000020000,2,1730127269,1730127364,0.000000
EZuuwDVNReth8EAbfRUkmYT7Z7HsuUPsYJWkpDYDchMD,20000,0.000020000,2,1730127236,1730127378,0.000000
F3Z1vpuXJgvnD2K275TxYH5jmpLHmTC7ZvwBQkiFA3p1,20000,0.000020000,2,1730127210,1730127329,0.000000
F61niMShhyBriKw5bJ6foFrCrLQp6gohp451bxQBKS73,20000,0.000020000,2,1730127214,1730127364,0.000000
F9pq7bYcyECGhnfwXSRKZwNVxQXCZUvMgHombHSiHARa,20000,0.000020000,2,1730127214,1730127354,0.000000
FAMqsfhi3vgzTNTdddFTwwXZiSpHqTwGqCzbP4N9342K,20000,0.000020000,2,1730127248,1730127364,0.000000
Fe2uZMkxBTy1yz6cgyT4tufZZgcsGKcrJQkkdknWGSWP,20000,0.000020000,2,1730127270,1730127360,0.000000
FGNjNpaWYmJu6QFfs7SMcWRvZTERShFs9FMHBKWFFuwL,20000,0.000020000,2,1730127214,1730127366,0.000000
Fh38GihCdHswgQjdF2T73omchujQbn7dy8QtK96gA5kr,20000,0.000020000,2,1730127255,1730127378,0.000000
FhYdx3AsXfMNN8jV2Tr2LyFNinR2Fd2TBdjTb4EAUYUC,20000,0.000020000,2,1730127235,1730127378,0.000000
FiMCYShCvJu1qxGhCJTi4CDQwBfo3VppViPpsd1qrcFD,20000,0.000020000,2,1730127199,1730127338,0.000000
Fiq8wPHBeD4xaMqw7vCPQX6pNV8iaef4zMLqnJRDLvZ6,20000,0.000020000,2,1730127234,1730127366,0.000000
FiSuVH1NbKgHi5ENfLjfDgYWXFEiBTs36Xeu4tA6rnqx,20000,0.000020000,2,1730127270,1730127413,0.000000
FkCVwdPTDuHdtRMiMrAT2xuJ6tV9F53auYFH77ZfHaU2,20000,0.000020000,2,1730127239,1730127364,0.000000
FLnkouwJ59RZks3aHYaQ1BDBm8K5seBetpppQiKrb6rN,20000,0.000020000,2,1730127203,1730127329,0.000000
fMPN6u3cH5Z6yoSsj2ptqYp8cpm8Fhynm2RCXo16F88,20000,0.000020000,2,1730127210,1730127338,0.000000
FoVyi7uy8xrpqzKmZtT4xpzhtTPWiicxwknDjHsY5G4r,20000,0.000020000,2,1730127240,1730127378,0.000000
FQr2Ts9WVnW8AbnSjXhRZ3UYzVk6xiMDiozAVdBDovaj,20000,0.000020000,2,1730127234,1730127378,0.000000
FqSuCCz4WJWBi9t2XxPPgca7irTG79NK8LMKt18g9XB9,20000,0.000020000,2,1730127214,1730127360,0.000000
FrtwjrNUAHcMaon1ximcn2skXd9WUxgbTRJW4f2NJnTr,20000,0.000020000,2,1730127240,1730127364,0.000000
FtpwnuhGSkFmpW76BH7cGSh5MHyEywYiXWwLow1TDLAw,20000,0.000020000,2,1730127214,1730127358,0.000000
FTrxY4o1MDYBDNt5eoRoSEZhDVqvZyvBG8ag9Va7mp75,20000,0.000020000,2,1730127239,1730127364,0.000000
FubWGWW35XXWdGQ49UZW4AE8wZyHhD7AyDNQ4hZdmcUf,20000,0.000020000,2,1730127208,1730127338,0.000000
FwAPkaH81oyKNr94EJGVosUiaV1ZndTsrgFruQcff8CA,20000,0.000020000,2,1730127214,1730127359,0.000000
FwaUN6uCzcTXkrmfhfKLDTxKkqe8WJLWWncyJdSPv6d5,20000,0.000020000,2,1730127198,1730127335,0.000000
FwR7xHW2sD4kVJcq83kduVL2HuECQQBDHmgK2jSfCppv,20000,0.000020000,2,1730127235,1730127376,0.000000
FYBETLQd3KTfq3vpcQsszw513dHNGQbci8dv3ra9GmQN,20000,0.000020000,2,1730127202,1730127324,0.000000
G56E5h5QbefRRMJBnm4xZ9EqP9nKVTg3yaLLLknCbrTV,20000,0.000020000,2,1730127198,1730127344,0.000000
G87pp2PsCmuZxMPAJwwkxU5Mp6uyJ1LHJDMAELi1uBGh,20000,0.000020000,2,1730127214,1730127334,0.000000
GAK6osqDs76EmXPxetQRnMQoXiA2HeYWDs3SARBxfxxA,20000,0.000020000,2,1730127182,1730127329,0.000000
Gcac8dT7jffgHhYuvdNadA8gQZ3b3sH3dqctTLWVFZ8A,20000,0.000020000,2,1730127252,1730127400,0.000000
GdEZ9fRSEbzCZHXGGJbbkRr1ZjbUCX1Z7XEgz4qvHycf,20000,0.000020000,2,1730127239,1730127370,0.000000
GEpshigRwCsd7nbBQKm3gPPvXv6v9R8Ntq8Da3w62MuZ,20000,0.000020000,2,1730127242,1730127373,0.000000
GheAa7en4M3ZKm1WRCQRieUp4hcKX91k1NiRh7w9Ri5c,20000,0.000020000,2,1730127208,1730127364,0.000000
GKaRAC4SyJpjZtrZdH2VSj8kPuJKsvwwvxhvFJxiSxDY,20000,0.000020000,2,1730127214,1730127356,0.000000
GkQSZ3mrvLs5bWdmuf55r1U9RACB4TmXtW9cByxxkFAc,20000,0.000020000,2,1730127256,1730127402,0.000000
GkvujuGikn7UkLSPuMkU3Sk6cbdgvzqNhjVRWeKEb4Q4,20000,0.000020000,2,1730127208,1730127331,0.000000
GLQ4fmdkAmSpk7SAvcUnAh314RqdLJrmLGN9a5GNdAwE,20000,0.000020000,2,1730127183,1730127335,0.000000
GP1vVisc2Xaa1MdhDgK3ruSX6nf6226TEMWm5ttdX59a,20000,0.000020000,2,1730127208,1730127366,0.000000
GQ8TasbjHzAi3wiHroUSWLnq6CJt979Njx8aYo23Rhhe,20000,0.000020000,2,1730127203,1730127364,0.000000
GR3vXcTS1qf8W7UJwtciFaVhfu3c8kioi2sPczxhqps,20000,0.000020000,2,1730127234,1730127378,0.000000
GsChNayoEncxFm2FgTUH6FAm9oGfRmpZFUyLdcDF9FPm,20000,0.000020000,2,1730127234,1730127378,0.000000
GT3ELa8ATC13dfVouZbUu5L3qSGzqG6xhhrDREyFwrHz,20000,0.000020000,2,1730127214,1730127366,0.000000
GUfSyAwYGi7wM3iidZanzRiEDsx1VARRzZspQguU71H3,20000,0.000020000,2,1730127210,1730127335,0.000000
GWmue39Tp2TYnXKq79Ez1yh3GXny6wYHepa18ALMtBDR,20000,0.000020000,2,1730127199,1730127338,0.000000
H192RcrGCo41nt4gpFJKa2aCWQthfTbsZQFKuBJpFkZM,20000,0.000020000,2,1730127208,1730127338,0.000000
H43CWdgL4PghiTN3gyT8HnMV3GdjBQFo62nkwcXVRSwt,20000,0.000020000,2,1730127208,1730127343,0.000000
H6kXRtJncEHmfu7pb4nAnEwPoejeH7w3FjT5P35aisnK,20000,0.000020000,2,1730127206,1730127331,0.000000
H6yPQraXShLjauHXVQ31CnETmziniT4WUtRDHzUTxt9D,20000,0.000020000,2,1730127208,1730127336,0.000000
H7qyqdfcKUnDui242WucLyy5Ai7838MwUe2KnTK8pn8z,20000,0.000020000,2,1730127252,1730127360,0.000000
Ha82L5ijJKDwSZjikaXn9xWjSmhYDYV1Zu9AqLievrfu,20000,0.000020000,2,1730127235,1730127378,0.000000
HHhQgywxbFLxvquKzxGpytU6CzpFv1jyzVM5AygNHT25,20000,0.000020000,2,1730127210,1730127360,0.000000
HJnMFDUCB6gPKAm1Sc8tqWUJ7zotCM1LsyV7rXFVpCNm,20000,0.000020000,2,1730127248,1730127378,0.000000
HjPuR89RzSFWEwFuJVcW8GvSKmvcJf7iYjpuBGi35zvb,20000,0.000020000,2,1730127239,1730127378,0.000000
HjtMqUs2Ywb1vsG1gjHZeciAAFuX9pXqyvSUJBmnGk1V,20000,0.000020000,2,1730127269,1730127364,0.000000
HJWCLeVNzowFxjPdRP1E7CTcKFGNd7jrp8scp6tQV3EN,20000,0.000020000,2,1730127235,1730127378,0.000000
HKnectU6n65mt1u1apnZ43pToB4X649W5QcLdtFpFhbG,20000,0.000020000,2,1730127214,1730127341,0.000000
HL9QFgtjteuVAXBAroYS4URQkBC5wtHa97Lto4cMgnsR,20000,0.000020000,2,1730127214,1730127364,0.000000
HLkxC2Vb2KrA5WPh3Da7QfiAHePQSBbi8eERVuAXQNQU,20000,0.000020000,2,1730127203,1730127338,0.000000
HMTgSGMcGQa5ajmFe6E6U4uzic6u16ZbucE9jy7JpYj9,20000,0.000020000,2,1730127198,1730127338,0.000000
Hp83osD8PgE9P61vHTLJJEknd2QEfK5uPi3D4UvVXAaS,20000,0.000020000,2,1730127248,1730127378,0.000000
HQBGU7RvPeb3sS5kBptzXzZiGXwgvWBN8A7HSk6GtSpt,20000,0.000020000,2,1730127239,1730127382,0.000000
HU6FKbvTRYStemsbUbTnwoHhkhtLHjSk32tmNXrNxESW,20000,0.000020000,2,1730127235,1730127373,0.000000
HWuGMvBweHSpAUmhewfudey5sTTZA3zTbfxc8EQpPjtP,20000,0.000020000,2,1730127198,1730127336,0.000000
HzEKG9A8SbnDqsfgorHf2Fe2EGNjemyF5knEh2FgRC2T,20000,0.000020000,2,1730127203,1730127364,0.000000
HZENjTbQcPphQGFVe4daGxmiSc2g3nk4tr4itKy3B7V1,20000,0.000020000,2,1730127235,1730127373,0.000000
j1acY2pHhk8VFvX2Nu3qyQRJd16WUmte3n6zF5JtaMZ,20000,0.000020000,2,1730127256,1730127364,0.000000
J2xpfLk6XBnx9fMSt98AbUSzGvhoMeZirJhML5KgZAyx,20000,0.000020000,2,1730127198,1730127366,0.000000
J6oNA4vN56DqczMv5obhACySGamQ4QgUpcWdwBYvTqcS,20000,0.000020000,2,1730127208,1730127341,0.000000
J7UmHyhafnjxbfE8Djya8NEir5aEeHwBosCeyDnpU3x8,20000,0.000020000,2,1730127239,1730127381,0.000000
JCCSufEcc8nq7yAvoH1pzSg5Kjr36i82tss1AHNpGbfd,20000,0.000020000,2,1730127202,1730127336,0.000000
JCi8s86snXuE9EE8KJiLfeqtVA4uQwypHf3VWk14BdDd,20000,0.000020000,2,1730127208,1730127344,0.000000
JoBeyyfKzskLCGfBCZWsnNNWcy7Hd4AHq3v1UMmDa1o,20000,0.000020000,2,1730127208,1730127335,0.000000
MmieLmjSiGqXsWkuevMx3nN5XaeC75ygYTRWqGn14Mg,20000,0.000020000,2,1730127214,1730127362,0.000000
nqnhWrHPStDf4qWBUmzozCUfpnM91asWGAAGM9UifDX,20000,0.000020000,2,1730127198,1730127360,0.000000
q4MHWL8MYGWYFxFNfQQckjtffw7f4tcTsjUQQPH8DJP,20000,0.000020000,2,1730127256,1730127364,0.000000
VzpWJ8axuSg29hAeXZfZuYYsV5zep8ZeQiV498qVhui,20000,0.000020000,2,1730127214,1730127324,0.000000
wSxHtSm6c86hWtd6f3eGjwfCsMTNw2VhLHzEds9P4uq,20000,0.000020000,2,1730127263,1730127381,0.000000
yuq63LfUqDhMr2ztqQkRsxx43wZYqqZSfsh9b9XKvM2,20000,0.000020000,2,1730127208,1730127331,0.000000
Z9C8gni8vHs17FYzjkp9XFLUfFNUMLMvnApK7kY3dMs,20000,0.000020000,2,1730127198,1730127359,0.000000
zdYXVuGoNyin6sjicRydvVbQy2J4LFaVKLqpcnjWakN,20000,0.000020000,2,1730127234,1730127364,0.000000
HpE4EU4EjBaQ19k22z6RYF7PSjUGwK5Xb4iq7n4LdFmk,19000,0.000019000,19,1729889872,1730087630,0.000000
3DaA5QjfgMgVToE8wD4AMLq666aU1v8anceysHssQJ6K,18000,0.000018000,18,1730088153,1730089093,0.000000
Dvp6mkqKxUegXWc1Vf9QwVs8941J21YBZgq3haZqomiJ,18000,0.000018000,18,1730090901,1730092213,0.000000
GRoVMswMSrXL95peLM6FA8jVFBPqkoHXhstyMn7Bo4U7,18000,0.000018000,18,1730092384,1730094320,0.000000
4BYhfPrdU3frh43ZEpy13X9KDvFTPysRwv4z6rq82jPr,16000,0.000016000,16,1729908025,1729909832,0.000000
4BYhT9WwUa4TSpqsoxu4v2vVVHvp5jgVb1KiULutmk3r,16000,0.000016000,16,1729908057,1729909840,0.000000
5wbeQtME6R9jXnkCCrju48bx259nwdBNXgPZ8sARLLr2,16000,0.000016000,16,1730083518,1730084367,0.000000
DCAwvZaJX4HoM45tx8aBiGr18xdwSZsPZV5oEAPEqV1F,16000,0.000016000,16,1730108283,1730108330,0.000000
8TWi9kk2ruiL9u9wESHhURnWbMvwEaxiSF7qJSAsWEWA,15000,0.000015000,15,1730079933,1730081019,0.000000
GcRRuuRuY5asGd72ok6buRdrdAJR6CQ36FuXCvRT75yc,15000,0.000015000,15,1729925395,1729927020,0.000000
GcRReH82y3FczLnsC56CUVJz2FjnKv1Ry6s1tef1yq3c,14000,0.000014000,14,1729925532,1729926900,0.000000
342hjZ3GwKP1cM5Z5hKhbPQgSSW3hHSQB1XkKzyHaGxf,13000,0.000013000,13,1729906084,1729957707,0.000000
GasVqr3zsNtzC2ktc5DXg9CEKrvBrEeNn2uTTWvs1XCr,13000,0.000013000,13,1729891149,1730099977,0.000000
XFWh6kwK1doeqWM4TBLq76ttFCLykHP9frsnf6e2iYL,13000,0.000013000,13,1729915887,1729917077,0.000000
XFWhzeBtqhaNHGNQretEyDefSc52vSJv5k5cugTH7xL,13000,0.000013000,13,1729915908,1729917052,0.000000
342hYQWrW4wJz1QsbEBeBdB2d5JWhkdYEY1XtHkq1F2f,12000,0.000012000,12,1729906110,1729907314,0.000000
5in1gRPANRfvK2rQmuVEuw1Sot3KWtpExw1PAqTPwe6w,12000,0.000012000,12,1730123192,1730123265,0.000000
C8NUN9iW8Uf1GeK89RSb6kYDkohZn6mGxGfdCX64p31b,11000,0.000011000,2,1730038572,1732725755,0.000000
HpE436EfqU5VnYDcqM2rGHV1fMhQCXk9YM34JdDWxK2k,11000,0.000011000,11,1729919670,1730087735,0.000000
21hudYFsmtjjnZ3hvZRmmXEUeENmB7BbifV4kZ2CArT7,10000,0.000010000,1,1730127373,1730127373,0.000000
22GZFJLd1ikXDh9hPQgMtkJ1yEVvybC1t3ZgSVrZnkKa,10000,0.000010000,1,1729949280,1729949280,0.000000
22yazNqg8786Lj6ZNtqFeWw4NgPWJFxxizfeGtTfvRYj,10000,0.000010000,1,1730127378,1730127378,0.000000
2Ap11186MtWrm27UjKhN1AFqXn5rmegtV4sSzzNPXbxx,10000,0.000010000,1,1730127378,1730127378,0.000000
2dTJWYnxeLWNAmurCG8cKR61oycGZToZpNCAVDknBbA9,10000,0.000010000,1,1730127215,1730127215,0.000000
2HGVZEpygmoY7cXNUQs8HQVVZesD9FtLgzzW3kgMMZc7,10000,0.000010000,1,1730127338,1730127338,0.000000
2K5zkg38ZHN9ePVwKAqKH5CaKPCBsQBgNK4PR4fXxzjC,10000,0.000010000,1,1730128364,1730128364,0.000000
2KcW53tY8RZsoqXkju4YdXk6NhTf2o57FLCL4y5FwMiB,10000,0.000010000,1,1730128529,1730128529,0.000000
2kkJywSts5kzCLG52aDZYazqcf29P8Yzau2pDdEfg3uz,10000,0.000010000,1,1730127335,1730127335,0.000000
2LGgWvNYfKzwnzh5Ue98W6pBTxsourerjDxdGkRkyMy3,10000,0.000010000,1,1730127360,1730127360,0.000000
2QXiHYruPBddVoq9GQT7uJAdWjGK5QNU4SnP2yE1iB4U,10000,0.000010000,1,1730128525,1730128525,0.000000
2tSZr9EXDXi9rPT4eAuV1nkxebadmLX6B3tUpSx31pia,10000,0.000010000,1,1730127932,1730127932,0.000000
2vVdJZKp4h6ED8u1vZcd77Lfz5nFtVhU8WKwed1c6aLs,10000,0.000010000,1,1729958621,1729958621,0.000000
2xZ4oZrTRcDZBT7huUQ6twGNaH5f1QP195Ryqo6ybY6F,10000,0.000010000,1,1730127364,1730127364,0.000000
2ZkYwppLs5J5fRQJRumqFRB7is2JwaFu9jbAez328mf3,10000,0.000010000,1,1729955501,1729955501,0.000000
349pXqvLngvUQVYB3oG74xZqYoDvLuKZP4ZbcQ3shVMV,10000,0.000010000,1,1730121099,1730121099,0.000000
3aswnana1MsFUSXHcJCk6ERptkZ7ozsGQUS5S32CS5XW,10000,0.000010000,1,1730127215,1730127215,0.000000
3KcSNXW4yrvfKFbJyTYNK73xg9EouAxCDyiqUaXV3Wbq,10000,0.000010000,1,1730127322,1730127322,0.000000
3ph8gH537pra92Pbii4dEL8RjTTu56yyhAww6GR64DZz,10000,0.000010000,1,1736455554,1736455554,0.000000
3SMH4qrLJvk4CFGSHeDoQ16StTgDFPhnd8npwGVbgZk6,10000,0.000010000,1,1729896518,1729896518,0.000000
3v78WVo9eMavwbxG6mGipHnbpd69naZVd8u3xHQ8pBkN,10000,0.000010000,1,1730117873,1730117873,0.000000
3ZrrVsJkum82jQLt26t6a9LRvBZm7sh4smaYn5ArsGVD,10000,0.000010000,1,1729896570,1729896570,0.000000
3zRxW2jdj21NTxEwom8Lhg6XW8NezrUUTDjCiZNRELJ4,10000,0.000010000,1,1729956574,1729956574,0.000000
4ajwMiTUbEqoX83JPCy5zHcrLjVC5yHhvCrNEsBtF8GF,10000,0.000010000,1,1730128689,1730128689,0.000000
4gbLUu4RGfZcCYTZipAYqdC4WF6KAhyyqVVUUk2u2bjz,10000,0.000010000,1,1730127359,1730127359,0.000000
4jve68TLqRsdEg9QHJGcacFrHz2zX4ErCzSfRRq6w7Gr,10000,0.000010000,1,1730127193,1730127193,0.000000
4MUdaC481XTA4YTicsvJPUVTRkDd7tH7MBrBJGDGE4av,10000,0.000010000,1,1743007060,1743007060,0.000000
4PygLjy8P6MaqkJETVXtfWtqJeRAsiCc3tMHdk87rJ29,10000,0.000010000,1,1736449109,1736449109,0.000000
4rZkkbYiv7K5ruzRY6cSG5ATTQnCSXvz8DrWBG5ykDqZ,10000,0.000010000,1,1730127378,1730127378,0.000000
4S2B4fy2jQ17iKwxuFs8BQw9Sn8SX95Zuea7bpgmYTe1,10000,0.000010000,1,1730127929,1730127929,0.000000
4VUht3WB8DmwgLDhbQwnf7NmpECv23dZp8KW4kJnX4m7,10000,0.000010000,1,1730127335,1730127335,0.000000
4xXhCQWwvHhQcDeyLw7kqCojAZC8R6Do227hLrw42BoY,10000,0.000010000,1,1729953287,1729953287,0.000000
5AiED89tBtiRRRBSMjM9npEP1ZwhCAktTj6FedjthBGa,10000,0.000010000,1,1730127360,1730127360,0.000000
5arY7W6rU8XYtrSYn2eUCnrfyDnufKFsZxnpBQrS9SVi,10000,0.000010000,1,1730128450,1730128450,0.000000
5bSBAJRJJfPtLpdanoGW3428euostTLRoPmwzLEfT3C,10000,0.000010000,1,1730127375,1730127375,0.000000
5BuZxQm9ZK31qQhDEYUSxiEF98Z2pxefE9FnVfswEPou,10000,0.000010000,1,1730121139,1730121139,0.000000
5dyjpgjwkCNrJRBX6UtiGAqLAiCe3xXZKcfVGZZxTRP1,10000,0.000010000,1,1730127235,1730127235,0.000000
5g6UcVuTdNuqJ9MX1PBvyCbJjmfSqr1TWpCzL7c79n63,10000,0.000010000,1,1730031854,1730031854,0.000000
5it6gZMGVY6tVyTHJHvDwEeoP6wU5aCV6ffgKrKbkDpW,10000,0.000010000,1,1730128367,1730128367,0.000000
5kHpQmZmSbfWNzDErpQfeT3cAEjNfYb4FyVYt4kbukVM,10000,0.000010000,1,1730128364,1730128364,0.000000
5m8A8rkgVRf8NziWHTjQT5qLEoWz9GtNMguzQ3uU8pPs,10000,0.000010000,1,1730127378,1730127378,0.000000
5MHAyGayJ3sR4UTAqZnznoQwmBxUrWngSvhmJEAQYDRM,10000,0.000010000,1,1730128057,1730128057,0.000000
5nC7dL7aUs4eEvmtk2ks9DzSx5bXsJGnAGRU2zy8NB48,10000,0.000010000,1,1730062675,1730062675,0.000000
5rw8tYZAxz75eJLYshSs8Q7HHM2JqQpvWpzZP2NMqJNB,10000,0.000010000,1,1730127214,1730127214,0.000000
5ure1p7KH9nvb1HxLSkQ7neEDss3Xu5NLf8zix52fqa5,10000,0.000010000,1,1730127338,1730127338,0.000000
5wTmac4mz4D6cv6qCYphyCsrf7fqThnoJoi5aiLS5hdv,10000,0.000010000,1,1730128527,1730128527,0.000000
5xL3vwDVLSfAjMExT9ikaDPp85CjtE6R7ZeVYjcudTfu,10000,0.000010000,1,1730127378,1730127378,0.000000
5Zqatf5RXUR4yBPnoLV3JDcg5jR63KK8krhrjmNCVqyB,10000,0.000010000,1,1730127378,1730127378,0.000000
66BP6z4sssTifSNS8ky5uHCFvgjRWo4WeMJCMY5zNEP8,10000,0.000010000,1,1730130864,1730130864,0.000000
67xga6amYJPqbpy54ZhBvtPDExCFL3UaaZHUNTH9z3Lh,10000,0.000010000,1,1730127364,1730127364,0.000000
6eXBzWbpHQsejEaZiKobehVDxA5BRZwYK1NdWQCKscpu,10000,0.000010000,1,1730128054,1730128054,0.000000
6LEmhe791xdhKuBBXJxZofKEtDnnDAFvMQiiuK3iKB3o,10000,0.000010000,1,1730127338,1730127338,0.000000
6MjDCdKGAWi49paoaj3x6kpnBtLz9WbkwiwR5j3VnVx1,10000,0.000010000,1,1730127378,1730127378,0.000000
6mz51jWZamBMiVayyjXeNYdXkShT1tUQsf3JmhRPQYbd,10000,0.000010000,1,1730126840,1730126840,0.000000
6QCSfZWMJspgs5jQNcbYpRLPPfcwxwVemhEEXRCv5LwZ,10000,0.000010000,1,1730127199,1730127199,0.000000
6T8SZ6VXfwJk1YhpeAFRx6jqwNpawsnTzhZETkuXR1dt,10000,0.000010000,1,1729904803,1729904803,0.000000
6tzzqwtXgYEFJK8KgZAcEyQFUr6GEuDJhWNaa8kDoVtK,10000,0.000010000,1,1730128274,1730128274,0.000000
6vFhbuGU2hnvQXcCoFTuZCjm8E1tn7qhHR6v8oiAZhzN,10000,0.000010000,1,1730127378,1730127378,0.000000
733fta6EpXrD4SMASgaz9cBbABmGD7vD2vMSRQmusDpk,10000,0.000010000,1,1730128691,1730128691,0.000000
73XP3WNEDT1BMiNQviU9CyC19NUeSCH29XP2GKCYWeP7,10000,0.000010000,1,1730128529,1730128529,0.000000
75rtjf5csUa8DJ6x1MWRLfggacXMKwPvnHkDvy3zQ6wE,10000,0.000010000,1,1730127872,1730127872,0.000000
7F25gqM6VcbEnyqMQzywDXWJiQYavchkRW8uQFZMNENt,10000,0.000010000,1,1730128274,1730128274,0.000000
7fH2M6Wg316CBamUup8rZnfjjH8LVJYXd5rPS4z3u2wt,10000,0.000010000,1,1730128273,1730128273,0.000000
7ftz2uKy6yr51gMHq1NM4xSVvhBX9x8dQXA5NiKdLs9z,10000,0.000010000,1,1730127182,1730127182,0.000000
7S9K8qkG6AEcGShBDJwqxai6448yQm6vnCP4CWRWXwEE,10000,0.000010000,1,1730128525,1730128525,0.000000
7UQGU6yCDQcopeohmVFCepfNhkdDoM7bghVnTjR5vuGk,10000,0.000010000,1,1730121171,1730121171,0.000000
7uzqry99ax4mfbaa1ynkcqCV8h9K8hmRTd87KseNGojJ,10000,0.000010000,1,1730127243,1730127243,0.000000
7VwVZvQTVDrQmQ9NVjdn8zPXJf8bQr9VMYqheSdTw4ET,10000,0.000010000,1,1730127235,1730127235,0.000000
7yZrVny5eacaS4ziVSVAHa5G2aKSPymtoJtw7QBnMR6A,10000,0.000010000,1,1730127208,1730127208,0.000000
7zMCgn84dyCWrKCzmnjpdmrxcw3ikgWw7weB7ST6Zz6Z,10000,0.000010000,1,1730127871,1730127871,0.000000
82bgf6NbmnC9Y1WDq4rUiF7GxsWWwVNmyXBSjyJGMTJE,10000,0.000010000,1,1729933504,1729933504,0.000000
8agn7dbJMRrHz6ThYJPyEadGYsWjVtnFU4B7dcyNVsBP,10000,0.000010000,1,1730127929,1730127929,0.000000
8cbVj2MJtsaYz9qe4AzubLzxHZPrm7jC33HdUo4DmerN,10000,0.000010000,1,1730126821,1730126821,0.000000
8dWuu1eLUmq8NbqXq2Cm2bMNvM6LWXHLnTTViK1zW78j,10000,0.000010000,1,1730127334,1730127334,0.000000
8fUtVDGqPWwgJE33JsTpCum6JkhwpWqYWGdpdBCY1jWU,10000,0.000010000,1,1730127331,1730127331,0.000000
8GzYW6NP96Fis9B4xy7dkCSQMxZnRVahb6krac1WrhTY,10000,0.000010000,1,1730127381,1730127381,0.000000
8hsMp7vcdPjk4YX1v5bDHN9vzXkqaz2qvpADLg1Ky3qA,10000,0.000010000,1,1730127364,1730127364,0.000000
8kBJJoFsQWi3DHUNHsKmuMdd4q9p5ekuCCjpnfo9tmGq,10000,0.000010000,1,1730127985,1730127985,0.000000
8sMppYTpDiLhZwupX2PUswXo7i84DKh3u4eGzxph6T71,10000,0.000010000,1,1730127984,1730127984,0.000000
8UVA9qXeuyFF6vTqb1pQm3hrwRtGeQuUNgy1mTAKTjj6,10000,0.000010000,1,1730127324,1730127324,0.000000
8wchdJT1dSK8mrWV1vqdREyqf6pJc6VNY3YZbUjMGKCA,10000,0.000010000,1,1730127378,1730127378,0.000000
8wCmEbSUUXeq89pQD9HbTbJ5DN58pa7neTDC8TpwHY44,10000,0.000010000,1,1729961948,1729961948,0.000000
8ZCaVWfvht4brbgFSX3erLvT5wqfqrtCChV3uspsvC8j,10000,0.000010000,1,1730127364,1730127364,0.000000
92MUvRV25EzPJbRNvBciZyCeadNXuUYeJHGcdoVcnKT8,10000,0.000010000,1,1730127331,1730127331,0.000000
95aQyn26pJHLV8zcRSZjHzqBvKK17qWvDjS8TaE4yFKm,10000,0.000010000,1,1730128449,1730128449,0.000000
9ChGUQmHUeUKg3rktDqDKHoCASCDignPCf4CSqo6KARU,10000,0.000010000,1,1730127208,1730127208,0.000000
9Dja3BbsYRhf7gRBFyVdSfXwXMLFYuiQ9mtGBcL2i6Z3,10000,0.000010000,1,1730128525,1730128525,0.000000
9dvvHgXU3yyruraWWbMiRxBhiN2Z56MLDFdHehG9KsD1,10000,0.000010000,1,1730126068,1730126068,0.000000
9H7RfwKdfFuLA4MAPxS7XZFeqFBda7LtTRsS1sgqw2jW,10000,0.000010000,1,1730127984,1730127984,0.000000
9H9gb1SdDyYfS33f1um2KrpqNguwKey8noW7jd8gKgiH,10000,0.000010000,1,1730127409,1730127409,0.000000
9MEyWCLomWiSCWupLqbW2FiN8ZF3FLh3kgaJdR6wwvNU,10000,0.000010000,1,1730031996,1730031996,0.000000
9nymFK25D9U9e53dauhtMn9dcnV4LfixbDgNaV8mNurb,10000,0.000010000,1,1730127373,1730127373,0.000000
9o6MhDYC6GCqL8QXtRAN2faX2pNtGWhBC6YmoF5wPKcM,10000,0.000010000,1,1730117926,1730117926,0.000000
9p7zBT8XLfMNRMGY1bmDJ7RrGAUp45ghQhURvcfTTUci,10000,0.000010000,1,1730127373,1730127373,0.000000
9Qcqz6qQ6n9RtP1rDNc8Wgk4FAtviDca3Fj8FzvAkNQj,10000,0.000010000,1,1730127869,1730127869,0.000000
9Rs24J69uDyyTfESYTBK3BCu93m3rJAd3kTytPfHfdRZ,10000,0.000010000,1,1730127400,1730127400,0.000000
9v4FkxYW6c8xJu5BgZ3xsMn3bBrpL3hPuj4HyibPRHiV,10000,0.000010000,1,1748986949,1748986949,0.000000
9ZDV6EJCpMFFEXEsqJmSdtWjJw1PFWG8sZBaXbAraEvP,10000,0.000010000,1,1730128367,1730128367,0.000000
A5c8GKrYXuVEqt3sdq5LjtVwPU335c38pzSNC5e9s29H,10000,0.000010000,1,1730127203,1730127203,0.000000
ABqiq1bgjp5aGpjheLGDVusaqDMAjpRpxEdgWZ1BL8B8,10000,0.000010000,1,1730127931,1730127931,0.000000
Ac1b3xyPZfePjpHEJD8KPixkr9VmHJYiQickYJ2xVV5P,10000,0.000010000,1,1730127235,1730127235,0.000000
AebtDKxzNjZyuft55C3DB3LhZdz5h8ELp1o9Fu4yfNbE,10000,0.000010000,1,1730121010,1730121010,0.000000
AjARRtFSGBaDvi5YDT6b4Fbecz4aMrKBMhHd2B7HkA4S,10000,0.000010000,1,1730062771,1730062771,0.000000
aMAFDJcG7SVUqLDwRKz5Wwwz9Fq1pFd3SKB7U88h1NS,10000,0.000010000,1,1730128055,1730128055,0.000000
Apk8L5doQWF5h3x4dkv3buWCwj8qVw5WfGRr8bHphPfq,10000,0.000010000,1,1730127269,1730127269,0.000000
APnmo7nFhHaZAs4moaAxUvfsKCu18xxX6vmp9ocW55LH,10000,0.000010000,1,1730127364,1730127364,0.000000
AsFQS5J9XqZazQHgrm9hYxBvGXu6CA2CryNAUGwzLHF7,10000,0.000010000,1,1730128450,1730128450,0.000000
AuJYK9tZB5mCGtw8wMxxgYSnAMdJFeWwP8aFe6gtELDe,10000,0.000010000,1,1730127208,1730127208,0.000000
AUP6rrD5tnS996A7srRxX56VN1iE2iHqe3twANEt8Dqt,10000,0.000010000,1,1730128691,1730128691,0.000000
B1BrxYToeQsSbzuAM9SEn8VrW889tNUdC4DMPKg7r7wf,10000,0.000010000,1,1730127235,1730127235,0.000000
B6t45YzcTiiCrqWRknd9WZ9KvXBd458icxvsyashow5J,10000,0.000010000,1,1729948340,1729948340,0.000000
B6t4XRQx3gR4Rzd4i4Usdt7B2tWLkFoL8QozLK3mUbPJ,10000,0.000010000,1,1729948993,1729948993,0.000000
B79DTTA25pTUYTJqaq67FbjSS9PLvTU6mDWEtu8ZvWcv,10000,0.000010000,1,1730128688,1730128688,0.000000
BCNjhgMDXCqGVSTFCabEz8DtKJvyAvM2jz6MLMSQb6Gr,10000,0.000010000,1,1730127364,1730127364,0.000000
BhgwqUUru1bmX8sRupBryjWETG9JwT8hXxP6RFpff19x,10000,0.000010000,1,1730127930,1730127930,0.000000
BHuWbwuo4udL7PjFviC63z66NnsSPEEJxYo2z2mVXxXi,10000,0.000010000,1,1730127214,1730127214,0.000000
Bo5gDBMtaUJoMUDpbtqhM2mQ7KxES7SGyYk14go453qx,10000,0.000010000,1,1730121434,1730121434,0.000000
BTgETfWKb9aLZYcMQ9Zmvi9CPFV6H6CvQydVgVnCCC6a,10000,0.000010000,1,1730127378,1730127378,0.000000
BVyrqDr4gK33NtoUy5xmTMnaHW8MSUmdAqRm86FLXhw3,10000,0.000010000,1,1730127214,1730127214,0.000000
BWpcTmpuAWEmMYKUCGNcS5W5gSveD4SWuccfaXXyuqD8,10000,0.000010000,1,1730127989,1730127989,0.000000
Bx2Q6K4pY4DLDbZVNi1xzPXpjtGrQodmXbppLJQSKFjA,10000,0.000010000,1,1730127202,1730127202,0.000000
BXJiKnLkPnc8nVrMSXB2aWzHV593dFyrn6cpFKeZ3zMG,10000,0.000010000,1,1730127335,1730127335,0.000000
BYESipoptXJvraswX39MvtFuofe8FiJL4wZP6ENPbW9x,10000,0.000010000,1,1730128447,1730128447,0.000000
BzLw92Lh62g89ZD7Vpr4PbaB7YVY2a7yToASEknYokMy,10000,0.000010000,1,1730127263,1730127263,0.000000
C1R5oT4wvcxegnz6fG2N23X3hTqjdoEBSG8CZt65gKEa,10000,0.000010000,1,1730127368,1730127368,0.000000
C5o2wu1qp1PNk6529ecegjeAUcsgJqNqn4CjUqju4aiS,10000,0.000010000,1,1730128055,1730128055,0.000000
C6VuA181NaeWB64VTiGYCHWpeASG23dkmkN7gFRKxLq6,10000,0.000010000,1,1730127198,1730127198,0.000000
C9YiuJXXgndrY4A61igWrCzJNvsihsXXEVMjCrD45WZC,10000,0.000010000,1,1730121108,1730121108,0.000000
CftJgKvnDyGv9N9eKCatiKL83FDBqUBgCyy7sMdu7NW,10000,0.000010000,1,1730121042,1730121042,0.000000
Cg98HQ4UEQzUV7QCFoMQuv8aQMjZEZvZ1BxSp2QLC747,10000,0.000010000,1,1730127366,1730127366,0.000000
CkASvcqcMz41dc3ZiGpoS31XA94G1WUJ289FPYzHSdp4,10000,0.000010000,1,1743554338,1743554338,0.000000
cP2cj8eEEzijProXPnDGdH7eF544H6p3igFyz1kPjPa,10000,0.000010000,1,1730127203,1730127203,0.000000
CpUfjh82BAbsu1x63mRxhRkc6AvimpgbBVMZiZ5qno99,10000,0.000010000,1,1730127215,1730127215,0.000000
CQYbr9EqheUhukNaVR3LwwY6rrFCRYs5K87VwyV4ZxXh,10000,0.000010000,1,1730127182,1730127182,0.000000
CV9okUTd3NVnS1PBqxyfQHJaaqcPpps1EwT9SPcT9arS,10000,0.000010000,1,1730128273,1730128273,0.000000
CXstq3BrKRynvnVkE744kdiY6SQZe2i5BPXNyz9PRJnM,10000,0.000010000,1,1730127874,1730127874,0.000000
CyaESJrT9mBmE4fNHZqz4pCEAtHr7jxWWUmnC7rquAWQ,10000,0.000010000,1,1743554450,1743554450,0.000000
CZaRsdwxTaPckcJtGa6JJXAWSNHzusBaeGyNDZCqgWca,10000,0.000010000,1,1730126869,1730126869,0.000000
CzB6j4G1fqY4cBroFVT4sM51rfQLP8HSzX4eBCee6D2k,10000,0.000010000,1,1730127375,1730127375,0.000000
CZRtsF34goStdo4LowRHPGuT1PmDUUbi8mhwMmPQJMYE,10000,0.000010000,1,1730127378,1730127378,0.000000
D1g6iRNbwKkD4ffvXXKVL3cuvSpv2N5oV3CFao6KkRhB,10000,0.000010000,1,1730128276,1730128276,0.000000
D21JQrvhh75McMUHHFh3Jcc1WhXjKaPdYGwAeJAigGMc,10000,0.000010000,1,1730128451,1730128451,0.000000
D4fXWBaXwtkpryPez5p3pC4n6gXsWB4QuKQWxnqfB4KD,10000,0.000010000,1,1730127182,1730127182,0.000000
D7GPmUMUMyDKcif9dw7G5YitGssfkzjQdBsg98PkkXcX,10000,0.000010000,1,1730127339,1730127339,0.000000
DBCX2ks6Tz41u7PWuBVMJJ3Vof9dNjME8L7ode548x1R,10000,0.000010000,1,1730127366,1730127366,0.000000
Dcat5EfxyT5VRY3YfifXbjTh3mC1mRwazkefs8X3gvsr,10000,0.000010000,1,1730127263,1730127263,0.000000
DEiKJEcREBnhjDogFCbYy76y79ne2Es9cFdKUNaX3YGq,10000,0.000010000,1,1730127198,1730127198,0.000000
DK3LCruR7t6VwzmYYfFf2PZUwSu3pp9Zxr1FBeUGPJ9v,10000,0.000010000,1,1730127356,1730127356,0.000000
DK94HgsFmYRiCEukpP56tbWGsJXgJkTVmN6T6eLiLE2f,10000,0.000010000,1,1730127235,1730127235,0.000000
Ds1TmiawTE8NF6FfsbBBhvoFSXpPCJZ1Y1qLnNBrBWEk,10000,0.000010000,1,1730128364,1730128364,0.000000
Dsxn4hLWCxf26uVrvtzk8GVdcGrTzQYHkBRmtrFP3rg,10000,0.000010000,1,1730126796,1730126796,0.000000
DSxVqqxFbkjzPmr4nQqR6kw4u82YJBx4ADKjGgPXsvVH,10000,0.000010000,1,1730127208,1730127208,0.000000
DwxomJ6ochomQyWDrT4ANFWdaLoJjrsKof9r2Kfp3F3W,10000,0.000010000,1,1730037614,1730037614,0.000000
DY69mDuBecVJDed1dJLuE5n7EcfANGirycYk2EA5ooGP,10000,0.000010000,1,1730127378,1730127378,0.000000
E1w6uY9L2BYL7ymzMzLo2AbZHRnvzsgqHTzNm796ZcGo,10000,0.000010000,1,1730127378,1730127378,0.000000
EAVohi5SUxJEjohwGPKZ9KXx8NUdo3GzF5SaGHyabjCp,10000,0.000010000,1,1730127235,1730127235,0.000000
EFgRSh3nvciY4MpQeaaofkL8KRbGsfbUnp3vjY1CoddP,10000,0.000010000,1,1730127338,1730127338,0.000000
EirMXZ36E6vk2NLv6E8MbXLYTifNQcSaTg3oTdvSG1ga,10000,0.000010000,1,1730127378,1730127378,0.000000
EKrGEg7mh9FnLyMDDAM3CRe3psafAJAcBbhnDSwUoKvz,10000,0.000010000,1,1730121190,1730121190,0.000000
EMpviTcGcVXFo9JeZsGccH67Kg3a1CNHczeu5S3jCd83,10000,0.000010000,1,1730060392,1730060392,0.000000
ENjH7qkkQw2wNxTQQ4RTMQYPajBPzf1tyVWbSiFP14Ad,10000,0.000010000,1,1730117962,1730117962,0.000000
Eocjs2EMMG674UioSXcdy5vv8r9HNaGmVZhxXs9zUneP,10000,0.000010000,1,1730127378,1730127378,0.000000
EULqefynsm4k85yPBe7ZZQpmT2ct9zVghvnVo2jaQ8gF,10000,0.000010000,1,1730127343,1730127343,0.000000
EYkhTmzQJiv3B7AfPk5C4ZRJ4ikiiEM2GUMAhwRUuDkQ,10000,0.000010000,1,1730127336,1730127336,0.000000
Ez8ar61HjK3qFmsJtSELeWSpjvjpsovhwCEeK8nXtFLC,10000,0.000010000,1,1730127356,1730127356,0.000000
Fc9tmsuiz51Na81h63HmkiPCz3TvVqXxQtbTDzMUUJa6,10000,0.000010000,1,1730127344,1730127344,0.000000
FgCg2H1JyrdT1Es54hPvzCBPa5xSJuLKNSU3DkbUZMzc,10000,0.000010000,1,1730127378,1730127378,0.000000
Fj81f2m1iMpNXxWP89SyrcwWTTFXTmH9wio4qPUYiYm4,10000,0.000010000,1,1729888286,1729888286,0.000000
FjZpMfcDgXGpqhQDhehyYsQ5V7Sbf3zCcnidVsvGkiFL,10000,0.000010000,1,1730127193,1730127193,0.000000
FnQK3WwEP5ZvgHwS2Kk3ecpJQWs3hcFjjAypZdnRFG96,10000,0.000010000,1,1730128446,1730128446,0.000000
FrXrTrPxwPqjBo3etoRji6C3erXbqDXftpU1hdcNUu8z,10000,0.000010000,1,1730127376,1730127376,0.000000
Fs8LxYwaoW76oXtLrerAaaJtf8kwvcKC5cegYcLXYJn3,10000,0.000010000,1,1730127210,1730127210,0.000000
FV4VvQLqeYK3xsJb8KjT4zrMU2QQUxojwyN8oEk9Exbj,10000,0.000010000,1,1730127412,1730127412,0.000000
FvEbW5M8HYNyu9QzrHD7FcMhwx4pBwBD2WbdpzAH7nkw,10000,0.000010000,1,1730127378,1730127378,0.000000
FVmNgvgPCrrDJc3goWLTGZNYba6L45HGHcWREcyNFLkR,10000,0.000010000,1,1730127235,1730127235,0.000000
G2mC1WoyXv1EuvWnJs3y76D73kMbX6gSyCePkjWRPMyD,10000,0.000010000,1,1730127198,1730127198,0.000000
G4jSP87D8jtZfs1XPGieruZHS85oi68AFDvvjtqyDc94,10000,0.000010000,1,1730127373,1730127373,0.000000
G7Ahzs4bW1nqhRwXYqFN9RpmXKiWzWu4EQmZtsLDT6Xw,10000,0.000010000,1,1730127378,1730127378,0.000000
GbDmkfsA1Bobw8EnGok8oYKGo2Re4QPusF9ubEuzUNup,10000,0.000010000,1,1729999356,1729999356,0.000000
Gj6mKo4SH7EfiQ6tvoMre6dx7oKcee3qydigu1hwCJ8R,10000,0.000010000,1,1730127198,1730127198,0.000000
Gjz8nGc8Qxp7th5CXwLT6Ttm7a7ieF6o5JKpAwQ8C1ke,10000,0.000010000,1,1730127364,1730127364,0.000000
GoyYoetehe2CbV7RgCFcXJywa2FDL9kVH5wX5LVewvxR,10000,0.000010000,1,1729977616,1729977616,0.000000
GPJ1zNus2we7ZbJxsWAfk3acvpfnRHMrxGAC3hHveUnd,10000,0.000010000,1,1729951732,1729951732,0.000000
GTZBhAWoCe661xsVYM5LhPQWEFfyHse3uBK2aFqA5U22,10000,0.000010000,1,1730127331,1730127331,0.000000
GuzGNzNqYu3nExMWMnQL5wPBWm9gHnTfviuavv2NvoAN,10000,0.000010000,1,1730127869,1730127869,0.000000
GVuk5ooV3AFEB3eRpNuFm1c57CSqoswUKBjK8Q2UpcWY,10000,0.000010000,1,1730127364,1730127364,0.000000
GW29gdYR4fcNcCmeJ8GyAXHGQRhfgidK6hzBBYXGwUX3,10000,0.000010000,1,1730127234,1730127234,0.000000
GwTnS7wnaWh9Dqw8chuHW5RLszNDCbS33hjmzBmXoUU6,10000,0.000010000,1,1730128367,1730128367,0.000000
GYByzLmXSVabGEZKKFuZgANombinxBLofdLGW54bVxqC,10000,0.000010000,1,1736453836,1736453836,0.000000
h4Bb3NMNZDFhFFU9vooar9yxZjY75JCZSK3oLZTcAHX,10000,0.000010000,1,1730127378,1730127378,0.000000
H67ANotZsnbetuFSfZvNR9wMTZyKyRT4SKr6BfAKVQHL,10000,0.000010000,1,1730127985,1730127985,0.000000
HEzSiJri36uUtfK6bcaktE8fmtWcwDQ37bsAY1z9YmSm,10000,0.000010000,1,1730127324,1730127324,0.000000
Hfx11622d3L2PSze3hz92iPEFxPFxXoyzvTopPj2UJHG,10000,0.000010000,1,1730128276,1730128276,0.000000
HGApFQHU9YWK58EgMNmkx6hDHURkZHNLtErKdGfKof8M,10000,0.000010000,1,1730127760,1730127760,0.000000
HkH1KH7boakphqtpdDpAKrrwViHysgUxHKg2GK62iy59,10000,0.000010000,1,1730127208,1730127208,0.000000
HNgRDxPwJz87Hfmgg11XFe5yLmZd6N2wv6Xv2JJjEaBC,10000,0.000010000,1,1730127255,1730127255,0.000000
HNq77ETg144Z6EC1DMnqbt8LUSTDusBZ3JvcZMWLtLk1,10000,0.000010000,1,1729958754,1729958754,0.000000
HR7RrkZifw5hfyU8KBdaEXkC9xggSrgYxGHDktZNfMPC,10000,0.000010000,1,1730127378,1730127378,0.000000
HrPNs2uu35DoRft4qaeDR5sNSjwJZeyToeXwDaMPyxpT,10000,0.000010000,1,1730127378,1730127378,0.000000
HYmo5Fwc9pe4fKKdRYaT6XREk4WFErQxwT1zCc3BEo1S,10000,0.000010000,1,1730062633,1730062633,0.000000
HYWhrVvo7yzmWam8v15v5xqVeUSN9dw91mK4jGMyRvyq,10000,0.000010000,1,1730127252,1730127252,0.000000
HZte4ottBL7djUVCYZJuYuzs6XEkwVKGJAz762ysVBx3,10000,0.000010000,1,1730127360,1730127360,0.000000
iWi7K1LnY7tFtzzHms2XSSoh7jTrNiZiyCAMhku24VL,10000,0.000010000,1,1730127373,1730127373,0.000000
J1wMXDpveQkyDy4xAthYpx9n6tY6qfdphzKQExwFFwaH,10000,0.000010000,1,1730127361,1730127361,0.000000
J8YKZedpvahfVCWRQ6t6wWEviNiJhUv66NBAQkASEN27,10000,0.000010000,1,1730128689,1730128689,0.000000
JB4EideQU55mW9wwA3qSi3qJzwADnAMhD4KFsLMieWCQ,10000,0.000010000,1,1730127378,1730127378,0.000000
JEGv3xcu1E3b6gVAVZGZFb8JgUU2scBdBdu85eFdRxhQ,10000,0.000010000,1,1730127364,1730127364,0.000000
srN6rXJfRJNynwyVzy8ZW8smBHxvGEKNBaU96yTt6aC,10000,0.000010000,1,1730127358,1730127358,0.000000
T2TaHCLWE8kWGRnN7CUXGSAjgWcQa4LVHi2pjF7vo5R,10000,0.000010000,1,1730127360,1730127360,0.000000
udpLqWe2hvkKx2AKG4uFFDAte3WmtWmzxnrwf8LLbaG,10000,0.000010000,1,1730121082,1730121082,0.000000
9se44jt37i2KHnB5gwuU6RppjB17138ZBpvKdediXRC5,9000,0.000009000,9,1729919391,1729920096,0.000000
9se4sS5XUTcPTbHE3g6KdgdV1915BUGixZ9ogsDUbaC5,9000,0.000009000,9,1729919382,1729920084,0.000000
GeNB6cmLS43gieUePEwhHwrmY8kaVqgj99t8ruXKk23K,9000,0.000009000,9,1729908643,1729909583,0.000000
GeNBYxT3WRrMLVXAHWU5eir3tULeNfoPuAE7hc9MVTDK,9000,0.000009000,9,1729908622,1729909572,0.000000
5uGRsUjPsnP8ZydSFZLuFpeDf1GEZEckqATDis8cHDQc,8000,0.000008000,8,1729917953,1729918716,0.000000
7s9Pr1CVDHwSpcFj8cJy1NZfFiDLPQKprzrZeqdfMW5h,8000,0.000008000,8,1729915786,1729919328,0.000000
5uGRbi9gD3pYdGty1kTN2Wcue3areQZTXbLc3yutfX5c,7000,0.000007000,7,1729918084,1729918645,0.000000
7s9PSuXn6jUG5Hv7QdtDDsN39unJn7gob5nktoMQ4v5h,7000,0.000007000,7,1729915791,1729919343,0.000000
8tVLRqPfbQTfEmvUkh18FK4WhAHfUoYBHojFjJSK9SBg,7000,0.000007000,7,1729906898,1729907565,0.000000
8tVLUWweh3QdvXziGApq2h4yGAUQvMQnspWMaDBGF8Bg,7000,0.000007000,7,1729906894,1729907558,0.000000
AFDk4SHPTUwHHjdWyLaVG478T3ux6VhPSEcWVVjxAjGK,7000,0.000007000,7,1729905205,1729905876,0.000000
AFDkhJZSG2Lm4cJE5BuKvwJApuotnvrPYu965Jz7mi8K,7000,0.000007000,7,1729905253,1729905905,0.000000
EHWc5UqMLGsqCJ3zTnMtsHkxFNe6ipG2BmkdCKvF9fuE,7000,0.000007000,7,1729924531,1730090262,0.000000
3HyFdNjjifGJ4bxcw5Jm6zi637RmvhSBhpBey5qSbj8z,6000,0.000006000,6,1729937277,1729937747,0.000000
3HyFM9C3WVfHQZKFpaB3K58psM386TykKZ3Wcx54fJHz,6000,0.000006000,6,1729937338,1729937828,0.000000
3j5bLJu2K48HCHfebD9F8cjQfk25Td5sjG1sku561T3s,6000,0.000006000,6,1729906502,1729907037,0.000000
3j5bpzd73HrjNtS1kYc4bVeACTTBcnUQunjavLjyWG3s,6000,0.000006000,6,1729906510,1729907040,0.000000
65rDxQbzBF5YqdWK8pmB37HC1chQxjVSPhvVCZbbimZL,6000,0.000006000,6,1729915549,1729970277,0.000000
7oaPpqgwhi7F2S89MHcagPCkVkCQZyCPFet5ytGqGFRE,6000,0.000006000,6,1730045168,1730117899,0.000000
7oYcgjq1YWx9847vfSJhv1uASETyiEyw2y32M6jGZ4Gb,6000,0.000006000,6,1729905766,1729906229,0.000000
7oYcZudFpEqedPbUuydrHWbMTzUmBDMvzT544UMG6NGb,6000,0.000006000,6,1729905740,1729906222,0.000000
aecRsZsBE3PSXBVGhu76w6LWFyG7aL4UirHwY8pdYBY,6000,0.000006000,6,1730131423,1730131455,0.000000
AfnhtRNg6DFeQ16cSBehJAdWaBBYCudeeKfRqRrUooGq,6000,0.000006000,6,1729924209,1730099526,0.000000
DPpQKUPx8FRAJuz2LHhBxc8EcHi1QaWWtLkDhJNeJixj,6000,0.000006000,1,1730120915,1730120915,0.000000
E91J81LPmDU9Yh5giwdEwdinjgjP16NC7J6YbFEc7iZT,6000,0.000006000,6,1730092643,1730093387,0.000000
FsBjpNVHsD76y87D8EoK3pKcdCL3W3hXAxQWR3ikpBke,6000,0.000006000,6,1729896614,1729909535,0.000000
Ha8thUpFoY5CANvEznfYFgEuhDa4cgqp7AmrTgdbETuF,6000,0.000006000,6,1729935870,1730079138,0.000000
2Arp25XxjMmZH43Qs9H7sWjtsvyiYP5UAs5b8h9UiZ5m,5000,0.000005000,5,1729904449,1730040673,0.000000
2Arpuu67KJHPShRDina6DEJAGiaY1ddkpyoBbCboxoKm,5000,0.000005000,5,1729904422,1729904829,0.000000
2TzTkqSg1ksSuDfdMFsSPPtoxgwQ3T9Vb2N1ub8YAJHZ,5000,0.000005000,5,1729925603,1729925969,0.000000
4D9xGcMMj4yPBECzM7WfkZufLgPhFuJkeTKaGEqLVF4k,5000,0.000005000,5,1729937764,1729938327,0.000000
5FYhSye54bviZJuo387sZ8LsgxTLwLHmUTF78QNposFN,5000,0.000005000,5,1729882158,1729882468,0.000000
5SYDLHfaAXFjSkDjiZvA9kD9RBvhhAzESZX2ZCN6HW59,5000,0.000005000,5,1729924787,1729925350,0.000000
67SC22FxytQXzyXXoWYHEMkMZ2vqnSU1SCgiMLdCR1T1,5000,0.000005000,5,1729920233,1729920686,0.000000
67SC7sxNWEjYAFeRNovmGFQNkw58vD95FQYswMrJmq11,5000,0.000005000,5,1729920366,1729920693,0.000000
6AT4Cuxeki3NwfwE2CMuwSVwnTWuFVy8PMiLLV6hLQdD,5000,0.000005000,5,1729906575,1729907046,0.000000
6AT4Dy4RRRY9FCn8Uiz7H7p8RPj6LzcrE2mquNq7B3CD,5000,0.000005000,5,1729906580,1729907053,0.000000
6smSYSt3FhWbXX41CMX5zLVzi4CGKe6mR3rBb1QMzb1D,5000,0.000005000,5,1730128463,1730128488,0.000000
7yumpZbaZUkTinuUdR5yN1vVCD4MRMMLrCBT46A6pjPo,5000,0.000005000,5,1729918335,1729918709,0.000000
8Bqcx1FpZN3JFHpitBuLKkdruU1snhbBymXdsiuAJ6oK,5000,0.000005000,5,1729941242,1730116069,0.000000
8dmRkjMSYGoJqkBrcT6JuS5MFLSdWXWTZWbH5KaMwoKN,5000,0.000005000,5,1729923585,1729924199,0.000000
9zkmAU7HgWsRXqCrzSvk8XHAC1PMpEKQbgkqtGqpxj2n,5000,0.000005000,5,1730004188,1730087369,0.000000
CDnm6PJVkAB76XXDuyHeqfWfTcG7EwKAAmXLtBCmnqb4,5000,0.000005000,5,1729947438,1729947910,0.000000
DpX6c1UCQRb9ZGmV2QDpWSbiwqHMVnibGAdCituL4jDd,5000,0.000005000,5,1729880765,1729901701,0.000000
E4KRFsnnXRBXyQrkruFsHU7cnDtwwKDNpSvShYGvnaz4,5000,0.000005000,5,1730078279,1730078513,0.000000
EzYMaMFCNwaAjPTseN8mLvjYxNqMJE1zX4BH4YXMvYTs,5000,0.000005000,5,1730003851,1730004188,0.000000
FsBjZyHwePpD4UgagMnj517eh7bNzPiiL5d8SRRbxSke,5000,0.000005000,5,1729909221,1730027712,0.000000
GhFJPZRpANudZsRVbWhU54QBirCc51jsuup5FJq6ncB3,5000,0.000005000,5,1730047396,1730127040,0.000000
Ha8tFuvLLVnkEPGcKXaAdMrrVLkYGJSz8vD7sSr1tN3F,5000,0.000005000,5,1729936016,1729936422,0.000000
HzoK48afprocS3aM5L3G6C2mpHzzqMqnmYNchtfx7ZVC,5000,0.000005000,5,1729873375,1729882468,0.000000
HzoKzSFREL1ktHBY6fo9gPBhfrcynuKKZw4HR6X9qK4C,5000,0.000005000,5,1729882220,1729882485,0.000000
J4YJNoeg9B6U3kSCVMsmJ2kCNV8chsgnoeHF8B6mDnP3,5000,0.000005000,5,1729905999,1729906257,0.000000
J5g5p6HeyB5gbnuGQw5YjrBghkjGfXJjMJ2ZJNoH5kwN,5000,0.000005000,5,1730045026,1730045696,0.000000
25Jn4KVH3Y9NZE3SNQ9GcPQLUQ7ZFKwowD2kNEzNwUtq,4000,0.000004000,4,1729905566,1729905887,0.000000
25JnaZyJjsQSqTcEu2ssQiSMFPaNazev6QTiL1Bwugtq,4000,0.000004000,4,1729905606,1729905920,0.000000
2TzT2r3BVqt6n58jP7jShMuKoqQwdHpQkh7uyEL4chHZ,4000,0.000004000,4,1729925614,1729925890,0.000000
3bCZc7uEhAvWzUs7kWAqUjj1W8VuR1XWxK7HTbKGf9Hb,4000,0.000004000,4,1729909295,1729909632,0.000000
3bCZzHWBbK6jjxEm3d5YZZxSiEtqVrP7M3V4YU7PHacb,4000,0.000004000,4,1729909270,1729909628,0.000000
3ektNcXSz13ELyN5Nro2xdnxvT7EfYr8vXPcfq4Pak3W,4000,0.000004000,4,1729877484,1730120420,0.000000
3FkpAiqQwVGMaDK2J4c5tfzG1XZShWJ5Vo3hC1SdT23o,4000,0.000004000,4,1729919005,1729919336,0.000000
3FkpqSekXi1ooqTe8XjUHLzjxdiBDj6DHRFYrfozunXo,4000,0.000004000,4,1729918996,1729919282,0.000000
3r827ZF3KmnfCtoJbAEsh6aZDmdoiKvSPoJJLa6bj9bg,4000,0.000004000,4,1729948638,1729957186,0.000000
4D9x7Ct3CaFuHz7tyupLghVPtqVNKSiChtDPe75cpsLk,4000,0.000004000,4,1729937850,1729938323,0.000000
4VVeJcuWs6rGwxrC4dsGHkKCiXXxoWw4cX7hfhk9GXW4,4000,0.000004000,4,1729942012,1729942391,0.000000
4VVewHbgcCUKaqpGq2Lu4QjySqnouZijk5FoeuRGVj34,4000,0.000004000,4,1729941955,1729942398,0.000000
5FYhjEnLWsp7698ZR1ZHRcKqaCB8KtWmyS95gLpQBc9N,4000,0.000004000,4,1729882165,1729882404,0.000000
5jkM24yjo7pq5SXV1reJC1LPv5ohre7gVW7xdsVJ4z2V,4000,0.000004000,4,1729901891,1729902158,0.000000
5jkMfZwAr4noqSXcAzmJtkR2dL6jRTDzFxbumZ7nWePV,4000,0.000004000,4,1729901883,1729902152,0.000000
5SYDfMfaTWro4t14fK3aS2hYG4ba7gKEQAT4goZa3469,4000,0.000004000,4,1729924940,1729925255,0.000000
65rDvsiYdVTwShoh24XqKKaeM5b4WTbSFr657c3Gb91L,4000,0.000004000,4,1729915551,1729915802,0.000000
6cUfLixZEAb9GerJx6ycvggkQkJbZynzoSn6zXiuE66z,4000,0.000004000,4,1729976446,1730127014,0.000000
6EureXMPKPUjkyAk3rDTmaU1s1H7oZTBuuXXowocgHs3,4000,0.000004000,4,1729933952,1729934382,0.000000
7cPyKjVHyvFcpTPH142XfzUMMt72fd3FViM6Pu2QZqWU,4000,0.000004000,4,1729885060,1729885501,0.000000
7q7xx1VaWwYYsbwY7tv1zmYsPU1Y7Ve7MnB1pxfbXU3Z,4000,0.000004000,4,1730017263,1730037325,0.000000
7W7g5brjmDRdCGfbv3UGzCwRmdSQDRZ2XG8MBWzTSbpg,4000,0.000004000,4,1729883748,1729884037,0.000000
7yumQS9RT7ow4oXkpPnticDexcTkDTJxpnLzbZknXN2o,4000,0.000004000,4,1729918345,1729918610,0.000000
8dmRYLjGTGDpP4KpFvPf7npq6Ccx97boAqDH56qnSR2N,4000,0.000004000,4,1729923496,1729924113,0.000000
8SeFpmrd7U2GBT9JjDEHsNDyqtFYMdJYUh56aLq5H39D,4000,0.000004000,4,1729887226,1730124628,0.000000
9gqrPaHS9GKtFiXLpSUpAD8HjwUQg1AbJpz5sSa8Z79K,4000,0.000004000,4,1729914777,1729915163,0.000000
AAom4ztirH2XZoA3cNbrLu9vvbN7ct4GHRxGVAegS3i3,4000,0.000004000,4,1730133224,1730133428,0.000000
Absj9atLouSPSVQyDUTy48YdvKC8ejBd2jqasz5MDmEP,4000,0.000004000,4,1729911455,1730122889,0.000000
AfnhvphkrRefxksqpJv85rYdGgZQDVUcLBy8bFxmHg5q,4000,0.000004000,4,1729924124,1730099651,0.000000
B3ASJc93nYobRwXtg3fLBzJQcuzQd4o6SYRQAFPf6gor,4000,0.000004000,4,1729943863,1729944272,0.000000
BoQMX3ggWivCZZDckmaUMFGPhjVpQHr61tKh6xBbDHXX,4000,0.000004000,4,1729902183,1730096560,0.000000
BwVuJM4fyiZfBf24WvMSAHhjepyLQiJULvPkeusWBF3T,4000,0.000004000,4,1729882353,1729882640,0.000000
BwVuzzdVhmKoCtiRC7coeFrWF5SejGFRs81frsFahytT,4000,0.000004000,4,1729882348,1729882637,0.000000
CXiwCT2ryfDMELaaUgD3ua1d2KXNvGTN2FbYmEzFX9Au,4000,0.000004000,4,1729882069,1729882278,0.000000
DpX6RBgVdeXdrY2WC54ncLdUUM56DM2MCpCaNDV7xGDd,4000,0.000004000,4,1729901452,1729901706,0.000000
EkLy1oQt9kQKNte44frQq3be2n7rVUfbq9KB3794CqZ9,4000,0.000004000,4,1729917057,1729917287,0.000000
F4TtRK8RGs2RtJMp6Do1YNsaDEC62bKUTGE76m6Rv7Ah,4000,0.000004000,4,1729920567,1729920815,0.000000
F8epRg8yGvDo6xMSCPw7sJUg9zTq9wKXs3SJETmbxDw4,4000,0.000004000,4,1729925331,1729956826,0.000000
J4YJi3hxnC3HGqXyjewGmsm7sVbXwPLWVaAQmHWfBWP3,4000,0.000004000,4,1729905963,1729906254,0.000000
14NJiajf494u1xw7AaVtpcfg8RBcMgGKCBCXxQCWobXs,3000,0.000003000,3,1729890599,1729964161,0.000000
261EcjY7spGdtmjNDtCgzEtgHhfqUZqXp4SL9WcJwL22,3000,0.000003000,3,1729935182,1729935391,0.000000
261Ef3vayCJbkYjwwESsASXTd83NL7Zosg6h9En1ihU2,3000,0.000003000,3,1729935030,1729935373,0.000000
3gAqatnakeD3wNet22P4rLYYvv286WytbAPyeWM27m5A,3000,0.000003000,3,1729933322,1729933513,0.000000
3gAqEDfWNiRMippeYsCLSoyS3WFjfokBHoF5tDmyRV6A,3000,0.000003000,3,1729933327,1729933530,0.000000
3KFpvRKL3R4XQABdTDSQjhMyGTyNGWLu9Sn23sP1z3hG,3000,0.000003000,3,1729906945,1729947435,0.000000
3r82phxxCCKBRsZtVkyKBaEx7LD4SV5m5fHvrnx7pdbg,3000,0.000003000,3,1729948634,1729948835,0.000000
3SB3p6Ad4xtdniRM63c1BdnHcSwVW3Xh7E3wzxQ6TUpx,3000,0.000003000,3,1729936840,1729937142,0.000000
3SB3pfs8BFFgTEQrtnH982gFD5nfSGhmRMG3m5bgvPyx,3000,0.000003000,3,1729937093,1729937320,0.000000
3zfwRWN8c8Rq8PxSCrAnkYVdPLHoHjYhhJVKD9TZWh8M,3000,0.000003000,3,1729963855,1730121085,0.000000
4avgVAJ4UT3qbuF6amWmoDuTTpavoMvzoB5EXFWswaGs,3000,0.000003000,3,1729943589,1729943794,0.000000
4fBkn1xP5axZeeDfjr81hSsrT9s4roVk2yye2TCBmMut,3000,0.000003000,3,1729906322,1729906550,0.000000
4fBkXrN11HZgjWR2CJAn26dE7n8kpwc5TrsjY7Utov3t,3000,0.000003000,3,1729906347,1729906561,0.000000
4SYrahegjCVLZL1ArRQadkQ6cr3Y44QUFMAcsaDJi5eA,3000,0.000003000,3,1729883596,1729883790,0.000000
4SYrHKxqB3kcounCeSYqEjiZAv2mozppkYQ3889iQkeA,3000,0.000003000,3,1729883601,1729883796,0.000000
4ThhE1Q2mmUpp2Pa8wJ82aaVp6tAJ5v8P5H5zW2KSc1p,3000,0.000003000,3,1730036455,1730110692,0.000000
4XD4528ufkZakmLAgg9hFM3Pok66ydhR3FAofr9SeCsa,3000,0.000003000,3,1729923146,1729923349,0.000000
4y2eKty5EzMWZ2q9Mo36ASG5afs44NKGwbNZkPJYZh4B,3000,0.000003000,3,1729902889,1729903092,0.000000
4y2eYyafGEXfbq1R4SfKnrcozDcPPPTPQHVtiVpNxiB,3000,0.000003000,3,1729902742,1729903083,0.000000
4zn7iUboiyv6SwpY2CLXeywGK5ipRK4CQiy4gkhNcN9v,3000,0.000003000,3,1729962911,1730047750,0.000000
5XuMpzrUxHDnpAe6mpwiw2WorShaRsUFVn1iuiRKULLh,3000,0.000003000,3,1729938475,1729938670,0.000000
6ApYBNQT4Qo77D6h2YwiDYhRkGtGxwjugB4PSzRhUGid,3000,0.000003000,3,1730127423,1730130077,0.000000
6EuraSwo5fJCkLMGhLvV87tuuZG2veHKbXE45V4xgQ33,3000,0.000003000,3,1729934080,1729934306,0.000000
6j5ZQFGxF7Wv5M6ARUFu224kjydf4L7HipiGjnKNKD5s,3000,0.000003000,3,1729888818,1729958756,0.000000
6vTmMBdQ98qw63atQ6Bz6topdAdJvmiMG1JngKDU2Jjt,3000,0.000003000,3,1729939794,1729940073,0.000000
6VXzAPAC12o2hu9wvAwFE6aTXKp1EcrjQ9VzNKG53RFr,3000,0.000003000,3,1729920833,1729921079,0.000000
6Y5UdjZjXPuArTXXFsUW8KQcpMTHsghvoAzhZpUdfUsp,3000,0.000003000,3,1729883855,1729884073,0.000000
7cPyPUyTyPjQTHBAnUVW4SzqRaKTzmRncZzpDRNfiJ2U,3000,0.000003000,3,1729885214,1729885429,0.000000
7W7gPTU5Sn1CNvMTkAAqr3bdv1xMwjb7aGxJEeYw5vpg,3000,0.000003000,3,1729883770,1729883938,0.000000
7ZVXjqT5QgEnyV3zYMsprE7tZuXExyYmGpvVP4Y4eXmB,3000,0.000003000,3,1729944450,1730102069,0.000000
8BqcHzZYwvrT4pTeLbVjEAjmUxxHaZRQbGrsNQXu791K,3000,0.000003000,3,1729941372,1729941570,0.000000
8HfEwKCfReJ9LJbh2ert9MCgfe2c3ourBjmfar6eMtPZ,3000,0.000003000,3,1729921858,1730104791,0.000000
8LPRWWmfCZcKk2HWL7ayY9DfVG5myPsrAi47LcJ5ehQD,3000,0.000003000,3,1729948085,1729948323,0.000000
8yGawagSqkhwry36J2DSCWhg94DMsktYeQAegCdCNFjN,3000,0.000003000,3,1730001744,1730001940,0.000000
9bZ4oEa3r6uVrQbDRgJfPGpnFJcsaSRRfUpSNE3fU9Lo,3000,0.000003000,3,1729881855,1730123496,0.000000
9jEVNSkwNH3DTjB9vLcaBYzoFbpUHJa1Uxu7QzDArk5T,3000,0.000003000,3,1729953889,1730108304,0.000000
9kcSgqxC6uogMxjvEqg7MzeLq93g8MVqmp1EXSrfPkrH,3000,0.000003000,3,1729881706,1729881873,0.000000
9kcSubZ79vSgq9XvtFdVMty9ekXKHdF6L1NmuRMkzD3H,3000,0.000003000,3,1729881728,1729881885,0.000000
9R66zJ5ENtpLF982rmRszkTTLysbwe4uqRC6EU91FAck,3000,0.000003000,3,1729880831,1730124856,0.000000
9wYuQSaVjv2xQb2dyoZ5bscb2R48XRnwcUgcX7GL5GiV,3000,0.000003000,3,1730077475,1730088929,0.000000
AbsjgpjZKhHmcU1wLXhPQBi61bvxAehBpzzfxaGVmLEP,3000,0.000003000,3,1729911459,1729911619,0.000000
ApT9R1dKQb3iP5gvBvVYYjA31qxs5cndUe8hNEZoHNCz,3000,0.000003000,3,1729970211,1729971660,0.000000
AudguU4XurtpSbDHmAXzauaYvUUSNzvVw44xt4PbgMDm,3000,0.000003000,3,1729933364,1729933552,0.000000
AwDWZGbDVP3zRLtiU99cBgreD7KGjsDUPpYsf4WFChPE,3000,0.000003000,3,1729944490,1729944801,0.000000
AwLcLtAViv2KXgor3eJiAAVBR7nYw9CvDzZMoC33Bnkk,3000,0.000003000,3,1729885607,1730119887,0.000000
B3ASGyjKB4Vdavy483DRutP15nxQGfsrLZiLnrJ1QK3r,3000,0.000003000,3,1729943997,1729944185,0.000000
B6t4upKMZNrr5Yc9Z9aeAh9PsaLShC2NjSRbbsZEat3J,3000,0.000003000,3,1729946702,1729949110,0.000000
BguzZioa8aW6XifKGbzfvsh1Fekz7U2EZzS8NqASrRXf,3000,0.000003000,3,1729920018,1730081090,0.000000
Bkhh3YP2ryquLmCVAhWLZGXu8Ta566ojjr5QHuX2cEno,3000,0.000003000,3,1729999791,1730017015,0.000000
Bpesq2FrtjGM2wRQLrc2iyCVGDGiFF8EMjweURExGkBn,3000,0.000003000,3,1730093250,1730093530,0.000000
Bs6akuzteyxSyZeC1CzABzVxvfYzhXzGhGkMH97dYqsg,3000,0.000003000,3,1729872218,1730112843,0.000000
BtJYAsGXXnVDHgY4wvAo9xNmReQPF9yWhR5FKKfwMdgF,3000,0.000003000,3,1729875152,1729967651,0.000000
BUKsjG1CBXpWVJcx9RvZi6DJtXb1d3xovGoAd7NZZigH,3000,0.000003000,3,1729921487,1729921715,0.000000
CDnmsE2azTuPQ5hAcPbtPWcpvjpqigB8JtnaqodoVZb4,3000,0.000003000,3,1729947647,1729947836,0.000000
CTeTMc5mo1bqoGQZq2VpQkzd14mL9kGn64usSAURd4Lq,3000,0.000003000,3,1729972983,1729973274,0.000000
CXiwMDpXoiiNqiRtH92fmVSFXf7cNsWTUAGyave8Wp6u,3000,0.000003000,3,1729882075,1729882210,0.000000
DbDi4VLe1dVGy2gb9YFsMHaehgooiXnEXqw3JbbsTgjN,3000,0.000003000,3,1729880610,1729977406,0.000000
DfFBq5HAZMWpsq4d1zsjJhXVJTuuQqDzAxfv1HV3kyji,3000,0.000003000,3,1729930013,1729930268,0.000000
DN7afN8vRBXN17n8y6N58qpzMhcXoUX8KfF8cLHmHQEp,3000,0.000003000,3,1729944845,1729945904,0.000000
Duxstb7RNTBa8SGa2K1qMMpBdd8gZhTkNDpWc5pcDAFo,3000,0.000003000,3,1729931953,1729932254,0.000000
E9rKhSgvz5hsv9BHMbWd1eJtXD3xRG9jfqLZvXMHKUJt,3000,0.000003000,3,1729940517,1729940738,0.000000
E9rKwyqfKjorwdEQBjaF3wXyeVUGvVMcCNMQENw3Vi2t,3000,0.000003000,3,1729940523,1729940862,0.000000
EhXH6GgKKqbu6dBvsK5pcUiwrPJnYGBaq6DjgUv8gXzq,3000,0.000003000,3,1730105451,1730108729,0.000000
EkLy1UoU57TaPCMDZBbzhAMQ1GkQEPxTHLiErrcr2iZ9,3000,0.000003000,3,1729914097,1729917280,0.000000
EmWeKtm1gnCbS2rQeKHJ9W7GgdYeqxTc8wYusB5aXMga,3000,0.000003000,3,1729922685,1729922941,0.000000
EQfZbkui3jh5fUbSoC7MceSpDY8Fhce5ibDEBTBzQAiR,3000,0.000003000,3,1730070933,1730129825,0.000000
F4TtLocMnUzxLjLsqyDtHZCab2YT5R7MCn7kMDuUxF2h,3000,0.000003000,3,1729920574,1729920748,0.000000
FYX6gwNCmDwTQ2Nf519L5QMGs3QxWKuz7Z4nhtzriu18,3000,0.000003000,3,1730046682,1730088929,0.000000
GbWA88y9jpeCcGHJhCq6xi24TiK3jAZCynotRQTDAmfV,3000,0.000003000,3,1730001276,1730001445,0.000000
GG81zYLpEnm2BxpQBypGLFABUsQ8DcbsQFmhkf8AeogU,3000,0.000003000,3,1730084885,1730123649,0.000000
GnRm51R5e3UuqoARN1rG3RwoAafdPZd6aeBVizjKBTKQ,3000,0.000003000,3,1729882869,1729883041,0.000000
HAdd3wcsbGLW2JhYzEd3tDhw2yrognyjYEcj8Gi6XE3F,3000,0.000003000,3,1729993819,1730085928,0.000000
HhtUt8XbLfPJq7dQarNWSo6Vnsb4VUGwNGML1y3vf635,3000,0.000003000,3,1730131104,1730131160,0.000000
HxEQU3ssysFZPKpMtVeCeqtLitvnaRDGw4vacWXXcN1i,3000,0.000003000,3,1729911510,1730007880,0.000000
J4JDYVyN6DNkKka6r8uhTaCZo9jqpmko9cUhFHRMgWkj,3000,0.000003000,3,1729973930,1730082150,0.000000
22GZv6C4hzNZv21WM6595c2JjL8G9cheSpaCToxqQema,2000,0.000002000,2,1729949351,1729949569,0.000000
27JxdRqGARscFsLyDCDSQXp79wrqen3r3TGM2WTEvJjc,2000,0.000002000,2,1729906126,1729906210,0.000000
27JxsY8mxxfLVm2LQGQ2fKDVym8CTouKpstzTBSrKQjc,2000,0.000002000,2,1729906144,1729906258,0.000000
2arVCkmfxw4Cx9UduGB1n8mBXuam6rWvVsYhRQGrT816,2000,0.000002000,2,1729893375,1730122354,0.000000
2bSohY1HvnPPMzUQ4TJbzkNpN3CwzUNKfvMQr3yvUWrG,2000,0.000002000,2,1729998263,1730000652,0.000000
2C4ZoGk9TrdXQCzxFoSBWVKRyyQbgzMJxdxhaQVEox37,2000,0.000002000,2,1729967983,1729968187,0.000000
2C4ZwbH4X9BjJnFxuLJiP4qCbjHkt2UvRPtufCRCxf87,2000,0.000002000,2,1729968116,1729968202,0.000000
2CU1d7prT4vdD311SgwK6pQs5xrJNbs1FFzsKFaoGNxn,2000,0.000002000,2,1730123408,1730126752,0.000000
2D2sYv5AVRBnqEZvTCT6yzLaMJaMXRzAR4Ee3rAWRYoM,2000,0.000002000,2,1730125358,1730126701,0.000000
2DPnhw6aTW3xogxBeKMa4pxqDBR8dhMXmHEGrcZD8F6F,2000,0.000002000,2,1729872080,1730077953,0.000000
2i5XaB4CFJ54UDBtzxtmsc4n3DBx2ca6VQC6NdeTzTCh,2000,0.000002000,2,1729966021,1729966060,0.000000
2ogFxTpY4xGKVoD1X4NKzrWv6KRYYxQLQxMuYrAfG5vW,2000,0.000002000,2,1729939033,1729964295,0.000000
2ogFY5uRrvZC4qa9roeBzHGBSKdFptMW8dirnFdAsm8W,2000,0.000002000,2,1729964215,1730054858,0.000000
2okT2Eh7XDGo3YS99vLUFFEHHaifq9UjsHGuztqZptsd,2000,0.000002000,2,1729956278,1730123912,0.000000
2ptfLvwvsEkXib3vi8K6p6Mwqq8Egbt6UBJ7pFwUJ3sT,2000,0.000002000,2,1730118688,1730122637,0.000000
2q8fnZF8uUrD9bj99MFSyNyt83EG1fJRokPWRmXpQ3z7,2000,0.000002000,2,1730119943,1730119970,0.000000
2QiwTdZgyNe97J1UJSTMBmuPa4TvbNSZrPD6Bx9K4txN,2000,0.000002000,2,1730090021,1730095708,0.000000
2qLSfbqimGvhRoxTpCTgR5Jf4HCa4E7oT6wN8THUnJPv,2000,0.000002000,2,1730115354,1730128664,0.000000
2r6diRW85yRXXjbagzY6cuEDWNVKMNW1RSPBo3GQy2pn,2000,0.000002000,2,1729880848,1730111888,0.000000
2UcTmYPswoP9cbQZsqRpfx2BqqD8qWuEa1CB95gXH6Ue,2000,0.000002000,2,1729926890,1729927008,0.000000
2VWdR3iah94kwixBAuU8Du8YPsxzjyBHvrCW7kL4dqac,2000,0.000002000,2,1730117968,1730118641,0.000000
2ZDjMNiyGbfYbVZ3pBkpbY5XdaoPsGyh2dGnFFfNZxtm,2000,0.000002000,2,1730089591,1730092353,0.000000
2Zse5Gyu7mXaswhHhzguMLmVRNqWZuzsaweBtVfhVcQm,2000,0.000002000,2,1729947737,1729947844,0.000000
39BgfHnVCZ4KqkLYMm6awshgKaJbL7rrL5cWwwn4vWsE,2000,0.000002000,2,1730121918,1730121985,0.000000
3ektJatTQPsKwxjStgQMsfuVzyCDuaup9vuZ5LRTks4W,2000,0.000002000,2,1729917874,1730120530,0.000000
3EUcKtoHt3esQkMfK3pDN11qudiAtdpHohgyQrQ2zwiz,2000,0.000002000,2,1730079782,1730090441,0.000000
3fAbohrCnZ36zPe9tjy6xLgXgdgAtC573s7ZW28vEj2C,2000,0.000002000,2,1730109096,1730118140,0.000000
3fwTEvwvTPM8eBbG8irVTfb2r5FPBwwqVJLMpvp7o6vH,2000,0.000002000,2,1729958140,1730128048,0.000000
3inM7myC6ipANq6XgnNYR3Sy6JnRnSfxs3dNprmwNxkk,2000,0.000002000,2,1729878875,1729879311,0.000000
3iZ1c9Fdf828wdm88PybgBUG6p78HshSMnKu5dNi3LKG,2000,0.000002000,2,1729874808,1730017115,0.000000
3JhWdR6ZZadMRxjyFfv5MPzoCmJ3R2nvPaKDDrPVcDpw,2000,0.000002000,2,1729886590,1729929056,0.000000
3KFpR23yZ5sNGjSFV24D8KbjbVZ3Hzmg7B9PBTWXrh1G,2000,0.000002000,2,1729906956,1729907048,0.000000
3nKauJ5yeZp8i2kj1CjoLJrsnaaMT4p4ZtzosWAbbrzy,2000,0.000002000,2,1729956174,1729956180,0.000000
3Q1zgnHj4YG44gN7baALMV7qRjDfdhH1kebRnXQqVT3f,2000,0.000002000,2,1730122507,1730127485,0.000000
3Q1ziUKExbGZP1TmvofgRWnToi1SjYWpgUxfWsnVjVFf,2000,0.000002000,2,1730122445,1730131455,0.000000
3QRNRA3mf54s44BNhXcc5MphmhqXEqn51GKd5ezBWDJF,2000,0.000002000,2,1730121182,1730121221,0.000000
3TsxuA2nHaBNs36vqXZGx2SSAj3N9mNVWcj9EsVVHeV2,2000,0.000002000,2,1729924751,1729924785,0.000000
3vuc2MgRwB3fARMMjJTaxyv84QKRvhq4VdyJtzcb2tgd,2000,0.000002000,2,1730117349,1730117454,0.000000
3wnwU9zgkgV1beZQbJibiXz48mAdFHYmVMgyJ1uyU8Ph,2000,0.000002000,2,1730059845,1730117067,0.000000
47M1B8Cc1R4z7MxqnHCYRYjgqKC48iMhs6jwi6pN8fx8,2000,0.000002000,2,1729943319,1730108446,0.000000
4ajzyfrWdM9EpMP7ndN8vxGd1bE7nqqnk4xAQ6kQNBr9,2000,0.000002000,2,1729874200,1729894343,0.000000
4avgqAnvhNfv824RUNaaKaHpH2QBFGuct417aXqBx84s,2000,0.000002000,2,1729943594,1729943705,0.000000
4GrdrYg6PBfwXT5Wb1HseJaj1MqxEq1nnuH25bd2ZfnU,2000,0.000002000,2,1729966575,1730044375,0.000000
4jMdbe3n9Tb5ibrau9G2nTRVoRM6rRpxn3jCeo48zvkQ,2000,0.000002000,2,1729963733,1729964037,0.000000
4nDYKtAYnMuvpc6nrgCZGbEVCs8GnLKmMrWb8CLVzJ7f,2000,0.000002000,2,1729874590,1730119812,0.000000
4vdC7CeNy7MLPqEH7YLT21BGHt9VQB8d4duhJBWNymYK,2000,0.000002000,2,1729903097,1730126560,0.000000
4XD4Kc2AyKJUjsftyNX79dGVcXiwFeZxiwd2oimcY64a,2000,0.000002000,2,1729923119,1729923233,0.000000
4ZU3KEwd8PMMxZ4UQu2Z3rkXmiCkSzKkutE9h36434nS,2000,0.000002000,2,1729980230,1729981514,0.000000
53KEjWEjxrUgsXxT1t2SE7eCnKW7YfxVLMTcLqbQQxq1,2000,0.000002000,2,1729975252,1730118699,0.000000
56T74VqsJcza1Nngb5qJL7ajaLB6FvYpjSjtaHDREP6k,2000,0.000002000,2,1729959538,1729959579,0.000000
58nh253FhN1j1xefuDM3vsUEp2DJVRqQANYwaq32nbGr,2000,0.000002000,2,1729887201,1729994130,0.000000
5e94Nz3Xjwi3tbQ5NasXuLphomxiKiReoFZLY9YTwCNH,2000,0.000002000,2,1729926238,1729926358,0.000000
5GJhqD25tJMubW7xd1yFDpVydsRHVxpeWdUiaBvaMGyv,2000,0.000002000,2,1729961207,1729961240,0.000000
5i9nsUEg6Hdy1MeqFKPy8fwNg627EGWgz83DhU1z1pTV,2000,0.000002000,2,1729932255,1729932311,0.000000
5JikRQNN4QRK9sTCfrHyk9DpY9ygzcvMc7NzTS1GJ2Fq,2000,0.000002000,2,1730123699,1730124271,0.000000
5JK21vTtKdmM5UCevkRMPRsSFaB5Zm6U2RjRSaDD5NaH,2000,0.000002000,2,1729972808,1729972810,0.000000
5WQCpneCghBckg6Ymhutc9vrr8VRnogE4F7bQPWzf94u,2000,0.000002000,2,1730054888,1730054901,0.000000
5XuMUWpG7kMUuwNvQGJT49sA7SbGfLRfHeAWb7amedAh,2000,0.000002000,2,1729938417,1729938594,0.000000
6ApYbFsGQbvmBgBnfhTjAMjcAH5nyxRUyoM9TGvyHwod,2000,0.000002000,2,1730127285,1730129888,0.000000
6LiUsNoE2YJ7TmFY8xduNnftGaS5hVHHr1F8irghpk2U,2000,0.000002000,2,1729949141,1729949241,0.000000
6nGtPycwQS8nL5EBDrEDaQEbwLN2FPBVmK9QVENxFykh,2000,0.000002000,2,1729906540,1729912902,0.000000
6qUzzrMnX3xj2NCqr2VKXcDsXZ7BVWduUSMEjVnKpB1v,2000,0.000002000,2,1729895121,1730011747,0.000000
6rD6TQ5BBhgzuaw3Noq4gsCrqFK8NeZtrUvGNB5bNULU,2000,0.000002000,2,1729970416,1729970439,0.000000
6vTm3TPuhMqkYBeSnP4JtPtw85pKQh68fBAmWnWihb2t,2000,0.000002000,2,1729939763,1729939982,0.000000
6wxzpDPfp5E11BsiuJ5TUrRWsyUXLRff8AvEuBE3cT7E,2000,0.000002000,2,1730007259,1730007501,0.000000
6wzX2Be6eEmrPAPdoHmdGxqeCmmwJuCW3GhMx8EjgAXy,2000,0.000002000,2,1729921921,1729921977,0.000000
6xb2o8c98js4QPcekA8vBgZXfqSaQBj9962LqRESLNom,2000,0.000002000,2,1729932661,1729932708,0.000000
6Y5Uvyc4C7QWwwnfCWH2KEBjrFx9byKucV1kERpphB3p,2000,0.000002000,2,1729883860,1729883970,0.000000
73ezbG8rgFAvSXJtGkUEgNXUmpnZ1omvvrwBu4fRz8WW,2000,0.000002000,2,1729959911,1729959942,0.000000
741r5dJAcUBSgy68oBVPozhEwJ53HULN4u6x5Tgz2Cqi,2000,0.000002000,2,1729943721,1729943816,0.000000
75dXBSZGMzapK17wfdH922bXuadDXXJe1u29i5pUxuMM,2000,0.000002000,2,1729899504,1729912353,0.000000
7812GhrtgmFCnJN8EwBgMmn5mmkX43T77a7qGDrnZcGQ,2000,0.000002000,2,1730109452,1730109499,0.000000
79dfhMM4rqND4MDYTzYa2ZoEiyW3WFuq9PBQtnyMcF1b,2000,0.000002000,2,1730072041,1730131577,0.000000
7bDbbYRCnvurhbab1x8LY8Xq8kBBic1sG1gEnxhmXM1E,2000,0.000002000,2,1729920693,1730107156,0.000000
7bDbyPYB7qWTme9bdneYvaNX1Gnanf1PDZPa4u4aTPUE,2000,0.000002000,2,1729920685,1730107071,0.000000
7CNTAk9vaUaGW9awBPd66mXTuo7iNTVdueJR3k6RCxk6,2000,0.000002000,2,1729908127,1730002757,0.000000
7cWb7fMSL9PWDGqhzoTwMMbd1GC5xV4WofkafaYB2uUk,2000,0.000002000,2,1729972092,1729972100,0.000000
7EUMsD6w5XQkbxtk1XYE1RSxNQnnT8uBptpcPtToRH3D,2000,0.000002000,2,1729900944,1729941741,0.000000
7g3uFY5BUn2qpzhmyjTWMjyoCA3vdNSrJ2or4aKdvQ6p,2000,0.000002000,2,1729945500,1729945596,0.000000
7GGynHsYvxNmui7BFYzQqEtoPPtBVfj9uV3BqmeiHKh2,2000,0.000002000,2,1729936747,1730079345,0.000000
7mmimrVwa9xDp5NawZqXqfLXckJ8zqATNDZfji3WXW9Q,2000,0.000002000,2,1729976455,1729976535,0.000000
7oaPQVXGWhamLW12KMJgjhjBK91HnSw4kfRES5ZRWKiE,2000,0.000002000,2,1730045072,1730118013,0.000000
7pe72uMJ5tcrqXd2uQcps9YXiRuqNoN1MHRQifZEJFzM,2000,0.000002000,2,1729898209,1729898398,0.000000
7PtY61gYVWD6kubWEVRKmQYd4fvtK7Cz95Mb92GMMRTZ,2000,0.000002000,2,1729911549,1729911637,0.000000
7PtYci7tapEnfD4iRbE16sr47fm7yftmVS83eQtgLwTZ,2000,0.000002000,2,1729911547,1729911633,0.000000
7uJQcE8o4y5gfzWhVaqNbzgXoQyK2UAoPqMc267RJE1o,2000,0.000002000,2,1729974652,1729975330,0.000000
7uJQTw5qvyp9tzVSeSuHiTgCaKYRTcW4M7bSfgG234Po,2000,0.000002000,2,1729974741,1729974761,0.000000
7w98LBrg3dQErHtsnkG9LM9V5qFSxKdYQSG9tSbxL78Q,2000,0.000002000,2,1730005822,1730017106,0.000000
7xJR9NVnneKxnKuryCyKsUfbF6qDD85493c8agQomXge,2000,0.000002000,2,1729960542,1729960542,0.000000
7ZVX64UhghFBZzHtD8d4wgjyHtHsiJgdRiXhSRi5YU2B,2000,0.000002000,2,1729944388,1730102191,0.000000
85ufmMUVwFgD9Ahxb8JteJjrTZkZiJH574GAbU6nqzfB,2000,0.000002000,2,1729883387,1729969979,0.000000
8AHf7ZpaYAeySkcZ1DjQPKZQZVuwBpTrusMXpR1d7E77,2000,0.000002000,2,1729903809,1729903885,0.000000
8AHfnpSX9zQKLMaA2wWspV343oQ7JWEwxctyBbXpSgc7,2000,0.000002000,2,1729903784,1729903881,0.000000
8BcakZSgCjqhb3wZhErThJvmr5T6hbdLgmGKg4jV3yyE,2000,0.000002000,2,1729930805,1729930843,0.000000
8Fb37To4evxPV6pJAekFvEHN268WTwk87pk4Bg7CKoQh,2000,0.000002000,2,1729934504,1729934556,0.000000
8jtSP8b5UPYykBawMfz56NcmNRj75jvWEN7Ss8HgjTJH,2000,0.000002000,2,1729946278,1729946319,0.000000
8jvNAV3SHV4WAb5SYZV28oGXuimcQp1r9y69m7SPomG5,2000,0.000002000,2,1730039416,1730040641,0.000000
8L29V3tom9Efx987T6KFyfPcsaFvMKs7fB23wst2WPxu,2000,0.000002000,2,1730108705,1730108759,0.000000
8LPRtLWDHXGoUupqGN9Ggspv63ePGXnFCL6bpWc39xQD,2000,0.000002000,2,1729948098,1729948225,0.000000
8rYVyvjXH3WTjpyTXVc1YLfKC3qh34juFcfYX6krbxCq,2000,0.000002000,2,1729938754,1729938811,0.000000
8W1aWhLZPVrGnF9feq8h6BdgoDoFWKKj3sSitGdmBsxP,2000,0.000002000,2,1729893373,1730118970,0.000000
8XGpGF9Xci7pn3wqVNcvWbsbVBxLUfH7rXMkv3TzfQjG,2000,0.000002000,2,1729876787,1729903590,0.000000
8zJX6dSpe8EvRk1VjsrDoZH8EjLrYbAGUWYkmcEJCdWk,2000,0.000002000,2,1730002284,1730117360,0.000000
96gr5YmGLy2aMh3mBcVJto6iFaqC9DrkcuVkxk3GbTYT,2000,0.000002000,2,1730080715,1730081568,0.000000
9A1KzqENypeSRc3zEWHUThujJdhXhCaU66ArsEZf57Mn,2000,0.000002000,2,1729932317,1730103428,0.000000
9ckegd1Kuu6v7d1uZoX91RD4VuM9XypdocuXiuCT4D17,2000,0.000002000,2,1730045514,1730060506,0.000000
9CXZjJPBvuaC1T5eTqsP3nASPcbZGQN48p8FdGXXft3d,2000,0.000002000,2,1729975557,1729976098,0.000000
9ELFqH99fJmwLnBQUfuisjKViSfajS5UX7EcTTnU5RPj,2000,0.000002000,2,1729929713,1729930642,0.000000
9gqrKBTDKMyN71Q4TMwoeVceT4iVqZVYEgrDEh9oynjK,2000,0.000002000,2,1729914833,1729914864,0.000000
9hCwRFvvgj7HowbS6rneoCzfUxrfsPuGjJarAprBSD3S,2000,0.000002000,2,1730126785,1730126799,0.000000
9iP1N6BcGuLugwhEThrjKVVTmZyZnS9feEwTR26XhYNe,2000,0.000002000,2,1729958970,1729959156,0.000000
9t2BTiigrXdq65Zo5N2GQk6ht12bqhYK4nFcvJfCy4Zx,2000,0.000002000,2,1730043861,1730066654,0.000000
9v4FGxFYcT2AmEeHyBRkvWSMdLuH8obHdY9tESLhzWmn,2000,0.000002000,2,1729874176,1730116442,0.000000
9wYua91GACQWhQASUXR4pfsZhdWcwDHK85HfFezPyc4V,2000,0.000002000,2,1730073438,1730087018,0.000000
9YkejtmomdTnKcVgQLGSp24r6urta7qGoxB2xFMFY1H5,2000,0.000002000,2,1729927569,1729927608,0.000000
9zkmbZwLWEUH4UZTGuXdQZrNrXSJQjVeysPZA37TEB6n,2000,0.000002000,2,1730004182,1730087320,0.000000
Absj6XtvQk1x9FKYZ1H9AVNE9g8SgesDWFAmG1dELF1P,2000,0.000002000,2,1730121678,1730123021,0.000000
ACk7CZPfdHQXYVUjfhxt3tmb5aMgcqnxE2j18oHKHfsr,2000,0.000002000,2,1730121106,1730121113,0.000000
AFNdJky7B7e869gmmY6QwaKehu7atuPXy58f8MNP3Rz6,2000,0.000002000,2,1730078691,1730127989,0.000000
AJUU44DiokyKqdnfPSPYdjXCQKfgcmpdVp3Hu3q6PVGj,2000,0.000002000,2,1730050620,1730130720,0.000000
AmMiHbJ4NZGyqbZD8QHNvevEBFeMdDL6LvbzGvbxoA1P,2000,0.000002000,2,1729967454,1730127671,0.000000
AN1r6XHmcakAMNDA7wG8yEv5N1572Ybkb4MPtHj2XPFB,2000,0.000002000,2,1730087946,1730088019,0.000000
AnsLgTwCEBm7ARUZhq5LwU8GSNLcF3TnSGH8oBsHP62Z,2000,0.000002000,2,1729912205,1730126315,0.000000
AqoK4rFT177Udx4RtCPgyzkdzAobQ8ndhTxa3LR4kg29,2000,0.000002000,2,1729880053,1729945640,0.000000
AqoKNKousCv78b2uLeH76e75LZi7swLMSGnu5QSyMS19,2000,0.000002000,2,1729945544,1730033798,0.000000
AsLca4yH3wStxuYohYKy2nJyG5txSnjisjazHWiYnz7D,2000,0.000002000,2,1729879093,1729879448,0.000000
Au3jPpmCpsYn4HJ18weLuWU2kNqJw4ixy63JBNpkzjJ7,2000,0.000002000,2,1730121555,1730125805,0.000000
AudgcuyjXf6DtPETXCEWoT5EiL5UCyZMgKMdjJgvysDm,2000,0.000002000,2,1729933369,1729933469,0.000000
AvZUeiJm6qqXVdBYiStMgLq3MNQoQt3C2QQv1YjQyyf6,2000,0.000002000,2,1729902412,1729902443,0.000000
AwDWTxdR2Hz2j2BfBaFCb3u7p8wSs74HmjiVUDgNtc1E,2000,0.000002000,2,1729944620,1729944733,0.000000
Ax75bKCqsQtguVbnWuAiouFBaJBeCWJjbH2LiNwgpP5B,2000,0.000002000,2,1729945831,1729945856,0.000000
AxCF7w3B4f7WQQ1yXSiVso7FSCtE8Cu2FVhvPAW9QNdd,2000,0.000002000,2,1729883213,1729883350,0.000000
AxCFVGcbL82BmtyM5FbH9Xo84Fh1zBfEVfnw7ykVZcdd,2000,0.000002000,2,1729883194,1729883326,0.000000
Ay9V43YhCGqSLDddzdfMPx7ToLrPhkYBMhzRjBPK2T8w,2000,0.000002000,2,1729978298,1730038282,0.000000
AZRDEVK2TkUgNWVKB86WdpkNMNLjGR2sx4cUyHZgh9Va,2000,0.000002000,2,1730128068,1730129941,0.000000
B8g8CTd2U7gKbLM8psRj3FeVkpXxJPf1PrJyMqHxRqsV,2000,0.000002000,2,1729879962,1729958223,0.000000
B8VT67Hh5VYq6NoeHYxHt3i4r5MmzrvsuktEjbwdZJ25,2000,0.000002000,2,1729889746,1729889752,0.000000
BD5ZwF99jrd2HGEPfgSr1HmD4qhrDV4UTSBXUA9HNBJ7,2000,0.000002000,2,1729969893,1729970131,0.000000
BEruzcp8EWiAD421i69JptjBBjukXP4ZSYQLMCbtaayB,2000,0.000002000,2,1729949698,1730130043,0.000000
BFcYqaz7NSAGs1X5NV1qmv3Nj95xtrhb6fj7zmnrUwyD,2000,0.000002000,2,1730052264,1730132149,0.000000
BGF8J2w7UHDtGU26uCgdHfHZJnCBHQn9hRU7WDqihWBn,2000,0.000002000,2,1729871920,1730079943,0.000000
Bi7QMFyG9WfNxyjug4kwbtiA5mNTiVxcEhqCe3awsLGj,2000,0.000002000,2,1729874417,1729927643,0.000000
BkhhcTRK1sTPAmY96ke21bg3v4V1koDn9oJAhpNTwkso,2000,0.000002000,2,1730016505,1730016941,0.000000
BnofmLYJk1zBL84QMZ7deY5jgHbVL9kwPbAVK5VDrrSy,2000,0.000002000,2,1730044923,1730127943,0.000000
BoQMznRmTAtxkW9xJYqzrVrtdSEqei7BDdeTdwg1cMXX,2000,0.000002000,2,1729902191,1729902296,0.000000
BpkUDg35a4pu2pt5u3nFpuUTJwkCjjwQtkNgfaYFeQsD,2000,0.000002000,2,1730039299,1730039423,0.000000
BtJYqRJKenPdYFijzsfbpZcGYYJLfRbjWvw8va48Uk4F,2000,0.000002000,2,1729960227,1729967675,0.000000
BUKskV5u8wjqDd5jprNM5wU78w1Zxf9aGShRVUT4FX5H,2000,0.000002000,2,1729921423,1729921638,0.000000
BW25cumtwnD7XqjWttEF5wf7g9mf7Xq5bYhqJvHU5E97,2000,0.000002000,2,1729907742,1729907869,0.000000
BW25skUjRxEsKqqDmN1YQS2YYQotmCQwovuSAsNHkj97,2000,0.000002000,2,1729907769,1729907880,0.000000
BXAWDqQSDehA541tsC1irNarrh84SGosoXiCF1SB7sGF,2000,0.000002000,2,1729973260,1729973930,0.000000
BXAWExBHTkyg3J7undtxA5QDC379DjbYWKhCWG9GHzGF,2000,0.000002000,2,1729973311,1729973359,0.000000
BXrU3TfW1abxvRAvHcfzMDcp4kpwKZu2UkA6uJdkhXh6,2000,0.000002000,2,1729951327,1729951368,0.000000
Ca1hwmokYKzk4k4BPcgT9VmSxHw2Zo55dvFPxF6u8SRg,2000,0.000002000,2,1729881519,1730089991,0.000000
CBJFinzZwrXsno6WNbRPfzNYtg2LpikDNxKgap9PA2ZJ,2000,0.000002000,2,1729888749,1730126567,0.000000
CBMYY5WXVUSXo2SfC3HQxb5qzk8rhiT9mhppDswfWCic,2000,0.000002000,2,1729885834,1730101522,0.000000
ChA82yvsvwyVFvTmbBegAneqTf81XEsPWJ4ZkBJP4c3r,2000,0.000002000,2,1730129008,1730129092,0.000000
CJFz9tsyg8wmnCkJBC9fNwjxRZDC7ViUjGUYPMY84Q1Q,2000,0.000002000,2,1730003514,1730083055,0.000000
CJFzVh1PzTbH2mv72EzQX1knUEw5JorRMFZJt462qSZQ,2000,0.000002000,2,1730003590,1730082931,0.000000
CkMp95DfavbsVEsSyHMFkSLW41cabmgVSQ9sKcj6TG4R,2000,0.000002000,2,1730002651,1730040325,0.000000
CoR1RHEjPwUFgnCmrABo8X3aNy1z4XCm3dtYUs3vmn2T,2000,0.000002000,2,1729946037,1730036887,0.000000
CoR1t4PhCqqdagbZ4i24CcvGZL9AQrZe4yeuFYngGRET,2000,0.000002000,2,1729946088,1729946120,0.000000
CSTfLNkWw2VYTZYxZX82Hr34cbFZcMs75tBuJnDhhArz,2000,0.000002000,2,1729878768,1730128375,0.000000
CTgWyHMQk18qBNXUUwaQofwBfiQW53oCmNKupv88QLbG,2000,0.000002000,2,1729959896,1730034980,0.000000
CunXRkFveZsXUm4839bAcszoN9hxDDdHSzGpDkjHJd57,2000,0.000002000,2,1730125734,1730128871,0.000000
CvndqRoPzFivK8HcucVxck9FQfgzteiZPraXG6aerui9,2000,0.000002000,2,1729932874,1729932906,0.000000
CvndWS1Ai4kjyDhfan8zycsLZzq8mhEeeyjURh1E4d19,2000,0.000002000,2,1729932817,1729933039,0.000000
CwMvnJSaSbxb1pw4fSB4rgKrzJa6KErgsU9FeyiKeq2X,2000,0.000002000,2,1730058879,1730059070,0.000000
Cx2cDb4iXeUykbJWFmb4sNDw9u4RrVMiqz6Vjh5LBoF5,2000,0.000002000,2,1729970629,1730044227,0.000000
D3AZRdgsKmmJAXLdRU3XTLs56w5jtLyDDwzrGf4xLfqG,2000,0.000002000,2,1729873442,1729874682,0.000000
D9GSaXjGkziGY6mEMS9EPhVFhzayaCPkSMub1MDBAjCK,2000,0.000002000,2,1729977808,1729977811,0.000000
DbDiouYNzL5Vo6pwesFVzEDi7Wx5RtMT1LYGne5ovA9N,2000,0.000002000,2,1729977135,1730013843,0.000000
DCAw65NYLra3BMkHeo4QFJLUiWQTKzqRZoQ65NsjtDRF,2000,0.000002000,2,1730108328,1730108337,0.000000
DdG1Jd32Vd4Yk42uUrBm7auhqjG5pCoaAReffZ6bcmYx,2000,0.000002000,2,1730038488,1730084165,0.000000
DdG1xyDqLaq7k9m3BVrpy4EJZnKRj78ynT3KhzmYzcx,2000,0.000002000,2,1730038474,1730084058,0.000000
DeZq7yLZAF9JuVUJN37pffUGykuY1r2HvnfBiCkCgQBm,2000,0.000002000,2,1729934650,1729934746,0.000000
DfFBF4nxNpZgRj66M2UCZx7npxdeYBXNqCPpsofX4eji,2000,0.000002000,2,1729930156,1729930276,0.000000
DGYUzk7K2YiQiGz4rJ6hmnxqXk3jv16TaWEta5sAddda,2000,0.000002000,2,1729932392,1729932446,0.000000
DLRNtD8obyJMU5fa7LaLtnn8KQSMrRYseTCebYHMGrpF,2000,0.000002000,2,1730122200,1730122273,0.000000
Dm1pCrh1j5G9qb5yeRBRV1y1hQN6dPHXqpThQAfj2iVS,2000,0.000002000,2,1729958366,1730123560,0.000000
DN7aQQvyB7qW8WoDSBHPBrm8eesXWiBtYwe4yRy69k1p,2000,0.000002000,2,1729944770,1729945819,0.000000
DNeAYmMe9ngWZRzxQkaeSF2UQAgxGVoHstcPZpFYpvEP,2000,0.000002000,2,1729892961,1729892961,0.000000
DuxsLdaZd1UvwAocJonr2M6A1F6EGy3eWGRbkqZxRT1o,2000,0.000002000,2,1729932086,1729932170,0.000000
DvHuQhJ1tbTnHaxytrrX6PcTGRW7ApPQrNiFKpf6JU4n,2000,0.000002000,2,1729892430,1729945993,0.000000
DVTLVLv2YmuBLop9P7zpcdZgfmoXSoHE5iJaSXKBKtMj,2000,0.000002000,2,1730046880,1730046905,0.000000
DzM98n3LAbfWaqhTAXTkAYD3rkZcJpUksuBojAdhS2mG,2000,0.000002000,2,1729887506,1729887506,0.000000
DzyCvj8ab2gErSxBV3KYVjyUKu3mEUvgUkHDBLrK7xuG,2000,0.000002000,2,1730092118,1730092211,0.000000
EceAXVNGN8Y7x8oAMzXweuoqMNPBg6BHRd4WZWhBRQgd,2000,0.000002000,2,1729873205,1730041183,0.000000
Edh6XmEon6qkzSYYArVid1xBAD3RUm5DukDPEi4inKgy,2000,0.000002000,2,1729887683,1729897303,0.000000
EKTwEDKcd85DMaooNNHqVtogUEQU3EgTtFReTkiMzu2E,2000,0.000002000,2,1730004011,1730129495,0.000000
ELH4U2ahcXky5P39igrQvzGNw8owBexuuYNqkF7sKS6a,2000,0.000002000,2,1730088039,1730113103,0.000000
EmWeNbrZ72De6sfpFAGRpUsoMmqCNYBDdDMNYocNbx2a,2000,0.000002000,2,1729922699,1729922818,0.000000
EPFD3meuKwBvXGJW6CbDjAATaBrrcAirxNCpeduorkea,2000,0.000002000,2,1729965342,1729965426,0.000000
EpUcWsVEwgwBGKNVBXnwKNYD7rhukxJiejQVEgrVSgH,2000,0.000002000,2,1729891674,1729999238,0.000000
EQ6H7JXvuMJMPooRHM73cU5rFqWEsMrZsJiSdwqm3UFj,2000,0.000002000,2,1730061049,1730123567,0.000000
EQ6HZYD8FgBugRrBZ6aXxQ4kN2R7QyEGCRWHD2hFq3uj,2000,0.000002000,2,1730061168,1730123408,0.000000
ErouMz8bw9swEYzJ5xHX343P9PEtsifmePDfyf6SjKAr,2000,0.000002000,2,1730004490,1730104219,0.000000
ESLB7hk7PBWPoY2TguvAPWvo8LB9rFtkEhmZ9LpbMd6r,2000,0.000002000,2,1729942845,1729943062,0.000000
ESLBzSi2aApWshEv2omezWmh4coW7GurCgPzQhyNYSgr,2000,0.000002000,2,1729942915,1729942925,0.000000
EWcGCauCcWeHdTizRxj5iWBWvDFqQMHyF6oWLrnc94tw,2000,0.000002000,2,1730120988,1730121002,0.000000
EZYvWQSnzTWuapikn9MNpDzs2pcB7NNN1oq8aXo4MhTP,2000,0.000002000,2,1729884597,1729970086,0.000000
F4nYww2Cz9s2GVPhUDXuyHP4iFGNME7awdoXgJPwVT42,2000,0.000002000,2,1729965246,1729965281,0.000000
F8epZr6Tnu5G3rLsJgMvpBNq3sPwacbtYWCKSLVnhD64,2000,0.000002000,2,1729925275,1729956723,0.000000
F9WSyay7Spzm6hdSk2SoskinSPTCVPcVc8abDgkryn5v,2000,0.000002000,2,1730129859,1730129877,0.000000
Fa6F1nDUn5GZLGZkDJtXRaWYVZiJU9NjmpT3y19VfV1b,2000,0.000002000,2,1729970816,1729971526,0.000000
Fa6FD6FjynCRimjesQrxkomcTLmAL3fmF1eq2ZRn6KLb,2000,0.000002000,2,1729970895,1729970941,0.000000
FaAqqnuvWozRbWPaUrNYGWaFHFxdTmVWxHdrhGUyDB1B,2000,0.000002000,2,1730046903,1730048246,0.000000
FCMeGJdyLvunXr7KRGyY7aUwAno1fzoGx1u67Y8NA9Mr,2000,0.000002000,2,1729896634,1730127989,0.000000
FdbrNuV9yAdR519PehJ5WLrSm8RwB4g3GtzdLx1DayEQ,2000,0.000002000,2,1729921790,1729921808,0.000000
FJ5r4KdpA1nUGh6W4156hzUko3sWDcLzKQMEHfnHp7sG,2000,0.000002000,2,1729872737,1730125660,0.000000
FjT8ors8gATt54A76apWs4PR9RDToPWLUZs2Q3V43i32,2000,0.000002000,2,1729911501,1729911575,0.000000
FjT8t2TbSbCoziDZdvZ18zq52ZhZ4NizxQadt1t9U2L2,2000,0.000002000,2,1729911495,1729911569,0.000000
FPPzewacgbHah3uKHsLMU77MLnXpwMVjSbd9njrpDwbh,2000,0.000002000,2,1729885898,1729885993,0.000000
FQrXG3L51qEchbLSQ7ftxa2j2ytBup5NkTBgKtYqs4vX,2000,0.000002000,2,1729886756,1729886981,0.000000
FR7FShC6Ugigu8Koiibmwm9eHGwDkyKSoXumLtNmai3u,2000,0.000002000,2,1729964414,1729964434,0.000000
FsDzj7bqV7AQdzcFPbAwYDMtdgVE3DncqqxXnANwypMN,2000,0.000002000,2,1729928483,1730016179,0.000000
FtDwLY7GGHZQjkPGjauj6Ujn4ePzvqDYok8qcuVwJ75J,2000,0.000002000,2,1730126724,1730126726,0.000000
FvejaShh6fPKpfVmAFNZTYNms6srwF4GP7MqbN2BNzpk,2000,0.000002000,2,1729872208,1730112009,0.000000
FVHfy2okZUVEjZJB3ExibP2VTD1GWfqVq7rZY8BAsWmz,2000,0.000002000,2,1729969800,1730041913,0.000000
FvoSp6GsYteKBQzzjs2Fbhh6tg2TzezXhvYDhPjoFjTP,2000,0.000002000,2,1729896943,1730126452,0.000000
FxAnNiuWxXhkGmbrPGSqQQwEh9NgD5mFwR4XUVq3NnHP,2000,0.000002000,2,1730037376,1730122952,0.000000
G65CFLZqF4zsfqB71uw6NtvQHj1eGGZUTjb4xWgadm8m,2000,0.000002000,2,1729904508,1729904605,0.000000
G65CUxbVdZSKxsd6s124WjwnzUBhBJv3GjSvujxxFUFm,2000,0.000002000,2,1729904484,1729904599,0.000000
GA8LbJcsAGz5dFDvjCWcoF3x94auPdFdNELKy622Mkn,2000,0.000002000,2,1729910940,1729911050,0.000000
GA8LfbA2uZ23jQXLYQipxqYeSfZx1nczadayEDch1f1n,2000,0.000002000,2,1729910943,1729911059,0.000000
Gb1Ce6cm8WZa7wFWWXdJPUijbYpgyiTXcwCdm5ggQ1cW,2000,0.000002000,2,1729881502,1729881580,0.000000
Gb1Cu55agSJqKzmee5Tm9zUCNBDYRmea6sqWXEX9s1cW,2000,0.000002000,2,1729881464,1729881567,0.000000
GBdVMvY98roRpkvETJdP7NwZPdhjsouScWrdsZAnJt4X,2000,0.000002000,2,1729880087,1729891146,0.000000
GBz9M2w4A7aRtxwV5kEhzNyv6QHskqjcnf9YxhEmRevM,2000,0.000002000,2,1729948507,1730120907,0.000000
GG81rEDAnYg5VPcCSASNpeg8mRXTwK53oDG5STvy6JzU,2000,0.000002000,2,1730084982,1730123217,0.000000
GGTJkUK1uJpjfk7ixrDV7pbycf7QeoBQ1FkZ4gFim3XD,2000,0.000002000,2,1729940125,1729940166,0.000000
GhFJfLCgJLoPKss3ZJ2WRL3H8fk1h7HkT3A1ui4hAE63,2000,0.000002000,2,1729880410,1729959310,0.000000
GnRmuNmvF4ubEhvM1kWgTtDycLGuiPAQhfAB7wdwVz4Q,2000,0.000002000,2,1729882873,1729882965,0.000000
Gp8unoas8mtgd128LpRn4sngZtWHCaZQoa418dgwjRgf,2000,0.000002000,2,1729875253,1730125505,0.000000
GpCXZPYtYz45kLXtrFALpJogZF7R7tBUJVU4gRLTiKyj,2000,0.000002000,2,1729978404,1730038392,0.000000
GPKtNvPhgTAgTRGTxmqapCGHnSSkJy3gmFELjduLKViZ,2000,0.000002000,2,1730044408,1730051149,0.000000
GQ6VMRN4znSPWeWEi4zpvrjEuNcCBLbAztt68XLGrRCN,2000,0.000002000,2,1729873951,1730086826,0.000000
GtL6SzGKp1BnbUNK8zivgi8tJieXXyZB11QACZ4sLg7J,2000,0.000002000,2,1729883285,1730121632,0.000000
GXN1mUF7F3nHdoVNteoMqS3EEkmimRMZRveLJTTPeuLj,2000,0.000002000,2,1729883783,1730130252,0.000000
GZCM8Jk9URKu6weptBw9WEMS1oCG648zrYST8Q3A3Nbs,2000,0.000002000,2,1729924354,1729924452,0.000000
H8pnAdB8uyohGvutrk4Ccu1cFKGPnSrpNxVWY4MK5QkH,2000,0.000002000,2,1730118226,1730125231,0.000000
HaK28A4YCmUWo3G32aqp5wVwnTpudd3AiKQxFJxaKHWT,2000,0.000002000,2,1730106974,1730119210,0.000000
HiN9TFoGFTodZMRgkPSYUQb1XnNHjm5FP2Rhs5HR9i9M,2000,0.000002000,2,1729878712,1729971045,0.000000
Hk2xC7haefce5XDxhVW7AmJB786PrHs51ASzezbpBK2G,2000,0.000002000,2,1729931137,1730128208,0.000000
HMcsNPNs85jkskMsqbtMajL92i54eBd7vCmc7jV1ko3M,2000,0.000002000,2,1729872052,1729900894,0.000000
Hp8NEaoMp6vjp3PSiUa9NATt6x1C4ESvoDWu139J5qi9,2000,0.000002000,2,1729899379,1729900690,0.000000
HprXuac1SY2vuKSEKwjnr4SJZGNQuRNTLAVuVH9goiMX,2000,0.000002000,2,1730131231,1730131232,0.000000
HqxW2DHqQ63LhEvoHqGXWVosNDo9H9F3tVtNhgA4y4kY,2000,0.000002000,2,1729976389,1729977319,0.000000
HqxWBqUCjF5CDKWdS4MmRei42k9D38e98kpz1kn2vM1Y,2000,0.000002000,2,1729976290,1729977344,0.000000
HshpMBwfxx3VKeDKJBdkJ1Ajh7JURSscAT3Nasn7Za5o,2000,0.000002000,2,1729934933,1729934995,0.000000
HteisEJqJ4xXm5W4HFQ8ZbYK7KK1PWB26qUnEF6voHhv,2000,0.000002000,2,1729952094,1729952098,0.000000
HU4W29ZxM9QmaMCr7MVZw2B2k57oCSqrz38HQFGr8P5k,2000,0.000002000,2,1729871583,1729871698,0.000000
HuL3RP5VL1xDb5cZgpU349KXxiX14fw2V7jyHvkpjT44,2000,0.000002000,2,1729961373,1729961375,0.000000
HuxXt46XjXTBsDHE3PsV72DJgUGgq9kFR7iCayir8P5k,2000,0.000002000,2,1729871583,1729871689,0.000000
HvDb9B9C9ypEvMZyyPSdYxrSkuEytYu7KCea2s5t57DJ,2000,0.000002000,2,1729919234,1729919336,0.000000
HvDbeCjhq5obE7ZMPuMDc9UKt22AWMPu2ZpKcu9ZqtMJ,2000,0.000002000,2,1729919228,1729919324,0.000000
HXALPkdkVP2c6jktuvK3wm3JMLwuuet66rPJkze3wj8E,2000,0.000002000,2,1730062137,1730071798,0.000000
HxeKXZgatgaDvPskCApND31ssxn4avfyK1BMJEXaaYyR,2000,0.000002000,2,1730012368,1730044415,0.000000
HxEQVWN7tgcXc4s2ZMCe3jfdaBRZ7G8ABmZPVEQsXSFi,2000,0.000002000,2,1729911504,1729911604,0.000000
Hz9pJDVMgciiQMd4rxjt3fsrPXfd5zRDEDKQPTp2VCq1,2000,0.000002000,2,1729905277,1729905417,0.000000
Hz9pNqdWyjgf7PBsdeEt3bMWp4YzLeB2GNLJeKjgiS11,2000,0.000002000,2,1729905308,1729905423,0.000000
J197gFP3fbLfuvsMZEWJ3CbPrZ1yRHj4wmDa3yS8NtCP,2000,0.000002000,2,1729876636,1730110687,0.000000
JAW5L8HK3mxbHe4UEPPiNue2NaC6RFNPvX8hQQLQjYqL,2000,0.000002000,2,1730047692,1730056737,0.000000
JCAgCMXH8WzyXb6WjgVkjj3zHxqfkasyKTWmbwbx1x6f,2000,0.000002000,2,1729985474,1730128799,0.000000
JCAgMFT8Ph4QPC9n36iWoja4D5xA4Bnpo3ZwTG2DZT9f,2000,0.000002000,2,1729985549,1730128611,0.000000
Ldn5Qr1ysgreKsXnN3hg3TEiqkyMw53xHePTcoMivqx,2000,0.000002000,2,1729948536,1730124229,0.000000
LYxWCSPQ8ErRaJ8LfMiF3zqFUmqQDM9YPCQDSefFoP8,2000,0.000002000,2,1729949927,1729950023,0.000000
LYxWgjAzoit2pfwrTDD3bcBKQrxuhaNce4Tz857CLJ8,2000,0.000002000,2,1729949941,1729950041,0.000000
n6dL6rdxATtURcpuzT4EUWQ273TNKG4v9W59JBCJuHs,2000,0.000002000,2,1730129697,1730129744,0.000000
QtPu826doHfUqiwyyydfkRCkP7idRZMEVh2rWYmcMAT,2000,0.000002000,2,1729955443,1729962738,0.000000
sjtUFJK5NcCz5YLhZwJ7C6tS16tRjN9ZLJi3MLj1ZWP,2000,0.000002000,2,1730131727,1730131747,0.000000
sUe1NTwDcZErVdFTn5T311CSP9GsWubmWgaFTw73LF7,2000,0.000002000,2,1729952231,1729952889,0.000000
ucGW5r4ynpozsS9DVrC9FXRe1H4DUpxvBYz4aWWannm,2000,0.000002000,2,1730052639,1730080949,0.000000
127vzz57d3Dxpfb8rvvjYp2oaiuoNuByo6fTCxhs2M2y,1000,0.000001000,1,1730119244,1730119244,0.000000
12jC4LdKuhCQgmZHhyyvayAuTeQQWuE7fPrtK1q1Cess,1000,0.000001000,1,1730119543,1730119543,0.000000
12RvY6FAGznww7d877Vz4aJ8iNp28BjewSWWMuXVyzAU,1000,0.000001000,1,1730141399,1730141399,0.000000
12TnA59CoXe7bCDVEK4Pne2qGyFEMJVWBar57MxfSeWV,1000,0.000001000,1,1730104378,1730104378,0.000000
13bw5ecpo3cUioQPMyM5cYPGkMBoxSFk2Cfv6q9zC92z,1000,0.000001000,1,1729989261,1729989261,0.000000
13GFCENCoWroTgdgVuYUvfkZGaXjUihvJaRsECri28aM,1000,0.000001000,1,1730124313,1730124313,0.000000
146bWcxhQwtcEUJFGgmmF6vydL41ssZSNskPw6bXyf3A,1000,0.000001000,1,1730097084,1730097084,0.000000
14kwhSjZ3uha9K9DTMPX1iWcfoTU1KuUkUE5RotXfeCv,1000,0.000001000,1,1730124998,1730124998,0.000000
14LykDrFi7zBu5n2EUxarGayLA4s7UCqZJCpN7T9PQuY,1000,0.000001000,1,1730128553,1730128553,0.000000
14NJBY6bs6KVWFtf63ZmbMCPA6YMjusGAcKUm99LZq9s,1000,0.000001000,1,1729963831,1729963831,0.000000
21SnVZArPZGMgp3ZhPMC7XA989BMgzxt8wS93JZYjyXr,1000,0.000001000,1,1730124389,1730124389,0.000000
22GZmhJNVCnhMXB529wx9Rp2k9DGD1nVvcfVCQnonb4a,1000,0.000001000,1,1729949497,1729949497,0.000000
22oQLCHgzP5qSNe5q8DPxpTWR5MphWfaCfjeRvshLqpH,1000,0.000001000,1,1730120372,1730120372,0.000000
22p8VWqPwiAJZJLvXsGCifmKhLuXUVn9b98g56KUMb2p,1000,0.000001000,1,1730048413,1730048413,0.000000
22rzo26MozN7wx3E7uNXJgWcm6ZJd2ZSVQzCjENn4kh4,1000,0.000001000,1,1730120518,1730120518,0.000000
22xaA77VBrTeFVYLxSJSJPScoh2Y8Ca7Q7MhCRGtEzAU,1000,0.000001000,1,1730121605,1730121605,0.000000
236mjT7PZMiZTESiN9kN3XyY5eh8mVDwqhKeF3ptZF68,1000,0.000001000,1,1730122430,1730122430,0.000000
248W8EHuvH2ZpYn6HhvSDBCSFERDK9D5hhVYATVjHYmK,1000,0.000001000,1,1730121985,1730121985,0.000000
24h9kAdH6B9SYTTMof9rFqSXjH9wVsCfAzDgRun8huXp,1000,0.000001000,1,1730119915,1730119915,0.000000
24hEhCHXjB6wLcNDPW63unGJceRiwmaVCXrCTbNgeWgU,1000,0.000001000,1,1730120746,1730120746,0.000000
24VitEAzHTK9VgCeaUALDCvcj5YET4ZfB9zSQaokSNg2,1000,0.000001000,1,1729880586,1729880586,0.000000
25mVoHfqq2ZGzSEr9yoyPMyPFWn6MLXtcETChoGzR99u,1000,0.000001000,1,1730120026,1730120026,0.000000
25VhoYwEpgMKnp84uM7X3xT3FNXV7iSqTJrKZnztxRYq,1000,0.000001000,1,1730114132,1730114132,0.000000
25zA3SRuvAGVbqN4VeeLGhhTiqX96xScbGr7cAAH4RGj,1000,0.000001000,1,1730119756,1730119756,0.000000
265JLqVwZwGdGRQGHpWfTaVsjJ5dy6MhVTQpK6i3wzPM,1000,0.000001000,1,1729894817,1729894817,0.000000
26PSUgmrxPxiByYJNboMtoUZzr1xWAndkp5RPduEPeK6,1000,0.000001000,1,1729899611,1729899611,0.000000
276P8ZSE9nyvdgR2BWaTVroeAgvXDCC9NfQCSe5GDgJu,1000,0.000001000,1,1730120092,1730120092,0.000000
27dj7NrZaason6YCmBxzcqqEfMy58h29XqQF8ZvFapzq,1000,0.000001000,1,1730131064,1730131064,0.000000
27n1QC7qaFW6D266sQoZ7tCPmBVhdAtM5tuTat11VHNp,1000,0.000001000,1,1730124844,1730124844,0.000000
282GhjoHddKKzu2GE3WaTE6ECNgUV3ybvNRv9no7QStD,1000,0.000001000,1,1730124644,1730124644,0.000000
28MaGhJzGKeQUUGGHE9DxPq95D26VvmPXFCKE9HCBq8Z,1000,0.000001000,1,1730124699,1730124699,0.000000
29FACaFWeRRnqY23dyunoJFJBP7ruSE4tG1S1Pd5NbEU,1000,0.000001000,1,1730109724,1730109724,0.000000
29FqGqmXKvqX43WNeig8iqxTbjQtkc5MZbTm6LEDWJ4w,1000,0.000001000,1,1730029116,1730029116,0.000000
29JWk9XjrqT2RvLmQd389AFJsSRwauFs9fgTJp923c1c,1000,0.000001000,1,1730051017,1730051017,0.000000
29WGbMhvqkKbjc6bcJfnDUjcnHPB1M5QZEkvYByWRtDR,1000,0.000001000,1,1729958331,1729958331,0.000000
29ZwjFHCraUqM1agP8DxSTVQRvSttdMSat849QQHj1fX,1000,0.000001000,1,1729896834,1729896834,0.000000
2AFCJEqhMVh9BqPmLGfGH7L4ZVKhGDTpbFMEjThHytkK,1000,0.000001000,1,1730001793,1730001793,0.000000
2AhnuwphDhzbZNPKZ956WJ9qYUQoEDDcdHbCtYPGiq25,1000,0.000001000,1,1730125192,1730125192,0.000000
2AKTw7ZxJF9y7EGnueA3GYkbLVScU8WLUYppxEnuhPMc,1000,0.000001000,1,1729972209,1729972209,0.000000
2arVi7fgo1d7jTCqjfkUdL9vXUSy4XfXLaWkUzfcX1G6,1000,0.000001000,1,1730122451,1730122451,0.000000
2ArWMQfnrDuKfsSu4BbGCq5GA2QC6beFqBkYgxn6Aj8w,1000,0.000001000,1,1730073206,1730073206,0.000000
2ATZwHxGkCn3dHSoEnjUtXZTNf8vKxLS3SL3jsgfzStg,1000,0.000001000,1,1729890709,1729890709,0.000000
2AVAVqPFeZ8mYkikUzPynTdakKLgPqvGRNqY9FGYmHr6,1000,0.000001000,1,1730115134,1730115134,0.000000
2AWGfxir3qPgMS22TB2MGoKukv9GJ3XXFBHEawjdJDan,1000,0.000001000,1,1730119905,1730119905,0.000000
2AWJUFD3z68JJ6xFpXEpoKMjaFd7LL8vmA11B87FXx4n,1000,0.000001000,1,1730001575,1730001575,0.000000
2b5tgAQrvvWT4GU5p3CbxsT9G4DgdUSDnjHt4U21RP1Z,1000,0.000001000,1,1730085811,1730085811,0.000000
2b5tycRn5aJ7jiX7m65YSBP5WU5pUNFgWFyzEo2qEt1Z,1000,0.000001000,1,1730085723,1730085723,0.000000
2baFrbE9KNFSvwL4sEfGCompaLHACJcWhhXL6EcCcKF2,1000,0.000001000,1,1730117795,1730117795,0.000000
2bkAUVBeNsMjQB8THV6E9EMALoV3TDNFd2FuNPYLYtcJ,1000,0.000001000,1,1730119605,1730119605,0.000000
2bSoLLkCUBPwz9Rk18HZ6dUC8rWoSgB4kheonqKACe4G,1000,0.000001000,1,1729998191,1729998191,0.000000
2BYi2iH7RbNut3TuhXbE3UFnmMxLENsvmt6E9bRK8EUg,1000,0.000001000,1,1730119648,1730119648,0.000000
2c2eW8ULkxSZf1hAporsqVE5KadthssHg5H3ZvHqtC2B,1000,0.000001000,1,1730074121,1730074121,0.000000
2C3f6dfwgkGD2JkMgK7UFvpfuBvNkBnMeHHPawNaq8GX,1000,0.000001000,1,1730097318,1730097318,0.000000
2C3fazffQ11tWY2mL6HmkTAfshPvjoGdKVcT2xddiCoX,1000,0.000001000,1,1730097272,1730097272,0.000000
2C4ZdLygAsLCu2tdLfy52d3yQRX1PYMV8odFGCBcYnJ7,1000,0.000001000,1,1729967904,1729967904,0.000000
2C8eGHb9nFAjwTDWRzL3vUEVqqNjg7pTsoLPJxspz1zQ,1000,0.000001000,1,1730118518,1730118518,0.000000
2cHZcNcouCTKYk7Fs5ZbSiXyRhKG6LQh3VRKFv7MCgtU,1000,0.000001000,1,1729892581,1729892581,0.000000
2CmX1ScKWsiDT8pX1i2tyMhroCZ3U78MwJHrVpTniNho,1000,0.000001000,1,1730118350,1730118350,0.000000
2cymBfLGoLZN4m3mskaz6417sHVAKMTiWJHKf4mtPoNX,1000,0.000001000,1,1730080613,1730080613,0.000000
2D2sQUWWXZM3yvkpgDf3M2SZ14zvfCz714wivf3Tte1M,1000,0.000001000,1,1730125516,1730125516,0.000000
2D8hpEw4jnyou6BwqQ6qbfAYxFh3AYDfUwzKdanwJEes,1000,0.000001000,1,1730128726,1730128726,0.000000
2e4gMkftUT2uMXharpJp6a7z3KSmeZ69pFa58gbgqNPh,1000,0.000001000,1,1730131366,1730131366,0.000000
2EarjfzfE45UJ8pWeRp8y4crzmUWb7WnYJHjSuAdeKL1,1000,0.000001000,1,1730118483,1730118483,0.000000
2eDs2SctDx7VFFQ7vp32qCz94GH3pHbWnNo5cLVSPnkb,1000,0.000001000,1,1730106079,1730106079,0.000000
2EFm1mMAjCj7knmNrkcx93VEdAAoPgxwHCo6r64LXAy4,1000,0.000001000,1,1730124118,1730124118,0.000000
2EFmJfNp3CuJUHUJDDTtJQ7EUZenyjNkYLHwy4TmbQ64,1000,0.000001000,1,1730124259,1730124259,0.000000
2eGLAqJZeoVGDrjdwJmJLfxfb9SkFJJDifF9m2qWhEVm,1000,0.000001000,1,1730120832,1730120832,0.000000
2EiYSQNza21ZGPgiMwNEJ1QeHbjq2CN3NDuQpLLDwUh9,1000,0.000001000,1,1730120179,1730120179,0.000000
2eW2njCXJDrdC9m8RyHQNKKeCHTPKcscUJHx4KwH91Lj,1000,0.000001000,1,1730117668,1730117668,0.000000
2F19hsRiRwYNAKburdxnwg9DAxebvyLbdeTB7ShWj6hN,1000,0.000001000,1,1730010372,1730010372,0.000000
2F6pTQS2LZzrepEXCkns8SwBcdYx84SgrQHVif9NL531,1000,0.000001000,1,1730120586,1730120586,0.000000
2f8B92RoyrYsymuDzAyttjmCPMnLiRARsWUWoSQgyi9p,1000,0.000001000,1,1730119540,1730119540,0.000000
2f9zzEpE9yWneuZnLsT9TxeEfptv93UU5uXqAFtpdpAe,1000,0.000001000,1,1729998002,1729998002,0.000000
2FcwYA1zy41BfA3UW3wR6KhsLe4aFUbrmBWLy7whAWai,1000,0.000001000,1,1730124972,1730124972,0.000000
2fGJ9AAQnMwUs9XaVFjyN8HMtz6tH11fWCaRJ1c3G985,1000,0.000001000,1,1729877377,1729877377,0.000000
2FJyHuD1tq17mJAAm6wGf36mHVQiymfJ5kviCHkC6WzS,1000,0.000001000,1,1730118583,1730118583,0.000000
2fUZghCk78nWWtscmURzFLz5ec64aPoc4KRUDNddCg6Y,1000,0.000001000,1,1730109728,1730109728,0.000000
2G4P625WAALrBkfZKWDppnERn4Mi9KkX7nr4YsrUSiui,1000,0.000001000,1,1730119382,1730119382,0.000000
2G4QDLGhj6HfrbFt2MEtivtSik9cMpd7ADrU99umLVdV,1000,0.000001000,1,1729977839,1729977839,0.000000
2Gt35KvPBThzhiQ7nKEVBcvwXAYFUtpkaXUYDtv4eNJW,1000,0.000001000,1,1730118374,1730118374,0.000000
2GtTqWfymTd1qtccxwXTnKoJiMKd3X89cj6qy5LPKqDg,1000,0.000001000,1,1729997699,1729997699,0.000000
2h6r2SEPb4jrLn8NwDWJrzJNns3ueSHNdTVL8iKB8ueN,1000,0.000001000,1,1730119136,1730119136,0.000000
2HfBcHu6zViRic1ny8BZKenadVH3Z1wZ5zh5T4AYFkp9,1000,0.000001000,1,1730119979,1730119979,0.000000
2hjRW5mtoP8eubWfAst9XFDkHRD5dLC7bGgiMUSNYMNo,1000,0.000001000,1,1730090943,1730090943,0.000000
2HVsuHZUmeQimHsKNDtyhPSgLeHybBHYSt6E4tCqbH2P,1000,0.000001000,1,1730120603,1730120603,0.000000
2i5XwqezQGnRWcu3t3fJxrKhWkhhV4driB9aK6k57M1h,1000,0.000001000,1,1729965973,1729965973,0.000000
2i9oKz8U6AeKrLV2uPjfBi2eqdvrNc7h5yiNShAMgWyt,1000,0.000001000,1,1730117541,1730117541,0.000000
2iJsxoMiygd8qqcFu9qAbq6W6RXmCjJyke42XCBHGtyB,1000,0.000001000,1,1730119254,1730119254,0.000000
2iLk11qYz85fR52QmFJJeimBWjg3HFHfLusw3CKUbPbv,1000,0.000001000,1,1730117886,1730117886,0.000000
2iu6wiTy54eLv6SceEw3UEsFYbVYfKq5c7WwLS9npmjq,1000,0.000001000,1,1730123029,1730123029,0.000000
2jJfnDzGBkM5ffqQVfH42ttS6DFzf4CC5NoDGVfQxKDH,1000,0.000001000,1,1729892568,1729892568,0.000000
2jkmepiiQmVBm8RFvvvbmjnSgZBtUpY1xW542rMpUirM,1000,0.000001000,1,1730124744,1730124744,0.000000
2jNKRSmpiZVXNbdrHvZdVxW34TTYSmdkQrdXm6T9uy3g,1000,0.000001000,1,1730043485,1730043485,0.000000
2Jphmjfe2Cu6VnfNMLmDJ2UgHXmBJqzNpc8Qz5Rc4wAC,1000,0.000001000,1,1730125030,1730125030,0.000000
2JrT7JtrVacKQYvuVDmWKxVtyusoa97rGcgFMfpQ9t1R,1000,0.000001000,1,1729983908,1729983908,0.000000
2JrTCBKm1qxCVu5ZysXBDDQTxzurJNSnYXqUmrgZXUFR,1000,0.000001000,1,1729983978,1729983978,0.000000
2jTV7t3Nvt2fc49nQBKBdiWdhTyLmeDkQp2QWNz1nm5P,1000,0.000001000,1,1730126911,1730126911,0.000000
2JVebF6v3rqicdaAxHyn56sMYRoQhaLKutXipJEJQhxo,1000,0.000001000,1,1730112815,1730112815,0.000000
2jXnkYPUezzPtJ2TQAz1L8tATXrB5Z3F6YwhYw8kactB,1000,0.000001000,1,1729965705,1729965705,0.000000
2jxtmmgUEFCFSGoQwTAA5SigJ7MRE9WGyeBDNEfd8fj5,1000,0.000001000,1,1730103816,1730103816,0.000000
2K9sBTxr7Gp1B4YLTGcCbkU84asrZUmPzTYqk8VmTtro,1000,0.000001000,1,1730120757,1730120757,0.000000
2kb1YVqf8YRr3B6UWf9gKg46a18Wynvi9JkESVLCvC5q,1000,0.000001000,1,1730119234,1730119234,0.000000
2kExPCEhHWnmiAN2e24jNgpw3EqG5Q6zy8ZEwtqs5aTo,1000,0.000001000,1,1730120004,1730120004,0.000000
2kPCmNv2Vi6ni6jnwmwhYpk2gjF2zbCTEjH59uPtXPc8,1000,0.000001000,1,1730119443,1730119443,0.000000
2ksn48MgaBwBBwo4hVC6iGYB7dQcxRzdnFb747sd5GtJ,1000,0.000001000,1,1729879276,1729879276,0.000000
2KTW7TBQPnbBiSaUoepwuqX9FULL2p1RNhz5vSPYZCm1,1000,0.000001000,1,1729997355,1729997355,0.000000
2LaKnj4T6MWKgTsdDcA7AaERH5ADStHotabUMY2CyD1p,1000,0.000001000,1,1730038113,1730038113,0.000000
2LmRh3zv78h4BF1iQ6cN6YNxiL39M1a1Mcd8DJbk6K8o,1000,0.000001000,1,1730125149,1730125149,0.000000
2LQSWW7FjjMaMzmW32F2V5E1ahrKcHL7hMe1fSCdcspo,1000,0.000001000,1,1729958629,1729958629,0.000000
2Lx1jVZ14SswwjUcuzLb9tiUukBj4yfzrt9wkPxELiyJ,1000,0.000001000,1,1730117682,1730117682,0.000000
2M2R3V3G8dG4VtVunWbdThSS6h62rhAL3ctXgZgPoH8g,1000,0.000001000,1,1730044829,1730044829,0.000000
2M2R7ZHkdAJV6pWfrMBGGZwHjtoBW5Q8rfB7acNmYo8g,1000,0.000001000,1,1730044892,1730044892,0.000000
2m6HrurmrzXQuoqXbj7w6ZJc4GMgR9nT5WJsV3oLh659,1000,0.000001000,1,1730112735,1730112735,0.000000
2M7od2J6dnUNsaC3SbJMh2RFC4ugxeKD8vyefB8dxo7N,1000,0.000001000,1,1730057709,1730057709,0.000000
2MbebCwhicmzBNS73t7j8yfR8JPGgKgznQnMcQ4us1Ex,1000,0.000001000,1,1730117805,1730117805,0.000000
2mf4qrMLPqPQEm4XMuGdHtykMoL19swAk9hSRNL2GqjV,1000,0.000001000,1,1730017472,1730017472,0.000000
2mfu2faHWJkNYykeTqyHAu7cV7Ku6evp37zkBPL2tB8x,1000,0.000001000,1,1730124501,1730124501,0.000000
2mJUtwfv85nbYD1gxzgPp92pFxNsywjupdMSqs5wehow,1000,0.000001000,1,1730078184,1730078184,0.000000
2mMihugnw1xrWNHsJVXDNRLjmgt51PrrDrZRQmeHNxY6,1000,0.000001000,1,1730123879,1730123879,0.000000
2MnAJ2YawZNzpMSW8bfQ7PdaBvaqSKg2Sx3EBeVpJPTK,1000,0.000001000,1,1730124586,1730124586,0.000000
2MNFrekqdkfAjSWF7vNPjWSbo4ySioLi2on2WxfYyE3i,1000,0.000001000,1,1729987316,1729987316,0.000000
2mUC4T6MYg4JczDRhmrRy7HhCbDmg5H8woku6UA3hGhz,1000,0.000001000,1,1729961261,1729961261,0.000000
2myhXWrYsu4ddfuw2MC7iepY2SVf8YVG6A4dacimx9uj,1000,0.000001000,1,1730119832,1730119832,0.000000
2MYUFsqxDMYxU7cRX25zz6EsCGFKTgD9H2S5az6rcEk5,1000,0.000001000,1,1729895782,1729895782,0.000000
2NBCi3MHrFbYXX6f4Ac2RFNr96ezzQi3kdRoCoTuojeQ,1000,0.000001000,1,1730119454,1730119454,0.000000
2NoxXNAMY4izqMSUiFeqX2MgL8ieAu2KFfbZXy9F9maf,1000,0.000001000,1,1730119126,1730119126,0.000000
2NQqWq6MTTeAqirqdG2e8ypUBAdvi8PEgvRjyT2rrQ1P,1000,0.000001000,1,1730037276,1730037276,0.000000
2NsZtTy5CaNJf9uEaYAbQuaGFqZCumYCKNDeDmT72QX9,1000,0.000001000,1,1730085993,1730085993,0.000000
2ntMno2qfLnoBu3QJVJHqowJv2PW8jt53PvDCGd81Zk2,1000,0.000001000,1,1730047013,1730047013,0.000000
2Nv4XjNkzKcYWWjwK8fHxm35txsES89VrbqwrXgXnwJ2,1000,0.000001000,1,1730096803,1730096803,0.000000
2NWE7qnAUpTz3RHsM63wGoSaStAwvEbUz8nVyJQnBfcU,1000,0.000001000,1,1730119759,1730119759,0.000000
2nWNfKtjJds4hNvyV2YbDSZDcapaNAWG96ag91i51LW1,1000,0.000001000,1,1729896836,1729896836,0.000000
2o5ueDHPgz6AhaeUdPfBsQX8owfpsoBYyoYE6uCL9425,1000,0.000001000,1,1729908169,1729908169,0.000000
2o5uMEBoXNGsY2Hy49J19grHWQGERH35t1eVBPVZGL25,1000,0.000001000,1,1729908138,1729908138,0.000000
2ohNfgr6AVNdgUD7woM2Lt3gG1EZnb5K4beb5cFn1uBY,1000,0.000001000,1,1730124695,1730124695,0.000000
2oirdZMqRCsbh7jCLEgzykhu8PaPBqBHdoqACzv6jjCE,1000,0.000001000,1,1729881290,1729881290,0.000000
2onUq4CU3Ex1BW6K4m358ZaHUVE4k8WiYNhFmufP3qGi,1000,0.000001000,1,1730131610,1730131610,0.000000
2oZoueL5KGsVpa9Rdw1gafsC3qfZ5b1KooyYR4LZLuGR,1000,0.000001000,1,1730121946,1730121946,0.000000
2oZU9GdmEBRsuX4jcdotghNiYZ1koxNN34zUiXZnMG9m,1000,0.000001000,1,1730109631,1730109631,0.000000
2P2Xnc4ePyJ2ryugM1aY8wnPe4LsRMi944DWLuwk3DWp,1000,0.000001000,1,1730119899,1730119899,0.000000
2PfLBfJQKKEYNxKZPtrZ6QXt4M73dznX93n4K1EAh3om,1000,0.000001000,1,1730125426,1730125426,0.000000
2pGj7KePe4xJcd1fW3HXmPjTS5pVCLnfxRrZa1oAAEvK,1000,0.000001000,1,1729875535,1729875535,0.000000
2PMh1gdovpAA1DqENSQSeDtUtHWLqX84GJYbkKf7Ja11,1000,0.000001000,1,1729998945,1729998945,0.000000
2PMhRhH99g9cXZ9gxajHerFhQK5bJ6JnrSiCNdoHyA21,1000,0.000001000,1,1729998855,1729998855,0.000000
2PmmXE3TTg8aeQ6q9msvH3tWMkaZYVcqwkjb5sVcBcFD,1000,0.000001000,1,1730090334,1730090334,0.000000
2pRCQcbB6s9EqLbVqkEUmR3gvutS2kfEwJU5jxJ3ogeZ,1000,0.000001000,1,1729956180,1729956180,0.000000
2ptfnrLbwAooBqe63js6z5fKLQqWMdduRtUmZDYsHyET,1000,0.000001000,1,1730037743,1730037743,0.000000
2q8fNUzohkHTREqamoiQuB3gxJCLKVsGnn4VEevwXav7,1000,0.000001000,1,1730120052,1730120052,0.000000
2QDB2phi9bSduMjHGs5mv1w9XXGrL6NLGSMQhWMaXGiP,1000,0.000001000,1,1729890621,1729890621,0.000000
2QFQdYQyRfhzNLFtEkmXwQEXdGMNzBhdHxdTaXTyvbtx,1000,0.000001000,1,1729921946,1729921946,0.000000
2qqhTXiYDewsYBGbxHjcj5FSG2da1YEZM6Nsb1Zg5U2f,1000,0.000001000,1,1729958872,1729958872,0.000000
2qqhZsLKgyTDxfy9DXHChZHrxCqD29XEa7DdxLLiDd1f,1000,0.000001000,1,1729958931,1729958931,0.000000
2qrMcib2TDjyzAfpH1hrCZsYssfDU8sXUDSvgTXEVJDv,1000,0.000001000,1,1729876793,1729876793,0.000000
2QRz7RuH4jgYU6rqAp5B5s8u1XmvuGMjdRFbciwquxiM,1000,0.000001000,1,1730124899,1730124899,0.000000
2r5j5wjMFPifLxtUXT4P4918JE7gVYYDEuvksdutQ7t7,1000,0.000001000,1,1729957824,1729957824,0.000000
2RFfDmLCbE33tjVmm2YF47hPgeGrh4goauGV28GnHRsd,1000,0.000001000,1,1730079107,1730079107,0.000000
2ruz67MxA1TJSzGc226aWsM1jvTMmLwSXZebvbbHBznn,1000,0.000001000,1,1729959108,1729959108,0.000000
2seDEdyHP1ZjfNV2ggApxkEn7S8qKfWcnsBXhgDm8x8d,1000,0.000001000,1,1729947033,1729947033,0.000000
2seDJ8m8m6kgKyi5aAAC6j7ASBVV48GZHpT6xXWk64jd,1000,0.000001000,1,1729947119,1729947119,0.000000
2sGNXQKqBpaoTCesDmLBvmvtwEf6gu2wCgfLH247omAe,1000,0.000001000,1,1730119202,1730119202,0.000000
2SUKYhL9QKWUE3Lmj6ep2L7TH1GMqyWdGdMBDE9b8F72,1000,0.000001000,1,1730104520,1730104520,0.000000
2SvzKoeUGvHfDYfpwj4TAz3UgE1kQSWM31RXhYD4ATiu,1000,0.000001000,1,1729929292,1729929292,0.000000
2Svzu3REB5TEDoKWM5mPxKGHWRqnk2emAngT4kGaymiu,1000,0.000001000,1,1729929418,1729929418,0.000000
2T2WgKZYN5L5CACQSnstt8BhiYKDzWHGtgpuk3KKn9ii,1000,0.000001000,1,1729888609,1729888609,0.000000
2TdhJ9BFC6WcUUgBgLx6t1hBJvhnJSyda9yTRPBYo7FH,1000,0.000001000,1,1730119953,1730119953,0.000000
2TeyA2xcyJFB9DERCN7VcqpwK2Gxq9ciU4xfWNF4rAAn,1000,0.000001000,1,1730037365,1730037365,0.000000
2tfpwcSbA2R3RNhQmw9nEHBguYXJQb99bHPwey5eici2,1000,0.000001000,1,1730120871,1730120871,0.000000
2TgVas95dEf7yfFS4VPPxkdCxXx2cYqLfz7wd6v4W685,1000,0.000001000,1,1730125114,1730125114,0.000000
2tHEJsRXtDaunqPGtxShsVzutuPiZkcS869kG96PQzJ6,1000,0.000001000,1,1729885890,1729885890,0.000000
2tLt1mLxsXbRs7Btvr6W3QNrvcY2pf4qpDVCb8Ptix9k,1000,0.000001000,1,1730124772,1730124772,0.000000
2tMdDWpbC3XvuDoms2Yu2D3FNj3WwFC5tgnMRTumEPjy,1000,0.000001000,1,1730120772,1730120772,0.000000
2TmuVS19W5rVx4KDuUayaWoFnEZVSvxhwqMUfsfHMH5A,1000,0.000001000,1,1730131364,1730131364,0.000000
2tqRnnvdTf6aTv2S31DLHQHJRaWc3f2GL9a1em2Zzf3K,1000,0.000001000,1,1730119952,1730119952,0.000000
2U1Pw1gqMR1fSS5PQJhHH5hHQc8HJ9jkay6D3F4ozZVx,1000,0.000001000,1,1730132660,1730132660,0.000000
2UcTbauw8HuHhLa9scDGo6hur8xjodibPWp712yd2H3e,1000,0.000001000,1,1729926897,1729926897,0.000000
2UDkFCzJUgJRBCVjnXLC93KkgcCiYyigZDEMNbsaywSr,1000,0.000001000,1,1730118561,1730118561,0.000000
2uDN4eXcfjWYBQRbf6Mje7KBGGAixmgHJUgioWj26vHy,1000,0.000001000,1,1730124227,1730124227,0.000000
2uM1sJVzugdduZQdzrn9SpFtpWEAjZtZGUBPenqDx7UP,1000,0.000001000,1,1730115672,1730115672,0.000000
2umgUKjRMnC3yRTmasuhuBtb28fuhHBapnJqqbviFAa8,1000,0.000001000,1,1729876789,1729876789,0.000000
2upoEt8eNBDKnYvyMP6ZNG6VDYBHCCixqPCAYGt9UdB3,1000,0.000001000,1,1730124877,1730124877,0.000000
2uQmZKTpZZvazgSHYrF1hZmWbPoiqnt6zM6uqff6VfNi,1000,0.000001000,1,1730120890,1730120890,0.000000
2uS1mJ8Na9RLJC8EQbjcMmez5oZPpX1vDYtWY3YRBfJo,1000,0.000001000,1,1730117592,1730117592,0.000000
2uWuE58T5JHJCQEjkhNagRXrhJiVCTMA4vX1KiyLR7g9,1000,0.000001000,1,1729879820,1729879820,0.000000
2ux8B3h8HmRg243HaVR5mYejfdjpXLffy6Q3UahgZB4A,1000,0.000001000,1,1730120089,1730120089,0.000000
2UymsVYJf86LFzQVKhTuui1qdZUdou84DRXuqi6MH69U,1000,0.000001000,1,1729965523,1729965523,0.000000
2v2JQUdPt4ASW68Ask2zLT1rShqHT76Y22uvirWbcUVk,1000,0.000001000,1,1729999623,1729999623,0.000000
2vanGVFpPJ93BKvnyLfScViapcXt65YpfF2Hx7DSckM3,1000,0.000001000,1,1730114354,1730114354,0.000000
2vanyU6J4dANruMpCSYbowK1pQEp9WZzwjkD9bw4Tr73,1000,0.000001000,1,1730114446,1730114446,0.000000
2VeHFJmWnRsCgkT1tDZuV2p38TfR3AdUvNV4XwQvxRoj,1000,0.000001000,1,1730117841,1730117841,0.000000
2vFd2qsWyrjaKMjM53MW83P1XXR5cBMWnyscDk9fLAb1,1000,0.000001000,1,1730120165,1730120165,0.000000
2VfqN4SaMgpoLtnqw2UduovoEAUBCZ94B5MT3YEfFE7M,1000,0.000001000,1,1730126811,1730126811,0.000000
2vVdWioT3FPYrSrXsJH26oVCTg82m7JMV7nftJmAt6Xs,1000,0.000001000,1,1729958703,1729958703,0.000000
2W1PDnGQqwcUB5NySPnAcaiLnjnpSgHeSWXMyk4r3Z2w,1000,0.000001000,1,1730038162,1730038162,0.000000
2W1PLz8TwQKbMWzibZ67K8TAWgH58mXAifEeg5P4t7hw,1000,0.000001000,1,1729876313,1729876313,0.000000
2Waou9Jfzma8LBMdTjRnWCo47hCKff2pSAMGPqFgci7G,1000,0.000001000,1,1730105710,1730105710,0.000000
2WaoVhcZ2YtK4jKzyqwki2ajdvr8wEWzuTf26oKo9bBG,1000,0.000001000,1,1730105580,1730105580,0.000000
2wgE3cPb8vsB1YZorF58jg9bakNmikfnRjdza6mdBJxW,1000,0.000001000,1,1729891928,1729891928,0.000000
2WJRamurWgGuPSRoejgDU8NdLt5cAEkbJ9n5G9sTDYrb,1000,0.000001000,1,1729897525,1729897525,0.000000
2X2mmGwHVieyvHFqSYCzrYjaDytrT9xNtaiSbMtYf81E,1000,0.000001000,1,1730086604,1730086604,0.000000
2XiXbrdTSHHWof3bp8orzPNajL6VARVUKzFYVTSHYeiD,1000,0.000001000,1,1730116925,1730116925,0.000000
2XiXg5n8NgUHTLa6quzPYNLW9Zx7MQNgssRNj2UHoa3D,1000,0.000001000,1,1730117032,1730117032,0.000000
2XNpjbtT28n66mjLDxkdN7QgXiU956gTGHjV2RXhyCBM,1000,0.000001000,1,1730120124,1730120124,0.000000
2xocB9dtBXG9eZduGpqsKgoiBgFsxayuao93Ff6E3U4p,1000,0.000001000,1,1730120551,1730120551,0.000000
2xocUZ3djhL5fskqNd7KwUYZGdmJzfcoxwtRop1XU1Pp,1000,0.000001000,1,1730120451,1730120451,0.000000
2xoeVRtep2u9yo5zvs9MA7eRvd81ZDzcLKXqHfrStpm3,1000,0.000001000,1,1730119176,1730119176,0.000000
2XQFee4LoEbWGWGGiqu2LSRguBvLTfqvrrJVfh6saT68,1000,0.000001000,1,1730051197,1730051197,0.000000
2XVtH3YecDC4EnVZdm3HGL5p5fUhwbrGbmLgkoQu8CZn,1000,0.000001000,1,1730119268,1730119268,0.000000
2XxrZyWiKMQee8a5XBKWcLrD8p7sTd2uk6LFU6H7optk,1000,0.000001000,1,1730118459,1730118459,0.000000
2Xz5QLo4WdxozMyL4gbRDsvoBh3MpiGfFYVyuDLEwigW,1000,0.000001000,1,1729931064,1729931064,0.000000
2YGRzj2dC5CmoVA8qv67KUWWHLusfbdvjCvQPrx44MbF,1000,0.000001000,1,1730119856,1730119856,0.000000
2YJ13Q6kmUMa2RbSBLNpi2s94xcjQ6jqDJL3PPD2gbnA,1000,0.000001000,1,1730114467,1730114467,0.000000
2YqDj4naFQ3Gvuz7ch9y9yGu9j3AxDFwc3MoK9mRDRYL,1000,0.000001000,1,1730047624,1730047624,0.000000
2YqDsTfeq6VTBUdV6XLVQBsQpdffFd97vzNxHhnxAf1L,1000,0.000001000,1,1730047775,1730047775,0.000000
2YrKjH6Li3RYeqbuEyLj89dgw2CqoPoZyVPfkzuGqdW7,1000,0.000001000,1,1729965116,1729965116,0.000000
2z7L17KP78gwirBjcRszbTvVyEp11MxXT1zwFMXJdoh7,1000,0.000001000,1,1730073654,1730073654,0.000000
2Z9RBXKY8nNT2fBySZUD3ZQKZbCfWUGfjqKymNdi2J9v,1000,0.000001000,1,1730078840,1730078840,0.000000
2Z9RQJmeFqbSf2jFkEgbj9jBCe7SjPDGAaQumPMQH9Nv,1000,0.000001000,1,1730078735,1730078735,0.000000
2ZA76Rao6HAyc7qGJrwv9frnR8XcpY1PFL5ZVDWaJCg4,1000,0.000001000,1,1730120287,1730120287,0.000000
2ZkYFVTuAnUhtUtKP9ExruH7CCRv2xcUD2JnGajXSmS3,1000,0.000001000,1,1729955575,1729955575,0.000000
2zMkqgjmVMCk8qxExNeop7mibq4L1QrLbfmgaeRAacq5,1000,0.000001000,1,1730120439,1730120439,0.000000
2zpC8EpCDZHd55jTeLQBKLJa2tAFUwDB1omoa7B6FXSS,1000,0.000001000,1,1730119373,1730119373,0.000000
2ZseRPtT5HYbGo2ZpUAUqbX7qhvzPPeniStHDCJZWA6m,1000,0.000001000,1,1729947747,1729947747,0.000000
2zVHSBpHr4EoSQPiUhxLEPx5rxc386U14HE26qzTGseC,1000,0.000001000,1,1730125119,1730125119,0.000000
2ZwpenbUZFJWoFdDPQs59QYNtfUvmPWhmimask64y7qb,1000,0.000001000,1,1730120842,1730120842,0.000000
2zYvebuBboqCqAfZLHPmnBqouTMLSrd7jEwVp5wrZfnm,1000,0.000001000,1,1729873300,1729873300,0.000000
3185VEXMMjh5F8Q5GtXSNwx7rkbcTGuf9rUrXxWGStQN,1000,0.000001000,1,1730084759,1730084759,0.000000
31hFeWoYgrPVsaCF2rfNQyzxeTrxznE5zCyQmXrfcPwB,1000,0.000001000,1,1730124467,1730124467,0.000000
31n54ngbYSHQaEdAj5m66CkCB4htKByjAMWRN1Y8a5BS,1000,0.000001000,1,1730126056,1730126056,0.000000
31n5Joj24phJTvJJEDa9s1csgS218QEYaVZmm2uGHa1S,1000,0.000001000,1,1730126154,1730126154,0.000000
31nWfGAf8j7z8W4rYNQshnxpHHhi7KKpad85qmhb7xMq,1000,0.000001000,1,1730114515,1730114515,0.000000
329gwmPDtMFmAXxnYAsrfVtArrpXCByBEj6qSNTJyXvS,1000,0.000001000,1,1730047594,1730047594,0.000000
32BiMzoC8kJFAGhMEJ7gb8Bx8PUoubXjVtgNhudW5hSd,1000,0.000001000,1,1729884249,1729884249,0.000000
32wHBpLSPgikERQcfcoMk1PciggkkQ3gyBJ7Tg2BfmEA,1000,0.000001000,1,1730124840,1730124840,0.000000
33fiFTCrSX4CZQKYEZ65NEpsQjwiEJ7kpaegtSowbjAd,1000,0.000001000,1,1729948865,1729948865,0.000000
33JJ4PNRKRddoydTLaqCTsodWfdHL33PVGWyu4ZMpuKB,1000,0.000001000,1,1730117570,1730117570,0.000000
33TkQsNqc4Q3h8QtZvCvihfVaEapH9T88ANWdfihK1qa,1000,0.000001000,1,1730124383,1730124383,0.000000
342KBycNZmb3FCbF4p268tQzNfMcRvxnDxN2P7qkSoQU,1000,0.000001000,1,1730118559,1730118559,0.000000
346Mi71VaULYJPmapi47imogvKJnvQAF8HbN4VkhAM9P,1000,0.000001000,1,1730118581,1730118581,0.000000
349pxemcv2hUAXwZCgi6dAYGNEyWCwg8kWbou2TkpPiV,1000,0.000001000,1,1730121153,1730121153,0.000000
35nXxm5QHHnWem6gJsrM9e95So5VAPsm15ArjrbbAaCb,1000,0.000001000,1,1730128700,1730128700,0.000000
36799Ku2qMmd79zh7dpVkMA2nCLPK1hFYVwjwukztpgk,1000,0.000001000,1,1729874415,1729874415,0.000000
36J6zxvWX4aaAqjoV8E27UMru1HoTb4vMcXmrNdnr9QY,1000,0.000001000,1,1730120177,1730120177,0.000000
37HsPoEPgLDrMcsE5asWUHpCrHN9cimUjqe4HFaHSyrZ,1000,0.000001000,1,1730119630,1730119630,0.000000
37tCi75MTMLfp9BNDKwE1QX87KGSbwoXYxniHfrkrx2t,1000,0.000001000,1,1730129339,1730129339,0.000000
38eFypMDWPQLuUfU9m3pK9BLZYoHthDxEynWVLgEUBDc,1000,0.000001000,1,1730117176,1730117176,0.000000
38UzBB6enZ7BKN49LrtLtCqXFe6UfbgF4Q44jU3RBUj4,1000,0.000001000,1,1730119890,1730119890,0.000000
39chJyAUoStCwJCKbSjxEKrwuwowS3igBd4Ht1YBmqU6,1000,0.000001000,1,1730120522,1730120522,0.000000
39kiEfd7FLoJJ49mp3b4woLcUPc3cMeLEQv7hyU14cUu,1000,0.000001000,1,1730132933,1730132933,0.000000
39X1dw4NyEZJAm9LgqHxzRm396BHLQqT8D8HsfeReLPt,1000,0.000001000,1,1730124629,1730124629,0.000000
3A3miE6zgcRzrtG7tMeqtMyjv1CfWkAbDgKtzr4tfdYb,1000,0.000001000,1,1730125158,1730125158,0.000000
3a5i9Drf7kzYkmjn3uBj6VhSc2zSPAKy8HfCU5bpkh1W,1000,0.000001000,1,1730119413,1730119413,0.000000
3a87TQNLJ6w78UFVn1HFKKn5ZzwCm24BGLVt3jTU3y4S,1000,0.000001000,1,1730119790,1730119790,0.000000
3AcGYENUiofBEqFUsm72N4cQbbLiAkXPVF7w8sSCHHoA,1000,0.000001000,1,1730117674,1730117674,0.000000
3Af7PMLqdCxXpFTqKKrQntT5HWJaS5RgPUYE7mKUacbS,1000,0.000001000,1,1730124280,1730124280,0.000000
3AHRoeQ58ok8MMVCcSN3pWu5iXR2jTPK2ANqHR8e2bMV,1000,0.000001000,1,1730124609,1730124609,0.000000
3AudpXb49Y5zH81pCH8eV6SUFPfusjDK6DCCSd6dB5Xr,1000,0.000001000,1,1730117857,1730117857,0.000000
3basfqF3cWwQLuBu5AwGWFE92HtLhjsNUFqbUuAoHodT,1000,0.000001000,1,1730120793,1730120793,0.000000
3BFaWuiSWBpA8824oiYFeCTscr2eHVNcnfuTFwYUK8aS,1000,0.000001000,1,1729905967,1729905967,0.000000
3bHsGPUjGKkkLyMW4JXvkvzzEgAewitSZrrm6Ym1xW6e,1000,0.000001000,1,1730124890,1730124890,0.000000
3brBs6MCJ9o8KKCecVbgBQw6T4svJdEZSwHRDKpXW3H7,1000,0.000001000,1,1730084187,1730084187,0.000000
3BTaEWFGJwsof85NTmdwercwJD86B7yUKBbRDL9sSt3h,1000,0.000001000,1,1730058936,1730058936,0.000000
3bxF1Mt7vJJwCjv6Dtif5LEu3M7bgoyKcidEm2BKyTUa,1000,0.000001000,1,1730120570,1730120570,0.000000
3C4iCukHxtVtEkjuzvUd4vrN9pttx3mV7rQZnv4hRxJJ,1000,0.000001000,1,1730044217,1730044217,0.000000
3C4iEFFGMy8qHeXidjFcnTgGRmSbLTzaBzjQ9vKGdwfJ,1000,0.000001000,1,1730044282,1730044282,0.000000
3cE2RNo8jFfS49i7jw4kJKKn9atnN2VTE289xeSDoKu3,1000,0.000001000,1,1730127104,1730127104,0.000000
3coh3rrCDH3Ceqv7scJzR9EXbhqrrrnPDjCRkB3gkia8,1000,0.000001000,1,1730118524,1730118524,0.000000
3cUt3LFwTLhr3prH28GHh1wqbbPwkJ7ZMJuaRBSPPfFj,1000,0.000001000,1,1729918845,1729918845,0.000000
3D2iQevaRomVDZsuxKomKxAwcBEPDV4E8RpS4E1exY8m,1000,0.000001000,1,1730120225,1730120225,0.000000
3DaAfVzmejtAigBtHvvvkkWNQ1muMZtzZDTrYWMuVvSK,1000,0.000001000,1,1730088227,1730088227,0.000000
3deaszuVnG2DogNddtScbvQkJFxBUb7jb11KN8878Ydq,1000,0.000001000,1,1730117858,1730117858,0.000000
3dPHsvoMAFDhUJkMgSWJpepKxgJikVxW3GuRaf9NB1X4,1000,0.000001000,1,1730045036,1730045036,0.000000
3DVd4Rnbft3fVdiHQwzVeQr4pX3Yfy54CqEfJu7edHNv,1000,0.000001000,1,1730122659,1730122659,0.000000
3eguU6nj5c3pEWcsucKBnN5FGKUputogpvUvBs97hmgo,1000,0.000001000,1,1729903055,1729903055,0.000000
3eguVtBwwQPiQFihtqWHuXmA8ehYwMReR7Sp86ECq13o,1000,0.000001000,1,1729903096,1729903096,0.000000
3EHKbgRULCmvRq5N919dBHSRrVj9uHhEfBw2sUzvM2Fv,1000,0.000001000,1,1730118376,1730118376,0.000000
3eqj3pzktoyoqHbPCFrU8tA5PZ7NLPFU9E4eFupbsL7S,1000,0.000001000,1,1730073467,1730073467,0.000000
3EUuCmtZLCkjY1KPaUKMbQ3ygLSGexLaw3LQEbkMmF8L,1000,0.000001000,1,1730138976,1730138976,0.000000
3EVbLBYaQD9uniQPRHdrRZeoX8Ws5n3yFzwzunQahihX,1000,0.000001000,1,1730107222,1730107222,0.000000
3F433Pc47gW71j2wb1Sh5vh6S7ZpZGn2JojE9ewm54mt,1000,0.000001000,1,1730084377,1730084377,0.000000
3fAbH7qTM9U6quuxRjxDJmkYPzQsLSW89EGWJ5dikZ2C,1000,0.000001000,1,1730118237,1730118237,0.000000
3Fb1qpDA96pBEDCFHvTVQVRMokV5FV8xTkdPdtBKh9p2,1000,0.000001000,1,1730124291,1730124291,0.000000
3FpKPeWwDoXBuVRvZMwVPSmF2LogdMKF7acUSKrd8taa,1000,0.000001000,1,1730045504,1730045504,0.000000
3FrEWbT7uS6sjWpiDsMLxCUHfEsty9VPvTp9ttBNVyrb,1000,0.000001000,1,1730120195,1730120195,0.000000
3g8ztox4RQ5YGYdZeHCmFV6zraftdNJcsS8w8DiKcJn7,1000,0.000001000,1,1730120113,1730120113,0.000000
3gAJGmCXWpyVaG7dktPnybPC1wRKJPwZFpwxZbwonzzk,1000,0.000001000,1,1730122700,1730122700,0.000000
3gAJNgKs5oU8ttJoUNNvysF1D5USFcqv8KH4CJs9Wa9k,1000,0.000001000,1,1730122806,1730122806,0.000000
3gd9ysDiq8sqrTvg2zSs7aqD6PoSwtgLpP4L1TnGG44Y,1000,0.000001000,1,1730118505,1730118505,0.000000
3gzvTEois9DjidRJrJv7h9rHGkL4FfN4wYH39PsTiqp6,1000,0.000001000,1,1730106158,1730106158,0.000000
3h414Y2u3QnDCaCjEtk8QG981VDfddb5LuigLnaVQPDG,1000,0.000001000,1,1730120379,1730120379,0.000000
3hA37LKGVBCsCVLpN9ySXr4Gsj87NZSYTyJPbn9Vfngm,1000,0.000001000,1,1730109533,1730109533,0.000000
3hawtD7qfSDeSfxZrjzrs6XMfxGpiCs3FmnnTtNF8D5E,1000,0.000001000,1,1730117174,1730117174,0.000000
3hfBHiRhCYfvY2A6XqNRqzP6dBs5brSCaqdFpi99pTP9,1000,0.000001000,1,1730120537,1730120537,0.000000
3HnLiz71C8H3U4VA9v3mdJkBbvAkgK6S8iKVBVjfkTtX,1000,0.000001000,1,1730105600,1730105600,0.000000
3HRoJ9j1ikGavuFCp2JA9BPKQxbktTaiGnyVYxdxrZbT,1000,0.000001000,1,1729893161,1729893161,0.000000
3hs3eJZki8GmnLkXKdgKZYnUwjnGJRusds4KP5Ypz513,1000,0.000001000,1,1729991657,1729991657,0.000000
3iiGy3pEbJJzJhXJoPSLcRk6NEwjUQFxhs5eDrH92MwQ,1000,0.000001000,1,1729964164,1729964164,0.000000
3iJeQckQxuRVJkFrdVvewgzd5u214V8JSzZZJ4e9UwKt,1000,0.000001000,1,1729922132,1729922132,0.000000
3iJeQpJcMpgsUDn7vErQhdARVxirQykQL8y7SVbYf7Kt,1000,0.000001000,1,1729922267,1729922267,0.000000
3irWVzGKXiVq6xPXczR7cHTjLTu77FBuEsGYrkf87gtf,1000,0.000001000,1,1730136885,1730136885,0.000000
3j9XodpLHobCwHphNpgV2fisg82ghQBVSPTCMhg9Xa6D,1000,0.000001000,1,1730118529,1730118529,0.000000
3JhW3vae5VheFwseFH5moZzhgpNSDnzxvZX9ZFDwLy1w,1000,0.000001000,1,1729929181,1729929181,0.000000
3JRmmZmaSStDHGBqTeHqDpTKSXVVst1zKMNXk6jQ6rcY,1000,0.000001000,1,1730009386,1730009386,0.000000
3jTm8wm3we6psF8Z55mpGZ2e44QWdXCEhfFt8fZd7w71,1000,0.000001000,1,1730120576,1730120576,0.000000
3kEdNrpk9MJkn2Vqq72otZN1ahGBMCXJH1z1d9fXXk7t,1000,0.000001000,1,1730078439,1730078439,0.000000
3KMe7RgQ7B2besPcXbSSX1aEVU3qwjWFdGfY2ZqCRQAR,1000,0.000001000,1,1730115022,1730115022,0.000000
3KoBjXGLrBw3g4KLVrqizvGQgMZkwXT41s1mFYJ4BwEm,1000,0.000001000,1,1730120784,1730120784,0.000000
3Kq5ZanprxRJHaFDLscmmPB4d5X95RSQ2Jz1dWSzS46b,1000,0.000001000,1,1730073922,1730073922,0.000000
3kyfuqmCpPBBThBTDpJXDjEwqbXK4s9skf2ZfmTxR72W,1000,0.000001000,1,1730120291,1730120291,0.000000
3L2L433yyWo2uxj6E6fZQqXM9MEoCtuquSEKrXW7hMUj,1000,0.000001000,1,1730115451,1730115451,0.000000
3L2LzxLbFAFArPiydiFnpb8nFfU76DW9rN5XhDZVh86j,1000,0.000001000,1,1730115285,1730115285,0.000000
3Lfnv1koVqRsRfQQKEzAr1PM6vHUhjXf1wp8aq6i4x9v,1000,0.000001000,1,1730125191,1730125191,0.000000
3MBWncsy7g9WnxMp7mrVFrccwMDNeSNxeyezpJGWfqtA,1000,0.000001000,1,1730124763,1730124763,0.000000
3Me1Cnx391qyQ2GZA6QXKNZ17q5FQqtUsb8jAuZ3do5L,1000,0.000001000,1,1730124589,1730124589,0.000000
3MhjRLLstALUc9LA4NDNwhvatmFU5W7SzEYLJSJ56dUr,1000,0.000001000,1,1729924062,1729924062,0.000000
3Mm1oHu7hzqNymw5zpB3kmt3c2C73mz8yAgUqDdaJh9Z,1000,0.000001000,1,1730124999,1730124999,0.000000
3MtoS7WUgn45Cp48x3KkcwAWrAR3qDTkCAJ9UJsqApi1,1000,0.000001000,1,1729871583,1729871583,0.000000
3n1pBd4pGcjG92EBxWMyBcZe4wkVcwVMihdM34yeW4Hm,1000,0.000001000,1,1730122856,1730122856,0.000000
3n1pvR4fP3wWrSxf2tguPyUJuycShb2HmzULxASUkmbm,1000,0.000001000,1,1730122731,1730122731,0.000000
3NdetTjbnPBPNkWeTidtCXf23pdLES4LzdxK6xYaAgJc,1000,0.000001000,1,1730138132,1730138132,0.000000
3NdeUCh7gqiiCVe17wi1LQGW1XqMwtgq9XAGTpPjnc4c,1000,0.000001000,1,1730138252,1730138252,0.000000
3neifcUGDbPGveHaDw5Wowa8WBpydK3wKFYeYhGqApi1,1000,0.000001000,1,1729871583,1729871583,0.000000
3nfrGjT2PU3oDSsh9hjmnQuZ72poqPyijcRpc1fM7aAB,1000,0.000001000,1,1730129596,1730129596,0.000000
3NGtW54TnnMCnP7Fm4uebh3V2FGvRSfpqBWpH9jn3hQM,1000,0.000001000,1,1730119662,1730119662,0.000000
3nKaGif8AUmDxB9AqKEvdwuBuC4CVzA2mwdajquCUMfy,1000,0.000001000,1,1729956099,1729956099,0.000000
3NMTS3sysiSEWroSHoNdTcBvs9eZJQfEiHHiVcwF1qaE,1000,0.000001000,1,1729875920,1729875920,0.000000
3oD6UayBFv2bp6xZyd1v9EyDMYvFU7KQAUpr1CbjVSVJ,1000,0.000001000,1,1729958706,1729958706,0.000000
3oe4VuDgqBEqztPibomfuw67PQvVgadDaXnaX3SmQtBC,1000,0.000001000,1,1730125090,1730125090,0.000000
3opF6LGom6e58TZ5bFQ716F47P2xzdiVaVXuHt7k5R56,1000,0.000001000,1,1729884805,1729884805,0.000000
3oZMXwPVdbkc7ZXVWAQ3tX3nBc8MunzRBoAzz8F4ShAV,1000,0.000001000,1,1730119067,1730119067,0.000000
3P7dZpM3MSEE8eqsd54WGJxYv8CHHPGEjc1JSDuVXn2M,1000,0.000001000,1,1730117535,1730117535,0.000000
3pDu7MKq6DyShEcdGoyRsYoCTJcVfeodxEqfLEjDubdG,1000,0.000001000,1,1729948405,1729948405,0.000000
3pftAMsm44nyNtcwFkgyaTsqSZ34DGdfm6j9YTPiSXga,1000,0.000001000,1,1730120617,1730120617,0.000000
3PG1rYJV3thGjZYxVFy6uRdWfbx989xumHvc8t23QHUt,1000,0.000001000,1,1730047132,1730047132,0.000000
3pi2SL4XdwiLAu9dRuDoTaFsU7hQcPBUu41rTrVQ2sUJ,1000,0.000001000,1,1729879003,1729879003,0.000000
3pivFymqp8vqAVA69LNgZZ9cU3GqbUxTviHGtE2mu876,1000,0.000001000,1,1729887301,1729887301,0.000000
3potcoe7ZxSiz1HK2xMtqQimXjLAyXi7uYnmj1NYQooT,1000,0.000001000,1,1730124972,1730124972,0.000000
3PSdYp1DAzLh3CjNc4EAsYBYqjCeoPmkxKVfXMCnAkge,1000,0.000001000,1,1730129131,1730129131,0.000000
3PzipzLXVNsdN6aDBEaocT94iZTMsbmdjeGZcsP7tFad,1000,0.000001000,1,1730125058,1730125058,0.000000
3Q1btAj78aMaAPExKwUkKd9b9ZnsDhoUA78poJU3zBjH,1000,0.000001000,1,1729964888,1729964888,0.000000
3q2o3nLjoHe4Ak9pYhUqFuCxVsmK3eFgpTGFtBNiYZ3R,1000,0.000001000,1,1730071730,1730071730,0.000000
3qiADLD1YqiiwZzyFY9tjeGmZ3WyFWpGEMKkrMRwDPSg,1000,0.000001000,1,1730122774,1730122774,0.000000
3QkH5pQCV9sa5L1hQ37nFka98JxwwUmmzvNeRS37AAdQ,1000,0.000001000,1,1730124863,1730124863,0.000000
3qmGAYGRPpq6sB4nespVPTV6P8vMi3Szq7yST8TBGH3y,1000,0.000001000,1,1730037980,1730037980,0.000000
3QnPpMBW5V5ndDmSdn7h6s8VMWMsLFX5UE9Y7UUTr4Rp,1000,0.000001000,1,1730119698,1730119698,0.000000
3qTPcdPCaCJrrnrTfsmqG4ueHn8z2WsrPNUSEssEy1C3,1000,0.000001000,1,1730127017,1730127017,0.000000
3qTPrf5wmytEFWQuWEeeTg7y2JgZo9qeGoeqxYd6Dkk3,1000,0.000001000,1,1730126818,1730126818,0.000000
3Qx5SvBUyL7oGii4EmKGhZ5PTQsakezzmr8AukWAZeYv,1000,0.000001000,1,1730045570,1730045570,0.000000
3qXw1sYKRiwgivT937zwJzdKWeV9c9YY67xTAm53SjQU,1000,0.000001000,1,1730118379,1730118379,0.000000
3rbt9BPUu4kR7VxKcrwyMwW1ffTd4Xn5HqMVrELAUVdF,1000,0.000001000,1,1730118804,1730118804,0.000000
3RcXrL67d6ypFMv94kYpfQ1g5NzySHJW1bRC6T6Lpn1m,1000,0.000001000,1,1730072718,1730072718,0.000000
3REfd4FBzBHyB7RA83Nkh8AESBmkcjiJkDXruf6Bak2K,1000,0.000001000,1,1730122413,1730122413,0.000000
3REfRzAVuUQKwYqSUpRpnM6dBjqkQzeXNqk3j2vDS29K,1000,0.000001000,1,1730122316,1730122316,0.000000
3rHMU3pdg3cSmQaxBARFSQD24uZqdodaQTSMGnU3HjYC,1000,0.000001000,1,1730124840,1730124840,0.000000
3Rj68cBNSpxnZ1hdPvTyhmvUbcMEqJYuzsDCtkWMMiRf,1000,0.000001000,1,1730124781,1730124781,0.000000
3rK4wUxnJAE8YE9QFg9aAB6G7eWgipesmQUjjPA539HZ,1000,0.000001000,1,1730119697,1730119697,0.000000
3Rpp6drPhMQHqXd4sZ5XnVG35oxuxypNvEHRdKycwsAJ,1000,0.000001000,1,1730120454,1730120454,0.000000
3RqK3NG9TjGmaktkArVhGXoGtFxaRjRnG8eLjjx2JMwT,1000,0.000001000,1,1730106756,1730106756,0.000000
3s57arGDYBYQoZeNabfmbZXWzcWGtFCYYY4enpHpeHzK,1000,0.000001000,1,1730110651,1730110651,0.000000
3SB3r8HfPGNteQRytCtR7gf4G8uLMxm84DDeec6vd6yx,1000,0.000001000,1,1729937236,1729937236,0.000000
3SbyLBmAzD8M18dwm4WjHYbQLRQY3W3RuHzAbrnZ8bTB,1000,0.000001000,1,1730100766,1730100766,0.000000
3Se5RY2jpaGR4StzzjrjtNshvX7QC6NhecVzQJCYg9gE,1000,0.000001000,1,1729948910,1729948910,0.000000
3seq6BkkZjtA7KDtWJwnKRcqtsm7kJpvtMCibQbRGXMH,1000,0.000001000,1,1730004364,1730004364,0.000000
3seqwvQmYijpGjrV5iBemQwajvze6h63fruQjfP5U1YH,1000,0.000001000,1,1730004414,1730004414,0.000000
3sM1DcSe7xNKppRi2ZaL59V9UjUUNdLkDGpX8edSZ5GD,1000,0.000001000,1,1729933794,1729933794,0.000000
3SMHsbsPpbdXd3eb7RwS82pDVXNKUziXuhdDjaccKX36,1000,0.000001000,1,1729894374,1729894374,0.000000
3SoiC1rMcugAhJk5fkdDkYhC2xMN3a6rS6dPr3B92xzz,1000,0.000001000,1,1730120768,1730120768,0.000000
3SvJHLeJYF4HBmBkkpLp2pjRsDL81d9id1H8dMyGKkNK,1000,0.000001000,1,1730124744,1730124744,0.000000
3t2tchEpuiKXb9GEpZ1nn7qReXHus4vNEWFKc6PoNJXx,1000,0.000001000,1,1730126497,1730126497,0.000000
3T48jGdkh2dPB1PGs7bgNi518M19CDmTp9eBN3nwLYBy,1000,0.000001000,1,1730117569,1730117569,0.000000
3T7Ls4ioLvfetps26fxdBjnyDpv7i6XTdAumeYaqw55J,1000,0.000001000,1,1730115269,1730115269,0.000000
3TCNGGH1mnNZBYKf42geJvUQhxLd7pevSySthi7z9NDK,1000,0.000001000,1,1730117298,1730117298,0.000000
3tJvJnEzA5jjsnHJRD28ntzbuoa7YeoPMD6DGGGpDdXn,1000,0.000001000,1,1729907742,1729907742,0.000000
3tnJdJL8CjbqwvggyyS8V64yRJA4UBKsU6hLx7qWFDUv,1000,0.000001000,1,1729892042,1729892042,0.000000
3TsxT1Pe9apMpYbC9KDjFSbQZpLUssV26uSk12bkdu12,1000,0.000001000,1,1729924678,1729924678,0.000000
3tWYDwgE65Dxdi6psuMxkMkZ6NViFtAb668zEMcEVWgT,1000,0.000001000,1,1730124317,1730124317,0.000000
3TykC8ztC3BAax72LheXyEsTRxd8egYxdULr7Cq2E94L,1000,0.000001000,1,1730118470,1730118470,0.000000
3ubMjyqvyN96jibtD81UrjHunmwropySaTUj568fL71c,1000,0.000001000,1,1730051456,1730051456,0.000000
3uhaqM6yJPwST9Moz9xdEnJvQZvp5SSmkKF8iuZnVjJJ,1000,0.000001000,1,1729874501,1729874501,0.000000
3UHswksSkeb1kuiZ8CLsJSK8oeQuGaFyFkEbHZ51AyVB,1000,0.000001000,1,1730081236,1730081236,0.000000
3uU59gvNspaVfgcPNqQqqFcZev8pKKS9X71U7jgKK52j,1000,0.000001000,1,1729935391,1729935391,0.000000
3uU5EMx8nrRbXqFvhNbdPD64EhFiyv8pQHyfNj99sAcj,1000,0.000001000,1,1729935375,1729935375,0.000000
3UuUUd2BPJRyQiAMZBfNhb5DhgE1fxzPysxFKo3ob35k,1000,0.000001000,1,1729922926,1729922926,0.000000
3UwSVCcka4G3Fy6Z6GhBeeyXUAgCAQQzduikq8zTEX1W,1000,0.000001000,1,1730119953,1730119953,0.000000
3V1RX53JeWvGk5NuD1mWDCfDy7iyvVwKbWmeS3Ktm2k3,1000,0.000001000,1,1730125106,1730125106,0.000000
3v4p1pDeyHTekWpU3JiSN1nT8ckCtQwBm5m5YfjzRvXf,1000,0.000001000,1,1729894382,1729894382,0.000000
3v78GV9dEnuSG9hpZ8nUTrrhh2dLH9LcSJGCuHfwonPN,1000,0.000001000,1,1730117925,1730117925,0.000000
3vaY3zZm9ao4KiqdPxD6dESNBai5WAHoD6t3FdFV6Z7o,1000,0.000001000,1,1730104656,1730104656,0.000000
3vaYhKZL1KJsgR1egiyreGEaQ8REm2pDEfUuLKxnTq2o,1000,0.000001000,1,1730104768,1730104768,0.000000
3VeP4LaD876UGZ65nEnW18CU4vHeeT6Y2P2ZK7CRy9dm,1000,0.000001000,1,1729874927,1729874927,0.000000
3ViUPpbL9wYGAjUfd4oxcqPRvzyz4gHNmhsXvddsq6i5,1000,0.000001000,1,1730044250,1730044250,0.000000
3VL3AsNFeekw4LHdrmQfgXzce6uFjJN7ie5UHSFqxn1C,1000,0.000001000,1,1730127335,1730127335,0.000000
3VL3kzw6jW6Spe3mXD7sWnNE8HLAu3vWETdA2AvoPYdC,1000,0.000001000,1,1730127157,1730127157,0.000000
3vsZnZYDvU6SogWnuRb7z6ZbioV4ZgDS2gRQkG8PyixH,1000,0.000001000,1,1730117590,1730117590,0.000000
3vXKUr6RTyob1C2DAjqL58jSxRLp4sqKvRbfhdrLatoi,1000,0.000001000,1,1729894660,1729894660,0.000000
3W1CUQB8ietfJC3FzFWY1oYJ6kjsfVgfCykeC2eeFgv7,1000,0.000001000,1,1730120537,1730120537,0.000000
3w2BUQk7PyM54WHVpqVfPx7KXKTSj6kfa94WyptZXFMF,1000,0.000001000,1,1730120026,1730120026,0.000000
3waRnAbWJQncWfb4gKMR2g4dadbBTa9DF7MZK6Yr6W2R,1000,0.000001000,1,1730051544,1730051544,0.000000
3WDL8s35eNYgs1AqzjdMcxjRYy2go5EaWkR6Y2tKFDwj,1000,0.000001000,1,1729873905,1729873905,0.000000
3WF3yc69TdARtd9DTzZgfPTnTZR4qm2b5HyZos1U3j6i,1000,0.000001000,1,1730124465,1730124465,0.000000
3WKKKiHgNdrkgdNJDnA6icmNFazGucKJYjA36Z7T2CKS,1000,0.000001000,1,1730119185,1730119185,0.000000
3wuUoKKjn44NUWJviet3Cr7ACRN2XPr4YzNzZydGWYb6,1000,0.000001000,1,1730128406,1730128406,0.000000
3X3U3STNTe9Hn1rMinRHngsH1hX1F4EVpo4oGFtGudNm,1000,0.000001000,1,1730124716,1730124716,0.000000
3xCVeQArd7EUz7hJ9eeqiGBc9mAUntsD8HtsndkjBsyD,1000,0.000001000,1,1730129885,1730129885,0.000000
3XdkJVFpyoZXVP9KwDdm7fHHyPWNSziozkjohqdeFfiH,1000,0.000001000,1,1729967494,1729967494,0.000000
3xDP5zb5hwrXccxrqJSyNzRoMpLgJwfrvd1t9UAVAg7H,1000,0.000001000,1,1730071410,1730071410,0.000000
3xfhuz9ci9ziNYdZfwY7tBxRJTmgbHbotc1mn2KkwTCQ,1000,0.000001000,1,1730119591,1730119591,0.000000
3xZPtSAJENMcvLn3Um24X1CKyBues8nmjYDqRpS7f8mz,1000,0.000001000,1,1729945460,1729945460,0.000000
3yd9BcgsK2Seg71KBv1mTEqz3nd8MTfzXsHFa3ytHV3s,1000,0.000001000,1,1730124683,1730124683,0.000000
3YDk2BLr6Ecd9bNohH3HGAdWkpNGjgvRdbeYvHgaki1K,1000,0.000001000,1,1729984152,1729984152,0.000000
3YJUibSEfRDYrnn7K3sF6WdySVMRyQorBZwGqxP1L97u,1000,0.000001000,1,1730036851,1730036851,0.000000
3Ymuxbsit9Bev3s2oVkiQXXww6j4aL4VewFpUcYgyCWY,1000,0.000001000,1,1729958630,1729958630,0.000000
3YPGL6Q52NTWTWN7s3mch8oVQpJUkYX74wuSWNSAjVEF,1000,0.000001000,1,1730124248,1730124248,0.000000
3yT7N4BH1Sw7JeEbqsiCWmTp59wzCpQqExkC6UrHUTqD,1000,0.000001000,1,1730120090,1730120090,0.000000
3YTbXfHXELenudET7CDxaqUz1mYy6S2CirtQjYBsRRPB,1000,0.000001000,1,1729891625,1729891625,0.000000
3Yvvdqdf9wSWH4AoCmbgxVMv6V4VwqRtUaxf6HHBSvb1,1000,0.000001000,1,1729871599,1729871599,0.000000
3YXDro1bJMAfeqfJCzM6CiGz9aMdxsEanuTj1UBDXck7,1000,0.000001000,1,1729939084,1729939084,0.000000
3YyqAZwD2rcnHBmGmxWXptBSVwefnSGoyRBFavLwi29u,1000,0.000001000,1,1730120521,1730120521,0.000000
3ZAs2hM1jzXbhn5aDGy2Vkw798qEb8oGsz3u7nwLKKf8,1000,0.000001000,1,1730117743,1730117743,0.000000
3zf1LrzgimxDD3fwT9VTxPFdDbiSRHkqNjjn4mfoPZ21,1000,0.000001000,1,1730117437,1730117437,0.000000
3ZrrninvKc68B8m17FzbzyZP9vPGHYNiXiZZ555uWxND,1000,0.000001000,1,1729896668,1729896668,0.000000
3zRxcMWmRRVJtqxJhHXU6SFGazvvzFL9FH6T9YyuDxm4,1000,0.000001000,1,1729956688,1729956688,0.000000
3zRxWLgtsSpfTTYQ5BPQkXnTBxHJPa5YPvqrhoD8mrm4,1000,0.000001000,1,1729956708,1729956708,0.000000
3ZT2Jji31VGRbvfQCU6EZnkAEETsFhc536PtXXwSVrHx,1000,0.000001000,1,1730120470,1730120470,0.000000
3zxs2Wd8H3JY1JSApKj8bRntbYdaMWnrxuNsNiA9JM9o,1000,0.000001000,1,1730112857,1730112857,0.000000
41KqQo6y1rPZtRfNnxxA31WBjDEvgX3itPGWFucpqLK9,1000,0.000001000,1,1730109709,1730109709,0.000000
41XqAptvPSX2ftQQQYBdmUrUEVcDtdZsJizpz7HmDW1R,1000,0.000001000,1,1730119810,1730119810,0.000000
4285BGRWr8zYrnEmhEJHDAvhStPSqpy6QK29qZgZwgjf,1000,0.000001000,1,1730127536,1730127536,0.000000
4285HBU9nuvE96648ceERrqudTDcAEmLVKTYLCJ6M41f,1000,0.000001000,1,1730127723,1730127723,0.000000
43Gtfw6nR1tvuNeG8fQy7JawSpRaNGd4LXSEeRodKy9W,1000,0.000001000,1,1730121646,1730121646,0.000000
44173rR4rRmJ12UYuXKUZwMEsYR7pvLqYvUjyTwcvaFz,1000,0.000001000,1,1729895754,1729895754,0.000000
445HkKb2ArzNVpggeuepW1VjptqZwmf2UANkcqGXf9R7,1000,0.000001000,1,1730120757,1730120757,0.000000
44brKVmKmdLYrtKaZttGaXBND7iShzABxkuygoPxXRUX,1000,0.000001000,1,1730048762,1730048762,0.000000
45Fu5xWtqR1c9Ho7ps9FLGahyXUwscjbLZXzMCYB1b4B,1000,0.000001000,1,1730120627,1730120627,0.000000
45Q9vGNyxWAqiYTXTxeDNeUaKfJwkGpWj3GNPU2VHbdW,1000,0.000001000,1,1729971612,1729971612,0.000000
45u27zod8KFP22f1vopQKrrEVqWhvtkT4x15LFNEZZEb,1000,0.000001000,1,1730124553,1730124553,0.000000
46E1iDZoT9nmdepeM94nF7QZY6fws2MpsnhnyjgoTX2t,1000,0.000001000,1,1730124569,1730124569,0.000000
46Gxyei3oesrXnx7KHp4KjpW9BXNAhXBLh8HXAKrG9Nh,1000,0.000001000,1,1730126158,1730126158,0.000000
46vemahejjdzaZEwqPiVmEWzQV6WZHGQ7Kq77En7TgWf,1000,0.000001000,1,1730119847,1730119847,0.000000
46wN8g3DbqibZSH5XwYQVWCpvbjpGqfvUC3LfqR1fxqB,1000,0.000001000,1,1730120328,1730120328,0.000000
47M15fvEzW2AHT9j8QrDBqNm9vCdK9fkZ7guyfYcCd98,1000,0.000001000,1,1730108558,1730108558,0.000000
47m9DX9UWaSqLajSefiyapmTM3JnAQZEQLy69muHrgSM,1000,0.000001000,1,1730124496,1730124496,0.000000
483GswnijgfackS4h1YakibGV5VYpPFXTyReybdn5fw9,1000,0.000001000,1,1730118594,1730118594,0.000000
48EZaDKfG5q5aFaRSfLfqh6a2NbwqsajycY7B5CQWj2w,1000,0.000001000,1,1730131366,1730131366,0.000000
48GTuYK6ug7PMJemEZpRqxDULPNbp6jCw5Uknc8iMKNL,1000,0.000001000,1,1730120329,1730120329,0.000000
48hryfM9sQjQcct91qw94d732dX82jVGKoiT1d3gvqJn,1000,0.000001000,1,1730119250,1730119250,0.000000
494EXQDMnk1SV4zWr9qq1cz3ovAD8dtew8rRhNNiHcRa,1000,0.000001000,1,1730120275,1730120275,0.000000
495iw6jk5U3Bwzk2ZUCXwV6sCgDd8PH2RBgBjxffDyTn,1000,0.000001000,1,1730096355,1730096355,0.000000
49Af7m11TePfctimoCMj1yEGyS97n3uxxEDUDs2dvu2Y,1000,0.000001000,1,1729928052,1729928052,0.000000
49Af8ev7bkb86g25VgmN99nPzTzcsuPsCHFdZBXsNwyY,1000,0.000001000,1,1729876121,1729876121,0.000000
49ck8Xg2iBN5SiD1Zbdx5cTYtV2heLUxX5EUCmsFk98H,1000,0.000001000,1,1730120244,1730120244,0.000000
49gBEGy6GwAZEUQ1VRK5c1QCCA8Lj5gn326iDZ5kNi1b,1000,0.000001000,1,1730129339,1730129339,0.000000
49KR9wHNYKyTjtBaDJGQchpbGdtFtgejQQyqihgNqboc,1000,0.000001000,1,1730118441,1730118441,0.000000
49mDPhQ5CUHvKxc6XcpzanHW1mS8oovBXzHRTTf89etW,1000,0.000001000,1,1730120704,1730120704,0.000000
4Aa5gQ7G83AfbK3chVow4jTkkCSPdsZZuCg12j46Aqf7,1000,0.000001000,1,1730127059,1730127059,0.000000
4Acc4b6exz7DtJoT8yCSNBUDnrKT1VqoNcCZTqXZ6H6E,1000,0.000001000,1,1730121197,1730121197,0.000000
4AccxcmPtsWjywRVHVuJdqC9ZPFokrUKbEKqCQqrNDmE,1000,0.000001000,1,1730121308,1730121308,0.000000
4aE1kk5rh5NX7shUHUKJ4bn7wTV7XgDjMEfP2xRejwoa,1000,0.000001000,1,1730117747,1730117747,0.000000
4ag2ZwBKvWWE8Vdn1Kju1DXHZRjkeZMCC8ZnV5BDpc4i,1000,0.000001000,1,1729998390,1729998390,0.000000
4ahsd9pLefpoaE87czu2L7NRWF3tkSzi4j7hcspgXdXH,1000,0.000001000,1,1730124553,1730124553,0.000000
4aU1CmQKxYcZXUJwyA1SK8i97FFFiAGEXf7XXbApctq3,1000,0.000001000,1,1729884808,1729884808,0.000000
4aU1d8tNKSNdBVAva6sNz1VBVzXYz5J4Vqo2c9i8H353,1000,0.000001000,1,1730073525,1730073525,0.000000
4aYq75ybC7ZSaADQeN9dkJthmB7XYHUE8L5gpsbZuq4G,1000,0.000001000,1,1729950850,1729950850,0.000000
4BeTavz9Mfr75SQnuteG5QdyguigG3t87qNtHwusUEGD,1000,0.000001000,1,1729893852,1729893852,0.000000
4BmRmQtgmRecQtjAXJkPTZbjoqS2RJRZVke274QeFsPB,1000,0.000001000,1,1730119593,1730119593,0.000000
4bv4brzusLfC5MJYWCk2Q3GMCWvTpaFSDn9H2w7diE1x,1000,0.000001000,1,1730009533,1730009533,0.000000
4bv4MLFGCZpmM7SRpEHUCzHmdfByEjm7Qde4fMJgkdNx,1000,0.000001000,1,1729885795,1729885795,0.000000
4c7j4St2zH93nCgUZw86tuwt9DjNgEP5biBhKgbXRvto,1000,0.000001000,1,1730117624,1730117624,0.000000
4cdhTvB4uRndb92CUxbbtD1eunvdFvDDqzpzKSo1dGyN,1000,0.000001000,1,1729885840,1729885840,0.000000
4CpQWGhPHBVgFvbrd2zc9swJZwdQZCuDY4c8UDSqxbzm,1000,0.000001000,1,1730125194,1730125194,0.000000
4CuDLHTKtXK6UyjbJiTF47jQhL8KDXXzDXFGPULRVuaB,1000,0.000001000,1,1730122538,1730122538,0.000000
4D5oR6nZywpB7CP5ZHwxWBgzQ4hNdvYvHjarbCHKLr5u,1000,0.000001000,1,1729986371,1729986371,0.000000
4d9KT4JpacTgw7eGNtmS1Pq3krw6MqkVk39GZosx57U7,1000,0.000001000,1,1730130043,1730130043,0.000000
4Dbnk5qdYrjkzwKe4Ca449wCrSS9iJbTKacGJJFabPvX,1000,0.000001000,1,1730092557,1730092557,0.000000
4DefC1cj2ma6wLTYM4eXCs7AJiyw5m9U9W2Y39eLNGaH,1000,0.000001000,1,1729957208,1729957208,0.000000
4dGJKBhQkSQBjXaDHxAH1Fn6Ey5MCCbiFeayUQ6dMwiD,1000,0.000001000,1,1730120521,1730120521,0.000000
4DrXWJVJAiCdPLjebHdrvmLGL2dnF86JuisyuXccsTsR,1000,0.000001000,1,1730119460,1730119460,0.000000
4dtcxgkRkosJ7wE5RgYPHbuJMyxS5rJDt4reCuqzz676,1000,0.000001000,1,1729960274,1729960274,0.000000
4dZSoKYrVZ7XwVsbS6ZdybuP75R7FYMZPaMC1YzMdp1B,1000,0.000001000,1,1730046097,1730046097,0.000000
4e8Y33DcWzhEGeP8eZ1WgtQcXYMx8a2B68haKUnif82D,1000,0.000001000,1,1729892266,1729892266,0.000000
4eic4k9j4sxvgz9LjFYwBpSjvm6QgtnAbFmvetE1nDmH,1000,0.000001000,1,1729899446,1729899446,0.000000
4ENNR3PGoZUMLDcFdWTcqDiRV8F1raSffFhiUJprvmsw,1000,0.000001000,1,1729952749,1729952749,0.000000
4euysHXnXpoqTKwfHDXJyJua1enRdTNcYvgo3tfJcr2a,1000,0.000001000,1,1730047820,1730047820,0.000000
4EV6nggxqvLwhQrqDinnbyr2wJb1uUZ1kyUtPxk8w5D5,1000,0.000001000,1,1730124304,1730124304,0.000000
4F1AGqCgQDrrg5vWx57KA54fqc2LDQobFCzNVQyEQ85G,1000,0.000001000,1,1730054453,1730054453,0.000000
4f22j35s1Vh391Yk5icMgKwUBgTMepcLZ7qswL2Cgwx4,1000,0.000001000,1,1730082040,1730082040,0.000000
4FFkoYhzqivn1kPGLHJPzD4A7F7F2GAYrjF7V6yPY3DN,1000,0.000001000,1,1730080646,1730080646,0.000000
4FkTSv2gVZkgySm7D4TvFuucWNumP8u7GnyRYRv9E3Ya,1000,0.000001000,1,1730120120,1730120120,0.000000
4fp9Sz6UV9EScarzCTkyTxKxBsVA4odbMv81DVT4ANb5,1000,0.000001000,1,1730124248,1730124248,0.000000
4FpafK1x3Wh2AJSCkScZcm64Pv32NAiEzG23hUfTuaKp,1000,0.000001000,1,1730124795,1730124795,0.000000
4FtBbEYd71yEeoqkTU5PnuH1BiLhvY4YmY2FrbxfGix6,1000,0.000001000,1,1730124639,1730124639,0.000000
4FToQuVMkcqujJxTeC58cyUh6ew8awVLUaGNSqTDuPCg,1000,0.000001000,1,1730124317,1730124317,0.000000
4FWVTQFJ44A6nmEsG2bHHusHxcjC5wLSTdxqzpmAcE5L,1000,0.000001000,1,1730125043,1730125043,0.000000
4g7pnirwcfRJkVW8hdR83seQvKrbe2eVQRwNEWrajoov,1000,0.000001000,1,1729886161,1729886161,0.000000
4g8RYn7FAykNJrzKXSQqRMcdGAuxHEUfpqFSEPwzrhvw,1000,0.000001000,1,1729972458,1729972458,0.000000
4G9LgSUt3vjtB7iLYxaWYe7t9G5jQCzsMDE3XRL34RNK,1000,0.000001000,1,1729874242,1729874242,0.000000
4GB2V2ioR2v2oobg2rTp7KTBzivaLKHarjBWSajyGgTS,1000,0.000001000,1,1730125093,1730125093,0.000000
4gJAS6yaeuo6h8qtQCDMAojdWtVmUD2XojSFTTZDXE8n,1000,0.000001000,1,1730117047,1730117047,0.000000
4gJxQ9X2otB2EmyCS98nzDHwMdMnNbE9KyQowGcHbU2f,1000,0.000001000,1,1730127470,1730127470,0.000000
4Grd2AN5n4d22tmSKtHe2SV1cuLrnLMLQ1G1TvF5XwwU,1000,0.000001000,1,1729966511,1729966511,0.000000
4HfwemEgxcDZG4b4qfxpixVErHhhNmuZcuPSvSbNf8Ra,1000,0.000001000,1,1729954011,1729954011,0.000000
4HrefwrjG8wHmW7777qTx31hxCZQsD99yrMHVYrUUTUN,1000,0.000001000,1,1730118358,1730118358,0.000000
4hveWmiGt44yjoPbvjg5VzVcKgbWT8m7bJ7z2ArXVH13,1000,0.000001000,1,1730124466,1730124466,0.000000
4iFXWJLjA2ERrWkSgP1bPdxfmjwJkyArVDBpk8bbrQbW,1000,0.000001000,1,1730129936,1730129936,0.000000
4ijUVrNLCz5SgpGLVRXS2hY6fqKMspsqRboP7vE8mphY,1000,0.000001000,1,1730116726,1730116726,0.000000
4iS6CWFs6nBVRZBesCE7nrNHrTWjGVfFbDURX7F18JxX,1000,0.000001000,1,1729959154,1729959154,0.000000
4J48qp1UwSE2fQMAsPjohk9HSrkDSPb34n8gm4i3sXCe,1000,0.000001000,1,1730109824,1730109824,0.000000
4jBrKbS2v2tDTve5S89JcdRMigArTB6skPKW3ixTHR3P,1000,0.000001000,1,1730120863,1730120863,0.000000
4jd5N2WV8AraJG2eNRfRmqHKhsmK6REwnVZrnXAm3Eyb,1000,0.000001000,1,1730118523,1730118523,0.000000
4jHg3VJNjHasyzeMgnHAQXVhqBoD2EfjXPdSRjGgjXeY,1000,0.000001000,1,1730117573,1730117573,0.000000
4jMdxWry7whQoTNqvc9jXTxyz1fxGCVCLrSYxFsf8CDQ,1000,0.000001000,1,1729963638,1729963638,0.000000
4JPS8WjQCfuYFxGWa1XSciRroriA7wTG3oU63Y7cMFSX,1000,0.000001000,1,1730116424,1730116424,0.000000
4Jx84fVS66A86wMNHRxL3nZd71J9AwmVPpk4dpjTrX3h,1000,0.000001000,1,1730101286,1730101286,0.000000
4k16skQVvbeXdckWWpLZ8DFS1YSy94Ewo5MtadKYVY7E,1000,0.000001000,1,1730124255,1730124255,0.000000
4KHWaQM1NeaghHRsdA7pthPnFRyvrJi4D85nw4CHB7KU,1000,0.000001000,1,1730057397,1730057397,0.000000
4KiSbPrBGHvdiYBJihTe14djsx6oBXr7E7DLWGy7r9uF,1000,0.000001000,1,1730050502,1730050502,0.000000
4KiSqYiBAoToGJ2eNRArWsaRjGBDnD8opyBDYFxeDM1F,1000,0.000001000,1,1730050529,1730050529,0.000000
4kNxF88m8o59ey66KSSp9pG7QVLoh3kfAiEMJk4QDceP,1000,0.000001000,1,1730079489,1730079489,0.000000
4KqzFj9oznhcMwRPcpVoiQVk78gqG64Q1REbPSAyoDht,1000,0.000001000,1,1730124683,1730124683,0.000000
4kRfQNUK1pY3yKKbYJWp9wbJTdHB4k84riTUD3UfYBEv,1000,0.000001000,1,1730119187,1730119187,0.000000
4kRX9nhPc62GLsQvi7XGnKLMfKk3vvKVxks7DMZgtYRw,1000,0.000001000,1,1730119889,1730119889,0.000000
4kSHMJ7FCpkGC1ALSWSmg67zbW4e2RqF3R1Bkej1xEYu,1000,0.000001000,1,1730124633,1730124633,0.000000
4L9HM63NrrRJWsnPDp18JwbgeE2nhwaBWKkMjhdq868B,1000,0.000001000,1,1730042141,1730042141,0.000000
4LfDPmgHYiGTNj4ZrFwAvTZ4y3txeKsUqW6xuL8keo5n,1000,0.000001000,1,1730120757,1730120757,0.000000
4Lj5xGwLycz1weNV3iDEyxBfM3QL7TTA7yZeM34dSNnS,1000,0.000001000,1,1730120528,1730120528,0.000000
4LniULFcRVXVLtBK6YwZSsU2w8jiuTjhYmEoMSmsM8WZ,1000,0.000001000,1,1730121716,1730121716,0.000000
4LPGjvcKYaRTR5EZjSdHkWyb1WA8D67cPj3naHsd1t82,1000,0.000001000,1,1729872363,1729872363,0.000000
4LQfMG8p5gH8KJUcL4Pmh8PE4o3suwryELdmWxsp81Yg,1000,0.000001000,1,1729898874,1729898874,0.000000
4m368gut6nShkBeKiaELdo4M8sFyPeRBaiPqXRUTqwyj,1000,0.000001000,1,1730058359,1730058359,0.000000
4m36kLrv82itsbxGbLWA2bo8iSJYWGpXbzNEoEKVtm2j,1000,0.000001000,1,1730058041,1730058041,0.000000
4m68WhAKpSiHhwLHMkUrdFtbDPwSYbsPAG7y5CRmVHHf,1000,0.000001000,1,1730129897,1730129897,0.000000
4MAcc2yKqw2ySqxByyG6b9nrektFH7x4jJVUp9ZCt9jU,1000,0.000001000,1,1730111918,1730111918,0.000000
4MAcwrg6ieGQSEn64QouR3TetSpvk1TSMCTe9V7gjinU,1000,0.000001000,1,1730111803,1730111803,0.000000
4MjdS3XekLoKeZ1XeYey9tNzfAXhjfPA51TXXgGjVoWG,1000,0.000001000,1,1730092104,1730092104,0.000000
4MM4ixCt5Rn858vbXU9cggnryLWtaum2nJjWckQW11h3,1000,0.000001000,1,1729942605,1729942605,0.000000
4mUBw5ninR7zBMs6tbkEZT9gczVxZMyWBrAqPEvwunHP,1000,0.000001000,1,1729928568,1729928568,0.000000
4n2fM21rFXaUQKz627USucbqef1npTbx2S6Rq2cjsvnb,1000,0.000001000,1,1729914966,1729914966,0.000000
4natzn4qpAgCxZygn1uqpYtoMbUpgbbD8wD4iRpVmZZL,1000,0.000001000,1,1730119796,1730119796,0.000000
4NdbppTcTzxyPgVRzviZgzUXAjM9VcqvxLXV1MjSDLj9,1000,0.000001000,1,1730117410,1730117410,0.000000
4ne71hG5bYEhqK4mY8kWGmTj2diJn3wqQk6B92QcyXi8,1000,0.000001000,1,1730063408,1730063408,0.000000
4nGGgdPS54wEgzPx6pBfiezFxBZPCNG7L1wnAJZo9x2x,1000,0.000001000,1,1730115358,1730115358,0.000000
4nM3aqeF2dCiBaFGbWfhT4eaePD77gGoqEZLefqGXq2L,1000,0.000001000,1,1730083277,1730083277,0.000000
4nRFXiCmzJtJKw1RovTDWMvR2BLjwphpS9QA7AqiLiin,1000,0.000001000,1,1729964290,1729964290,0.000000
4nU257U9xGjuMvamZuJpkFXXRqXageYD77qouD4oDR4c,1000,0.000001000,1,1729892380,1729892380,0.000000
4oArBXsNPP75gMW36uJsg3BPHosFpw1oHJP97aq4sFnK,1000,0.000001000,1,1730117578,1730117578,0.000000
4objDN7mrFveqxCJruis6tf62xgN8R8nGJgjXWMKVXra,1000,0.000001000,1,1729967554,1729967554,0.000000
4oK7gLw1Zk1To4nnsr7F7tVexPWBefZ2Knco4BJ4ZkQm,1000,0.000001000,1,1729877683,1729877683,0.000000
4out6NYH1Dj3Pb5uRGdn2PEvFbRVoK4ioz5TqFafyxuS,1000,0.000001000,1,1730124227,1730124227,0.000000
4oVnwhdGFPzNpWix9k3Maje57aVeJ4fmzsib94Yazirp,1000,0.000001000,1,1730112863,1730112863,0.000000
4p1NYayYkkXs73arFB6UKgVNz7c4ynMxkSCPip95jDkn,1000,0.000001000,1,1729940249,1729940249,0.000000
4P2j1q7nuR7AmSvhNUgBn2ZVkd9MpPJJW1A25dadpQUS,1000,0.000001000,1,1730122958,1730122958,0.000000
4p2TXo4c1b1fWBrdrLZVThGDCTVLtwRQqAXf28wRC4kb,1000,0.000001000,1,1729966106,1729966106,0.000000
4p9TK89Vp219JZq3HqwmuhaAb2fexHQX5ejXH52W5cp2,1000,0.000001000,1,1730117822,1730117822,0.000000
4pePt8EMMLki3CnUTR2KHhM9atZMBWUdnCHSdLUU6Aw4,1000,0.000001000,1,1730120837,1730120837,0.000000
4PeWKN9SxTkytueRqBsxBRsDkJXHnNqf4yDSgH2xpsMp,1000,0.000001000,1,1730126752,1730126752,0.000000
4peZYbGKPhmGk8aRwtd9MSqZ41jtgKtYwDpX3UBRv54J,1000,0.000001000,1,1730120037,1730120037,0.000000
4pJifEeLAXW9oSpsP2E9QRV2DZrQbuGimx1wpAf2sh82,1000,0.000001000,1,1730116660,1730116660,0.000000
4pJimRdhEihvMoNKPSJabhteuft5MQtEF15ibr3pUXU2,1000,0.000001000,1,1730116549,1730116549,0.000000
4PpPS1YMHowK7sJ1nBB7NgCrU7HQQgc4Yu93GbnNqG66,1000,0.000001000,1,1729893952,1729893952,0.000000
4psiJdVCEbsZeAXVs5AAY8Uabsa9wqhmM14f5aggcir3,1000,0.000001000,1,1730124345,1730124345,0.000000
4PSLmRGo8Rxo4HLm54NXimumaZB1rohdqWATN1VPpczQ,1000,0.000001000,1,1730117627,1730117627,0.000000
4Q2QpcDAs1nUX9SbuFaQ4Sh77777CduW1DHiBBCsGTw2,1000,0.000001000,1,1730120812,1730120812,0.000000
4qiaozTQZ74zoABa6k4VoxtXUxZHM57vkh2N796dXQaz,1000,0.000001000,1,1730120704,1730120704,0.000000
4qvEkj3EGrcJDwPHqWCEXFx7W7zmfCo3LDisTtVYvr3h,1000,0.000001000,1,1730107711,1730107711,0.000000
4rAuCgZ16z93rxpmw6Mto9S1wEep61nxXsoWwDa3SaN5,1000,0.000001000,1,1730125158,1730125158,0.000000
4Rr7Ho9n5e4aMAQrfbAVpn9ixihrYuZ46rbLtddmZeDm,1000,0.000001000,1,1730120616,1730120616,0.000000
4rsue2y9GntaNvXEqZLmKS3kZBKtxAa2WDtLwQHxC2VE,1000,0.000001000,1,1730118250,1730118250,0.000000
4RwFPW1TSTQ5K76JT6fnghcExhqndLZNJQKrK8XwBhHW,1000,0.000001000,1,1730120022,1730120022,0.000000
4RWhmLNZoLJRPU6xUdknCj6S5tkrSfCQYv3pv4hHEHrV,1000,0.000001000,1,1729890618,1729890618,0.000000
4s2BJkiRVW5onBWeYvwohWwjRCFYJbdmTuuatJ1qW6ES,1000,0.000001000,1,1730115250,1730115250,0.000000
4sGUGixSkG9KvCXRM4VK8jvHhsrTzdSWm9frwqgAsYRm,1000,0.000001000,1,1729966113,1729966113,0.000000
4SuSGjYReUyAes3DDB3owEaXxgXAzdQNEkpHQP7H8n52,1000,0.000001000,1,1729901706,1729901706,0.000000
4SuSXhQ3zonzTvvNf6ZVj5qVDEnYbrsgjn2HHbMLGhG2,1000,0.000001000,1,1729901703,1729901703,0.000000
4t9bTzvLhei2ZAEsyGEHATNXDy69Sic1hDQUU82kXn1i,1000,0.000001000,1,1730116831,1730116831,0.000000
4THEHb52teYXrNjZVQSzrDxi5BSZWk8vPdEp2mWz8cGG,1000,0.000001000,1,1730118526,1730118526,0.000000
4ThhQhS7BWBcAGDPufS5BHXQ5ofv1LvpK6Hf4FPehFJp,1000,0.000001000,1,1730110564,1730110564,0.000000
4tJGYkRpSiLnZ7nQVFqSQjGJffH7rS6uupTMnx8A5FnB,1000,0.000001000,1,1729883285,1729883285,0.000000
4Trkxcdb2VXk72stY3fTtr9zEAyPSXUDYmjkf8yWBcrd,1000,0.000001000,1,1730095841,1730095841,0.000000
4TrkxuaAZPernNUmpecwyu7ccaMtk9iZgBnXKEw86And,1000,0.000001000,1,1730095846,1730095846,0.000000
4tRN5Gftz2n2uyxBE3QKfwZoSMT7geH3mAonjwQGNW2q,1000,0.000001000,1,1730127375,1730127375,0.000000
4tRNSbCb6qKvMKPKYRGyxJRfgLfPHCzPGb94EMTfSmYq,1000,0.000001000,1,1730127202,1730127202,0.000000
4U8X9q4sJnRotWV5nkoaYUJVUcgP9QnGrkZExNU2vsPq,1000,0.000001000,1,1729878094,1729878094,0.000000
4U8XsQ2WkERoS6n8qgbzD9QbFDXyAPuWrbfcptmrJrpq,1000,0.000001000,1,1729991877,1729991877,0.000000
4UanaCTTqTAigPM1QyoE9WHkmW3VQWELDU8z7YsDcbSS,1000,0.000001000,1,1730125747,1730125747,0.000000
4uEze4o1VPrNZTTAPjo2kg4K5aCoCY7sgM6QViJrro4U,1000,0.000001000,1,1729884074,1729884074,0.000000
4ufrJjiv2bzxMPguR4YpMAse8o17W2s7eLvpz2KytNhZ,1000,0.000001000,1,1730074693,1730074693,0.000000
4uq2pcJi7PG5G6fzkMFJvZavBqsnCo3PVmZ9Uc2dcG5w,1000,0.000001000,1,1730125040,1730125040,0.000000
4utjzSx79iGNa97mgdvKfEc7DMDeN6opxPstNKBqACTV,1000,0.000001000,1,1730072776,1730072776,0.000000
4V1yLvU6LwC6gMVZNCB3tDcvciUw3nb7iyKqy7ApBkbE,1000,0.000001000,1,1730124506,1730124506,0.000000
4w3PozM5Qvmogoqq83f9V567iWhFzQa4pjZgc8g1ac2A,1000,0.000001000,1,1730121693,1730121693,0.000000
4wrYH4QrsFFVb8w2MtajWcAy788arXFxfa1Qfid8YxjA,1000,0.000001000,1,1730120314,1730120314,0.000000
4wSmQHyou41HH1SaoUtXMRKZThreqCbpZ5Eec4FbyZrK,1000,0.000001000,1,1729958138,1729958138,0.000000
4WSP5tAnRbn93eXTFcwo5LxQ4i5T3dp7gmCicHxhHN58,1000,0.000001000,1,1730094183,1730094183,0.000000
4wuXJXUUbC8Bs4SDEoXNP6RinVnVJc2mtKFQPqyiuFpq,1000,0.000001000,1,1730125123,1730125123,0.000000
4WvYvodGAC583nDEexfnGvSiBnA4GaYA6eZJNBvPUU3m,1000,0.000001000,1,1730118514,1730118514,0.000000
4X2iJxSGRkS2HYD5uVUwgKZMKuA7UtmB8w96JF8LM5xK,1000,0.000001000,1,1730120010,1730120010,0.000000
4x5Kd49LhkaYxAHsKVZZZpvDtX2BkBhaz9nJLBrH361i,1000,0.000001000,1,1730116279,1730116279,0.000000
4x5KQMXtNDcEnQ9c6PFSPr1b3zjJRx9JZGZoAZnfS39i,1000,0.000001000,1,1730116186,1730116186,0.000000
4xHDGkHLBBZSaUny4mD9qrj8RZcgyNT7nmSXJgjEaQrz,1000,0.000001000,1,1730126595,1730126595,0.000000
4xMhfM6uqJJfFwmTHqrxXBHMEUJDpDWFFZjkj8HPBBUn,1000,0.000001000,1,1730115658,1730115658,0.000000
4xnoj34SBhihbTqAEb6VKQ8XufJMkrCsMJ3YPSMRvKFy,1000,0.000001000,1,1730120746,1730120746,0.000000
4XoG4MqXTidm97PhCZDDkQqi54LtPpLgBoHWJn6Sdx45,1000,0.000001000,1,1730040902,1730040902,0.000000
4xrxfaPuJEFQ9FVfC3CkY3JFnAfRoNqgjvEvVyTXGMcN,1000,0.000001000,1,1730050485,1730050485,0.000000
4xrxgP9qSvEmZa5b2RyHyXNFw8zmgEtXVEHpNnQ9cF1N,1000,0.000001000,1,1730052832,1730052832,0.000000
4xS1LMk4nArw9R9FAUcNxNRFxyfug9uxTyLccAh5GqYU,1000,0.000001000,1,1730113055,1730113055,0.000000
4XzB9GDoRXjjbDdCbsoSSZZrxNt5oY9qdertVxqaG3ke,1000,0.000001000,1,1729887792,1729887792,0.000000
4y3gu4YUUMdT9zZHbUt3rvR4vBJV64xxybjgEzhovs49,1000,0.000001000,1,1730117713,1730117713,0.000000
4y7wuCYPgX8hsqhxFzKU2UUhickzJXLaB9rrz1CihamL,1000,0.000001000,1,1729894167,1729894167,0.000000
4y8WDfYsWjDPUCJWYZyxQ9La1GtnwS1Un3W3nhBMQcY1,1000,0.000001000,1,1730120379,1730120379,0.000000
4Ye7FLRXFoNvfoPpUnaP4EehYR3LmfYuvP2ZbzmdX76Q,1000,0.000001000,1,1730092084,1730092084,0.000000
4ygS7JC3q7UwaiSPrc9SZDvBMwYg2Xs6ecC9vE8nkYHa,1000,0.000001000,1,1730119662,1730119662,0.000000
4yoMdkihShf5ooaVwBcXYQwY4p1ASqMhivydK93ftdUB,1000,0.000001000,1,1729893778,1729893778,0.000000
4YqTusFMscHMTiyxuA46fGsUShEhxpheiFYdhv55Qz6q,1000,0.000001000,1,1730062677,1730062677,0.000000
4za8eiA1cgeYsEcudV1gtWpNjcKkysYjQPvRmAUZMTPU,1000,0.000001000,1,1730124873,1730124873,0.000000
4ZCr4CBUcnwywmLwTueJZCpB16uDKx3VT7jPGJRsFCPY,1000,0.000001000,1,1730124927,1730124927,0.000000
4zEkjEmykhxjuxyAcwSJWRHZtBXiLHvh4bkCihFZ5ENz,1000,0.000001000,1,1730120389,1730120389,0.000000
4zfcLyA19h4JaHotEeZRYJ1YxQNQrBSqvQnGgpexRRb,1000,0.000001000,1,1730117785,1730117785,0.000000
4zH4tnjL3SfLCtjTRochbhJReS8LtYjwY6o8XZ3cjt6J,1000,0.000001000,1,1730120716,1730120716,0.000000
4zn7TTAAVyNhaiM1GnH5vB7iJ5DgPRZhp8U3cH9Wunsv,1000,0.000001000,1,1729962841,1729962841,0.000000
4ZTnwYDL3eUAHDxxEu5gZiXuvHP5iu2f2huxx1jQ5XpA,1000,0.000001000,1,1730120092,1730120092,0.000000
4ZU3vR7vk5J8TddHKVtWWqz2prJJFSeneU7dK2fUVN4S,1000,0.000001000,1,1729980137,1729980137,0.000000
4ZvwjReJFcQZdNbhcbQeS8Y1jwQmqreFGr56JiJUC6EC,1000,0.000001000,1,1730048135,1730048135,0.000000
4zVZfrFYAPmyn2EBWtkHzcyoTsr88UfSpBnPuuyM8PNW,1000,0.000001000,1,1730118516,1730118516,0.000000
4ZxuPXivP9oAcCx77VTmaHBmZW8tuPBNEvJxH4ZnjJ8H,1000,0.000001000,1,1730119126,1730119126,0.000000
511RgxSksaiADkp2Zxnu7soQUVfYuBC8Xf1o58AnVnor,1000,0.000001000,1,1730113812,1730113812,0.000000
51Y3YW916fnN955C6mZpvXkS331dAz75oRFHEr7NMGXD,1000,0.000001000,1,1729898399,1729898399,0.000000
528jabTAZ2WuW4bdKpcLnA85hS4AmoPjpxdZssxL2QrB,1000,0.000001000,1,1730077953,1730077953,0.000000
528jTw6ZVixTPXE8aLkmCrzDhJFw1n5BRGoHYEUENp7B,1000,0.000001000,1,1730078016,1730078016,0.000000
528sgeMGv6wPREMPVNR3xNN9gFvenp6gubyogMTxwBuh,1000,0.000001000,1,1730117698,1730117698,0.000000
52X8W4WJr9qcHHtsUXAchUHt4zs36NgRLzNMck85iasN,1000,0.000001000,1,1729965114,1729965114,0.000000
537vWNpu9fG7warzdqFNuCcQKYmqmz1xvYEcNDWt4a2f,1000,0.000001000,1,1730044415,1730044415,0.000000
54hUznE17yHq2koCYLvBC8tS7CtPf2y4LyHefzwVHE15,1000,0.000001000,1,1730043951,1730043951,0.000000
54RH7UQhcWncPqe1gNzTzJPyPFJoFvE5wviQ4ePwvFq4,1000,0.000001000,1,1730125106,1730125106,0.000000
54sidNb6ksfFeNLJo95EwVksjXdM4nQdBxvotiaoytBX,1000,0.000001000,1,1729878178,1729878178,0.000000
55bqN4pAYrctJzaStTTRFsdHmcET3cied8kmQuUguz2e,1000,0.000001000,1,1730126104,1730126104,0.000000
55bqvzK1eVTEeXSpeXnTe9hoqQu3k1qqwzq227d2XeFe,1000,0.000001000,1,1730125857,1730125857,0.000000
56Kj85X8HSEDqFBLzrFQZcBNpoD1vwgSVxZSvPnKmCww,1000,0.000001000,1,1729918782,1729918782,0.000000
56KjHtz45pjbtxr9sTJ9eU89eCnzHxJpek3mToYPMu2w,1000,0.000001000,1,1729918694,1729918694,0.000000
56T7PnbfiVqSLoGbfFm1QzLj6B2jLmrH3ESK6fXzHSEk,1000,0.000001000,1,1729959496,1729959496,0.000000
56ttCCDR5YV7t9mFZk7SBpuHpgXpwkKtX6zXETxvRngK,1000,0.000001000,1,1730118559,1730118559,0.000000
56ymzwdkCFmxXgdsuAUk6afCB2vEDwcSGef1Npm6HxN6,1000,0.000001000,1,1730078485,1730078485,0.000000
56Zgzsn5XU1jCV9BJ6wig8tNVWP1YpX4kJH5j1EYB4GN,1000,0.000001000,1,1730119468,1730119468,0.000000
571Sd64HXeJXkxNwtSu7M8yCEM1Bgii9UN8yGErZZDeG,1000,0.000001000,1,1730120663,1730120663,0.000000
57hYzosEBFevrG742M8raBtjyiqrEB29LngokbgwpWs,1000,0.000001000,1,1730119621,1730119621,0.000000
57Tw5ukRMK6a72Fqm9Uct83UJbeJLEjEt2FteiEmuUGg,1000,0.000001000,1,1730127186,1730127186,0.000000
58fFEY3k7ud93tEdtj1mbFVLGS3sRPFEfWy5jRJFUYGj,1000,0.000001000,1,1730128508,1730128508,0.000000
58nh1wZznn6WXn8L8mnhyyoyBbt7B4brPFrn6mtUTc1r,1000,0.000001000,1,1729993346,1729993346,0.000000
59nTyL3RJwWRQrmDbPQvAVBoxgYThSZYfQxbGgVxx61i,1000,0.000001000,1,1730098925,1730098925,0.000000
5A9U9iUT9zbCmjPMD9FPNvFCWS7erbCnUQTfsgymxPWm,1000,0.000001000,1,1729879911,1729879911,0.000000
5BBz6bUWdRMXHdx1c4c1gKqeAJJC6ukQhHB9RNMAYiFD,1000,0.000001000,1,1730120133,1730120133,0.000000
5Bf2yTJie1WctCPQRkAz87tm9pdGcSzhtbYd5rW8Fg26,1000,0.000001000,1,1730032027,1730032027,0.000000
5bFiKLwAvF7NdsiZtWPfcQXWzJxgPdA6UgCruoz2sw3S,1000,0.000001000,1,1730055012,1730055012,0.000000
5BHFTab8WRKSp5ReTS544NbzWMFbu7fC6LMbREBZijqY,1000,0.000001000,1,1730124241,1730124241,0.000000
5bmihqdXWvZ9vvSar2NN4io3eZZepYcd3Zka55GfGEAW,1000,0.000001000,1,1730119690,1730119690,0.000000
5BuZBqmC3m7JFv1Xg8QXwDCWtvDYHM42CaWcwhCbtQPu,1000,0.000001000,1,1730121194,1730121194,0.000000
5ciRuGVZhGmUngSX7bSA5fEWL7FpSTCvtrVPmGek78u1,1000,0.000001000,1,1730119679,1730119679,0.000000
5CSPhqSu2eAfB5PJfdmzMAYAdzS2VaC5RhXJjFdQk7E2,1000,0.000001000,1,1730132518,1730132518,0.000000
5cVHDxWPvZGRMtaynKXRzYbVtUoYJLXic9RPKb8SXFjw,1000,0.000001000,1,1730119454,1730119454,0.000000
5d2P2U2C3PiH2WbhVHwmVqyZ4HSfhx2dvYZsAmFHsi15,1000,0.000001000,1,1730124273,1730124273,0.000000
5DhaDAcedJQwt5JwfEPTmmtYfoSvkf6tJLQjiNa5wb1Q,1000,0.000001000,1,1730117545,1730117545,0.000000
5DhbMTQRHNW4R5EY9VZVabAApkVkxgLkNqgvBtavqnna,1000,0.000001000,1,1730123750,1730123750,0.000000
5DkepoQ1DTk4aWNr6hrXxei5FcXZwcZdZAdWUScffvTM,1000,0.000001000,1,1730131590,1730131590,0.000000
5dngzPTxJK8x2Wx1CFh28JJHC3cYZnPzZc2RV7jDaf6H,1000,0.000001000,1,1729943237,1729943237,0.000000
5e1XQSvGRgdc17bkM2zYKpFRYZWxauti6c4C6VbNwT8K,1000,0.000001000,1,1729889921,1729889921,0.000000
5e94wHT6jUMSAzjDGNGbV2grYVA26Y5BGxX2zgLysBNH,1000,0.000001000,1,1729926248,1729926248,0.000000
5Eb6EM9aXvvQGABVC4QXJdeAtqqocvxTiWdiU2u6MvgD,1000,0.000001000,1,1730120250,1730120250,0.000000
5eh3rkVwRufNmv6pAw8wHYyc2jpa6WYDJMGdZJDHNZBW,1000,0.000001000,1,1730052465,1730052465,0.000000
5Eo6C8Z67dSf4PLGhnYXDSxXbTHWKgxK9jxtULx9dnyB,1000,0.000001000,1,1729886271,1729886271,0.000000
5eQNQWkx5VJtRSAzk6dAtUrQTcWqxtnQ1YY2UGTfrArZ,1000,0.000001000,1,1730125081,1730125081,0.000000
5etyAsa2AHUqduWTCiE75wbVtLgN6P2KKRioPc986pZr,1000,0.000001000,1,1730117809,1730117809,0.000000
5EZ5NEm48Mc7DFzjLRpTjV3svzYYNvhw3p4GohomrQr5,1000,0.000001000,1,1730044648,1730044648,0.000000
5eZCbxRz1Wa4m8MPCGjpkj3y84KLBxRGR4TvRpsr3e8u,1000,0.000001000,1,1729985857,1729985857,0.000000
5FFPRA3cZLK5jyCyfUumBP6cHUSGQPugMgVqkiRtw8Jw,1000,0.000001000,1,1730120225,1730120225,0.000000
5fGk93qoshkv3ZnsJTAKicveXUTxmKeCr2RG5Xm8t31d,1000,0.000001000,1,1730058831,1730058831,0.000000
5fjhyCf6jdTZhC5HRkxyUokBftAxxAL2rZ5B72YjJQkK,1000,0.000001000,1,1729946827,1729946827,0.000000
5g7oDJQSYc2pGtzNPBrDqakCQia9LPKA41Z2gUYWsYcG,1000,0.000001000,1,1730125192,1730125192,0.000000
5GJhmQVE7ZWogVNjadWamT3wuBBZGaBbg3L2QwbXpE6v,1000,0.000001000,1,1729961171,1729961171,0.000000
5gnbfRMVz8KepqHwKWHem2dv8c2g5sBwydCJqw6TunnH,1000,0.000001000,1,1730120154,1730120154,0.000000
5GXX4wapeUikr9TUmLEQvPsTyRW9hV5VtQdm1mzNmczH,1000,0.000001000,1,1729893536,1729893536,0.000000
5GZ2JCxJDjQiHCnG6aPZdZAqrfcHqKJxKej5Ppbc6eD9,1000,0.000001000,1,1730000520,1730000520,0.000000
5GZ2Z5DVooMybu8VHu2kJH8Hk9vkqQAKT1HfjJkzWE69,1000,0.000001000,1,1730000541,1730000541,0.000000
5h2Rb7yunjbDjjvE7cQMimWzAzrk4pJKc31RLWS82Jff,1000,0.000001000,1,1730119905,1730119905,0.000000
5H7KbK65PZUWEGXvV7EHc1ABsZdwXc4TW5t9Kz2CMfQs,1000,0.000001000,1,1730119554,1730119554,0.000000
5HjHA2A9R2WyG9RQSz4pDumoPFsAP83963TghiTjqhUj,1000,0.000001000,1,1730043452,1730043452,0.000000
5hKAj9tqy4PHP6cKkz23uSYFRxjMm8p8ukQb9wiwuYXD,1000,0.000001000,1,1730120315,1730120315,0.000000
5HMJipSk96N6FqzbGaLwisYSt7KpnCzdGMbTcKPULz1E,1000,0.000001000,1,1730116154,1730116154,0.000000
5HMJvRvZfAX9ZuR6pTNwYHLD8AHyW7NrZ9Tk56pRkcME,1000,0.000001000,1,1730116058,1730116058,0.000000
5i9nqZ2CsKyyPnxraXDPKeTzgWAvaN2dt72rpYvMBi9V,1000,0.000001000,1,1729932208,1729932208,0.000000
5iAM5aysShkyHvueyGyLhrWDuaCNY4a7DGvSiko2oJsU,1000,0.000001000,1,1729898018,1729898018,0.000000
5in1pmFQk4NXc3rW4kxVSfsXxnNZrypZZhofaYBL8wQw,1000,0.000001000,1,1730123262,1730123262,0.000000
5inRYHARsm3EF6p6GtN5QcbxG9GQcFfP8pqm2EdLm6vJ,1000,0.000001000,1,1729891190,1729891190,0.000000
5iuMp2378HqzRuS9ruDvYwmFoSF1kmeCiw4g68NJznRq,1000,0.000001000,1,1730119287,1730119287,0.000000
5j3i65R61ifYGXZZCJ5taExRBZkvGyHCR8N5YidjZkme,1000,0.000001000,1,1729959721,1729959721,0.000000
5j3i9RXA2Bgj95g1SdBa6z3fEpRxxwNQtJ3bCdMrhM4e,1000,0.000001000,1,1729959665,1729959665,0.000000
5Jcu1qYHbe53PmPwReXppKYVcvMQXwjhfR4f6tDZ7k2G,1000,0.000001000,1,1730120447,1730120447,0.000000
5JcueHqPMjsYu7gngssc5zBuA7UVR3VLpPCerMTvwtiG,1000,0.000001000,1,1730120338,1730120338,0.000000
5jge1WwppZJ3NGXw7XcHFqTf9Y4KahEayuxZhFbNPasY,1000,0.000001000,1,1730125171,1730125171,0.000000
5JK2gVSnmnencdNiefxdHMgEuzmmspqbZfJPj4ezAD3H,1000,0.000001000,1,1729972734,1729972734,0.000000
5JNWxVDy2Sed85GpnntqfzDhAchYoLn5G7suaM3L5tba,1000,0.000001000,1,1729972489,1729972489,0.000000
5JQhbhNCq82e4csYDz9Q9shtMAwDGe6DCa9ZaDQBURgJ,1000,0.000001000,1,1730124911,1730124911,0.000000
5jV9mXqgDDTG9jJo9A2MQZcdVXoCCFUW5N4PNp9uV8BZ,1000,0.000001000,1,1730118389,1730118389,0.000000
5jxtTB1sqYQWXhxYvMFevqGycttb5V6XZs9mWBpheYZd,1000,0.000001000,1,1729884294,1729884294,0.000000
5jxtV3uBJ19jqeqRP2Lxu9CCMmio64QV22x6nMLeRszd,1000,0.000001000,1,1730125534,1730125534,0.000000
5k4ritLCWTMQEDjXw8igV82wxACZ4PyV33q4MDa7H7N3,1000,0.000001000,1,1729892515,1729892515,0.000000
5K7b8qwnjxA5w62YZM1zfrvxRiLnXKK5YgcWJdRugewd,1000,0.000001000,1,1730120232,1730120232,0.000000
5KczZizJZymQxr6LwrECn8KDVP2wmYSHhuUsNRjv1sJZ,1000,0.000001000,1,1729961516,1729961516,0.000000
5Ke4UzLbV4epfzFuEND4eVC6iRSygyh4RVcbF5cb1gxQ,1000,0.000001000,1,1730119327,1730119327,0.000000
5kHpPoKmESC8TiSBfKshbJJGP2u6fRBWVQvUso2DCUap,1000,0.000001000,1,1729893504,1729893504,0.000000
5KHzhTwnmyHEpAcS7CFSeGE53mHvKzJJxaLXgsfWwMe2,1000,0.000001000,1,1730124269,1730124269,0.000000
5kWXYp9QFZsVt9tRqzqKMnVnGEbQDmcLRgCrBrU8maux,1000,0.000001000,1,1729951690,1729951690,0.000000
5LDBSBFHdA8d3Jk7gKcEPFA8kZhj6jcYpMcjTBd4X9wi,1000,0.000001000,1,1730129671,1730129671,0.000000
5LFAkahewyrgbaDXJdx5ECaoX1p4VSqjx5FoLkeLc24M,1000,0.000001000,1,1730105648,1730105648,0.000000
5LFAWPXT9XUyTVKkceonqbakLRtR7UdM5Hu18XTXVepM,1000,0.000001000,1,1730105522,1730105522,0.000000
5Ln3XSE9BHk8YFjb2sopvYXmkmwsYyKR2a99KjZJ441U,1000,0.000001000,1,1730054164,1730054164,0.000000
5LX7fdzHYmT1B9Tu3PPj66qfdYsMFRV8iF3QuvnD35Cd,1000,0.000001000,1,1730120385,1730120385,0.000000
5m75z5AymuLLgtQdPqUKnBSMHPK5ihhDgEM7BPbjN9W6,1000,0.000001000,1,1730120126,1730120126,0.000000
5MaruvPXrnqNcrTpktQhVRyrTrCr2uxdRsenbo8gGXvE,1000,0.000001000,1,1730124628,1730124628,0.000000
5mPLeizkFAtLQXciBy9TGki1GJqHNT1A1QW3nXkbCweB,1000,0.000001000,1,1730099358,1730099358,0.000000
5mPLy3cshL49E68vCAVYWmKwiiHGw8HT2PcnJA6odonB,1000,0.000001000,1,1730099464,1730099464,0.000000
5mVW9R3NAE3GQh4ZgAqjgVNPHXQNQnJFApZ3y7dEZ8qY,1000,0.000001000,1,1730127147,1730127147,0.000000
5mYh496G4ap5esyfdMh4MstB1zjuTwYigojJnVw7wATt,1000,0.000001000,1,1729975064,1729975064,0.000000
5N5XkyqFDZZxhyZZqPJnofC7fGFxag8pSHYpcwP2KMSv,1000,0.000001000,1,1730119931,1730119931,0.000000
5NaRCMZ7si5KhEZM7CyQYWpWxu2AgaFVKhs7NqSXbqmW,1000,0.000001000,1,1730003026,1730003026,0.000000
5NaRsCXSAGk2Ke5UbAz5xp1MikPMJrtfHQAYiQRZTo2W,1000,0.000001000,1,1730002935,1730002935,0.000000
5NBLACoC9PPV7yMEKFP5ahJdr4Prgb3vjfzh2cu1e1kr,1000,0.000001000,1,1730124715,1730124715,0.000000
5ndveS62bkQWUjuhhWaweg7dm71QeqEr11rSN5wMHo6p,1000,0.000001000,1,1730039055,1730039055,0.000000
5nG5T68E5zjCf9uRJh9DhAN4aUdMJvjRZBtJzKsg1gTr,1000,0.000001000,1,1730119205,1730119205,0.000000
5NGprceNSUztx28EowVtTtW5ijTn454pENTh2gZbUa91,1000,0.000001000,1,1730133881,1730133881,0.000000
5NmNrLAfexGTVEMzacAXDZW1wNR9GfH52YSZVxpf5Aka,1000,0.000001000,1,1730120241,1730120241,0.000000
5NrknaqVCP6ah63h95X8VdFSsktFQc9iKzAPRpTzCN57,1000,0.000001000,1,1730062536,1730062536,0.000000
5NUi67gsFvz6Yo2QcGc4YQk8pDSqfQrUYfAo7reMMdAX,1000,0.000001000,1,1730118409,1730118409,0.000000
5nYHHy37acrzjK8pqmCNAik3kHWwCcyhxzUC2eepk2gw,1000,0.000001000,1,1730120832,1730120832,0.000000
5oiNYJ71cDHJ1rpWuqNDhFofRmbi2EpECHu93aQbm3cm,1000,0.000001000,1,1730124999,1730124999,0.000000
5op3SGxhaQUAXT9eYVtQ7b4FKknonv3g4VW2BkM5BJ5i,1000,0.000001000,1,1730115263,1730115263,0.000000
5PCnHySmoTnMTybdXiiQb8LG3ut4x9V2r32w4ViCmxFm,1000,0.000001000,1,1729883088,1729883088,0.000000
5pTq5quz8dKB5HL6osALsiQAV96has7ACx3fPF4tY4iZ,1000,0.000001000,1,1729903100,1729903100,0.000000
5pTqmmJX1mRSpFH67JZCSbvpxFT6vspfRReDmuiMwmiZ,1000,0.000001000,1,1729903066,1729903066,0.000000
5qjA96PdUZWMxZCb5BvZZp5n9efRAjRKcjbjkwBfeEQa,1000,0.000001000,1,1729872158,1729872158,0.000000
5qsLyQBc6WYmzkhY1rKqcnsGAgqw4P8m5fT82rU7wvW3,1000,0.000001000,1,1730122200,1730122200,0.000000
5qZEJveFCJapc2DDZdWFzPuGh3cU9BcQfsTGyM2KzkcR,1000,0.000001000,1,1729894939,1729894939,0.000000
5QzmvSsUknnRkDBkkt5oukDjdMV1TPw8bKCRywYbEEUo,1000,0.000001000,1,1730119875,1730119875,0.000000
5rDq5ZiGrAXMJhcueDqeQQmPhTyuDjiXznZXmxz2TVfr,1000,0.000001000,1,1730041694,1730041694,0.000000
5rqJ5ihHLRRr2FRg9mh5YpEAJr5x7yRCXijv5XbRQuEx,1000,0.000001000,1,1730042727,1730042727,0.000000
5rYBNFVbxzRQ4EJMTvQytMSagEN8XgCkKamhq5MAMd3x,1000,0.000001000,1,1729957176,1729957176,0.000000
5rYBpinhYgAVejyW6HkHTk8yoFNPi23YSdXaCX2xoNfx,1000,0.000001000,1,1729948598,1729948598,0.000000
5rYxVdDbAL4Ym7G8PobpRet7YrACJTVGgV6xsXCQs4Db,1000,0.000001000,1,1730119741,1730119741,0.000000
5sD8ejCzVtRSoKp4pGdjEJ4yLWHfveobdxuJRCFhCYmb,1000,0.000001000,1,1730106740,1730106740,0.000000
5SjZoZXpkSDZs5n8rvnfcSaD29TagXWJmLBHDiuEgE8j,1000,0.000001000,1,1730119931,1730119931,0.000000
5SsgmgQzicqWeRt1TV4UDw6qZT2Fo1gurH1UzpKnnLp3,1000,0.000001000,1,1730115193,1730115193,0.000000
5Sw9GAEFFDQckYb62NqtEyZjYxnniKa6fqqHuDAopipG,1000,0.000001000,1,1730114135,1730114135,0.000000
5tkGrUjGgeuwiS6FQ1YidxBEayBKqCLe2BS68Px1fAx5,1000,0.000001000,1,1730111483,1730111483,0.000000
5TnuBsiwrWsZZprFpu6dB7G5gPrXmiSuuD7tfDP7hh8W,1000,0.000001000,1,1729985386,1729985386,0.000000
5TnuHAPo4U7ZKTTfnv1RXUtyUgxpuW75up2oRn1SYg8W,1000,0.000001000,1,1729985312,1729985312,0.000000
5TqZH4Rj9dAA5p3Rp2TwTbW6zDHVtqroCXM7jbC7Dd1K,1000,0.000001000,1,1730092394,1730092394,0.000000
5TqZs4PtqK5GbPgZNyyZuzdhjcCXZxbYa8xxiAfX4DK,1000,0.000001000,1,1730092321,1730092321,0.000000
5TTaPSozL49AjnSWy6aTshLmrYKTrg8Eh7WvDuG4P9p4,1000,0.000001000,1,1730119234,1730119234,0.000000
5U5XUiNBaGofVhdQRQS1k7HZNcjcnP3PcsmsWwNcsK2M,1000,0.000001000,1,1730125114,1730125114,0.000000
5udBN8RydZKqKRXC67H22tsawbUbnssVXFH32C5ynTqp,1000,0.000001000,1,1730046527,1730046527,0.000000
5udBWuqvcEqtMwqakQBKupGjX1yTQf3RRtha9LcwMn3p,1000,0.000001000,1,1730046568,1730046568,0.000000
5UJkc8uuhios8DPnS68Nd7gJ56EyaSpAVzieJxKRvBYm,1000,0.000001000,1,1730111582,1730111582,0.000000
5UnK3YGyUC5gHEpmtLFjeaoLSFhXwJz7JXy7Smw6QB2M,1000,0.000001000,1,1730013633,1730013633,0.000000
5UtttPpj6bSQjaWah3VTbRzAarcoQSvQX6DkH9B6VtDJ,1000,0.000001000,1,1730095457,1730095457,0.000000
5UyMPLYXV34p8jz8g7Q5TCkgPe8UUaVY3B53ZXYjE82w,1000,0.000001000,1,1730129200,1730129200,0.000000
5V7HsBxuX4JPWs9H6roYu66vcbQs258cV3tYpFNBKfCe,1000,0.000001000,1,1729972365,1729972365,0.000000
5vh3GrHRi4R3ydUGSg3t51xT98yKD3caDZEoKbZPxNw3,1000,0.000001000,1,1729873469,1729873469,0.000000
5vHgLR5NoLANCr8SuY2i58mhZGNqahFvnNGz3Q4PUjo6,1000,0.000001000,1,1729949261,1729949261,0.000000
5vKdHwHwGkGMA1fY3ZqQ62uuy7fNf6kTN7nEpurvFjCM,1000,0.000001000,1,1730124553,1730124553,0.000000
5vtYSgiQnVsPKSMdQQcMGSyiYwLoYksMVNdsbWNGRuXX,1000,0.000001000,1,1730120811,1730120811,0.000000
5vy5qWPSuji2kdvRGNuxuWihvke5uKYMbTaQPCTME3Pi,1000,0.000001000,1,1729877263,1729877263,0.000000
5wfhRDrgdaMJD5MFRzWGcSe8fyez83YodmRu6gKqiwHo,1000,0.000001000,1,1730124674,1730124674,0.000000
5wNykrPTZ6jrdi6U78NJx5M5WXWUU9edKKzLfy4j1g3o,1000,0.000001000,1,1730057070,1730057070,0.000000
5wQ3eiqwjzSG2fG2mM8xBy8FHPpSuEDW8wf112E9Qz6E,1000,0.000001000,1,1730119148,1730119148,0.000000
5wtm2VngcF8f2quATQH2PbkrgMa4XMqqrCJHqWaonDW1,1000,0.000001000,1,1730121314,1730121314,0.000000
5X1bNeLMSzVRT4BrQpuHeghT1X6GGSjnh4xEVo9QZLNS,1000,0.000001000,1,1730063321,1730063321,0.000000
5XAJ5pFoDSHMVbCGk8XvKXHjk1R9qrqoYaqZ46ziP6Zc,1000,0.000001000,1,1729893056,1729893056,0.000000
5xf6aRs7duELq8pNHXcXDXUQBxPGVR6GrUni8BTYGnxj,1000,0.000001000,1,1729972144,1729972144,0.000000
5xLnrn3NuGGuUVLTBv7581rfDx5rsDcaHRZaQiLWopKT,1000,0.000001000,1,1729884692,1729884692,0.000000
5xwFsSTAH4s5ewpXN9ekdQmKMazUc9gMGsc3vnVXMFq5,1000,0.000001000,1,1730112727,1730112727,0.000000
5y231EJ9vyqzWzKqdPDfVCZiSFqxdyYgKeieV39eH2BR,1000,0.000001000,1,1730124487,1730124487,0.000000
5Y5pYaAtjBTacE3nQarxx4jy1uYRUekxv8ySqNhYmoXT,1000,0.000001000,1,1730125756,1730125756,0.000000
5yGnvxuAfADz4c5D2yj7uDP3Bu8bLgUtpJeuVHpGMssv,1000,0.000001000,1,1729956830,1729956830,0.000000
5zDrisasdBy1tva4D3zUrKmQsUN2QfQgizFkgysdrCQ9,1000,0.000001000,1,1730124341,1730124341,0.000000
5zEyqmuF5E3zpvhzQjBSaPKCsRRzGDCRrk5rWSP9ywMC,1000,0.000001000,1,1730124855,1730124855,0.000000
5znAVgqZy7PXvMPpZSNWJGWDjexXctEodqJqpMZMBFPP,1000,0.000001000,1,1730124259,1730124259,0.000000
5Zr54kS9JHFRSfV1JugPm87tNr4zbKRiYTFyTs1Av3CK,1000,0.000001000,1,1729879046,1729879046,0.000000
5zUp6gn5vdWPHKjmeuJFUVCTfzvynpfMwZyyxam3TQR6,1000,0.000001000,1,1730118561,1730118561,0.000000
614ipjjJUmyM2mfbX6JyKSz5JJhLiFx1izCfzdKqTsaR,1000,0.000001000,1,1730119773,1730119773,0.000000
61bLznp2HmtqspvcZ9nUG6WvfECwJ2fgUef14GZ6dWuy,1000,0.000001000,1,1730120849,1730120849,0.000000
61cAWShXPAh5jryaubwUzogPYVGVFeHYezj9LjRVh6xi,1000,0.000001000,1,1730128862,1730128862,0.000000
62LemhcJDXWoMj6tw9RzSZnXwXAVLGpKGd1P1jfhKU7X,1000,0.000001000,1,1730119148,1730119148,0.000000
62TdWW2xmKo8SC4az5asVUo9Ft7iUKWEDzjGU6dHb36X,1000,0.000001000,1,1729946195,1729946195,0.000000
63e3Rh9KaNHrpxua6NQ1dqxsa9ubWXVcAT18LCwpFpst,1000,0.000001000,1,1729989955,1729989955,0.000000
63jgYfZnyhsuXPocYUTTYnfNtvMFgfhVRtas1ZKbBTGC,1000,0.000001000,1,1729956278,1729956278,0.000000
63oBW6yFxDvkTPK4qQ5r4Q8QsiDYTQRemB5ShchJ5Zev,1000,0.000001000,1,1730118017,1730118017,0.000000
63To6JGyTXnk5k5zT4faN9JygpjorJhvcLXwbZqsTsiJ,1000,0.000001000,1,1730120271,1730120271,0.000000
64BtkpQ73swPEAZKWYVL2x8UY6CWybT1QQGrxGcPKBaR,1000,0.000001000,1,1730124484,1730124484,0.000000
64LCro6pdbWjFQWWimhqrUSLBfHQEhJtfKuBA2Xm24B9,1000,0.000001000,1,1730130421,1730130421,0.000000
64w5kD8wV1YJqe6AA5wPAZRmZxx4bjGkjw9kP6CG5xqJ,1000,0.000001000,1,1730001886,1730001886,0.000000
64w5o93bqjcakM5W9izTRAWzUZpBoJhwZAJRDDA4hZ1J,1000,0.000001000,1,1730001856,1730001856,0.000000
65aP7JcXaHcLJGY5ztQurcr2B2wphAJCNKXr2B9vZCw9,1000,0.000001000,1,1730088931,1730088931,0.000000
66BVkRUrfGGYvsC3d3TFHJmeu3sLGXEbX5xBewnNj7UM,1000,0.000001000,1,1730124394,1730124394,0.000000
66CX3uwbKcBC5k8ja44WYSiPcAwsW8T6cG9ZZqguHZjx,1000,0.000001000,1,1730114876,1730114876,0.000000
66frGc1XuztwuxfgcfWBpwniH5rzHExmtEE9wwbSo9f7,1000,0.000001000,1,1730116729,1730116729,0.000000
677DCQYXWzRoJErv8JjEsGoxzhAsBvHDfp2F14HLC6B8,1000,0.000001000,1,1730118269,1730118269,0.000000
67DXxMxUBw9p9mbXRHNP6tJsYinZHYnN2Z9Xj5GuAzzq,1000,0.000001000,1,1730124840,1730124840,0.000000
689CepNDedAKuXEkoEi7KQFxmaLNmk9iWf2fRBHSP5dz,1000,0.000001000,1,1730119360,1730119360,0.000000
68gvAyRbj5e5Ufa1SkUdjsqEW26GRWob1vevxxGRNt7n,1000,0.000001000,1,1729995886,1729995886,0.000000
68NGtVR2emXYd2r5Y8mPovFf95emVFHD63GcqtWP57e9,1000,0.000001000,1,1729879751,1729879751,0.000000
697nSXmzbAGqdzyrEirz9pnpYiiyKHehvkGQiBzAgEtr,1000,0.000001000,1,1730090080,1730090080,0.000000
69Agkv82S3rKHgxZW7iNhgoQEKegsDbtLjShsG9JCH6q,1000,0.000001000,1,1730107581,1730107581,0.000000
69AgpBHST2tj9R6Wt8jqiegFYPEndVXDhkyK84WGDe6q,1000,0.000001000,1,1730107475,1730107475,0.000000
69CxfauUCLKhXzaqroVLpaXi4h5BAJatvDoFz8He3Pn2,1000,0.000001000,1,1729872218,1729872218,0.000000
69fwL1AYiYSHZiQKJYcEdDRRM9ADK22WnEZMTpnV4U2L,1000,0.000001000,1,1730128952,1730128952,0.000000
69jgswYfzVW4MgXFwyydkmh1KXBmPpgw4BXgbSm2gco9,1000,0.000001000,1,1730119148,1730119148,0.000000
6a7pidEkaiL7DGkeyC5MaubsujiNShWCsVffQr5mizXS,1000,0.000001000,1,1730079150,1730079150,0.000000
6A7WBJqVtV5LJkPPZNpjhdZ1t3YqgZ7fKsdT6ZBSqquC,1000,0.000001000,1,1730107349,1730107349,0.000000
6AmRpDyH65Uh34aqEzGMddkqNo7vNTAgTxfvH7eYx2Na,1000,0.000001000,1,1729958980,1729958980,0.000000
6aN8Kuse1BXxcG2M5LS3vnAmZZmo2FjQyH5dLKaz1gzY,1000,0.000001000,1,1730119790,1730119790,0.000000
6auMQ4VuZpqCy3zjFRzh1Efni2wenPpjqawGDR6B9xRZ,1000,0.000001000,1,1730118478,1730118478,0.000000
6b9iLB9z629zDmF12odZxJfK6ANF7prkpFRNYAXjn1or,1000,0.000001000,1,1729874014,1729874014,0.000000
6Bj2B9iH9cVC91wzxxe5RJSbYHrjYCPEnvDrHNwcij1o,1000,0.000001000,1,1730052109,1730052109,0.000000
6BpsHFr6TK8SPbiAmkXGq8GkcoKh9ZBhH39mKU6ETWve,1000,0.000001000,1,1729899317,1729899317,0.000000
6bQ6PxiyhkjScbP74jGzFo9tx9EEAXBoKHo9PfkbdfFW,1000,0.000001000,1,1730079434,1730079434,0.000000
6bVBGGFgRrVPJX7fGz5r2aD7YhQRM7BsKhtFirBDfZ4Q,1000,0.000001000,1,1729927713,1729927713,0.000000
6bVBNcmv9qc34tJJoULQn53APJkrCm1RjBMtBHSGX2oQ,1000,0.000001000,1,1729927799,1729927799,0.000000
6bWnD53aTeUuL2fyum5bbuGtT1RLMrAErYPTsoJ8rJ2a,1000,0.000001000,1,1730118374,1730118374,0.000000
6C1pL8RAQr1w4HtQCvYxZYUDycYcu76jBAkMHDzLozbY,1000,0.000001000,1,1730121646,1730121646,0.000000
6C3Mh4Gj14XtAH7dVYPqpTShmVDFfxddD4196tzwYM3i,1000,0.000001000,1,1730059151,1730059151,0.000000
6C3MkGoBv4LCjJV7JtTMGSx2B6A3vubYhuNirgJbz7Ki,1000,0.000001000,1,1730059415,1730059415,0.000000
6cSs7xfvRYgzFezQ3mjo3bbGrEGsCt7ni8KUUNu3iEbh,1000,0.000001000,1,1730125489,1730125489,0.000000
6cSsqJ885dkNbqYHZEQGfeNcqBWGtMRcz2iy4YWKc34h,1000,0.000001000,1,1730125670,1730125670,0.000000
6CXKTcBcHWoFCyx2SVBzMK1JWhjkucbaCNS9tfcrP1ir,1000,0.000001000,1,1729875765,1729875765,0.000000
6CYrWMPuWhqpqLaRSyNiMcWJ5SouSYMqhBs963qV2Zuo,1000,0.000001000,1,1729888750,1729888750,0.000000
6D53b6xe2ghtpzDKMbeWSHaMQr5uJ3vFLq4fx9VtHt7P,1000,0.000001000,1,1730120662,1730120662,0.000000
6D5UFLRpNdaKCYo41jWMbSGfDSjSTypobhYpreuc4sBk,1000,0.000001000,1,1730092250,1730092250,0.000000
6D5UhaXjmrhKyKoabBGKmP3ucZzjF9e64BbpG13Utx3k,1000,0.000001000,1,1730092357,1730092357,0.000000
6dcDdTef3kUGQbqpaj3iggsnTGY8xtTygBaAb36EK15K,1000,0.000001000,1,1730127164,1730127164,0.000000
6DP8qnjjW69EHbNi8XdDRyXLn7GacuKkm4oJjsmp7eB4,1000,0.000001000,1,1729915614,1729915614,0.000000
6DP8WhjkuXXvcpVRDKLCMK51j7rMFpLXTtwKQJGg6eB4,1000,0.000001000,1,1729915621,1729915621,0.000000
6DsDH5qAfYxd5sHkqNZSSSFLUPwdp7xDdmWUUe8XLPas,1000,0.000001000,1,1730120772,1730120772,0.000000
6DwMFK79FcsSeh1xizLNg2j4ef3MKZ3FXwBjKN8xVcq1,1000,0.000001000,1,1729871698,1729871698,0.000000
6DWPLnLWf8VsbtVMYmYrLAorEVooTEtDQTsVHjaPVcq1,1000,0.000001000,1,1729871696,1729871696,0.000000
6E9BfFDGfqhTdgG2S4RRJUx6hKT8V9eVdk8xSrQw1LbN,1000,0.000001000,1,1730130420,1730130420,0.000000
6ecLjShWhWzrAN4KropWvS7zKtS8Tv6qQSRExUCsWdEv,1000,0.000001000,1,1730128566,1730128566,0.000000
6EFLjfHHoXay8z9vNp26uS7Tbk6ZGNZYDcyBxybQmnip,1000,0.000001000,1,1729894200,1729894200,0.000000
6eKTn5UzeRzQqhkCMNCccHiS1QwNpLYuBGWJbi2DN1Pn,1000,0.000001000,1,1730124484,1730124484,0.000000
6f2rDBLHbGgSiSKfccxartsZgQuWwJBDUNb1vmAcfZBK,1000,0.000001000,1,1730120721,1730120721,0.000000
6f2snG5SFm25Ssg8ZGegSiLo6yVAVmavQzf2vEZCjG92,1000,0.000001000,1,1730124795,1730124795,0.000000
6FFmcZwA4idLNYhNyKgdEaVTK2BxqG53Suqk3cMF2jkJ,1000,0.000001000,1,1730124652,1730124652,0.000000
6fqjdu88jMYnv5WgtohEdVARMpG8KveTmYKpy2BvDR4D,1000,0.000001000,1,1730119782,1730119782,0.000000
6fqjXF7ZRKbqGjVHo7uBkCarj6AvDWECvUYmWGZ6Z7ND,1000,0.000001000,1,1730119690,1730119690,0.000000
6fzNYqwXvpWx1Bv6AiwJF4Fe5B4k57NvP7MCMvdQyCy9,1000,0.000001000,1,1729888721,1729888721,0.000000
6g3nyjiWJrJfeF2zZPkoDbFsCKbFPduedMUiBkMJaQtv,1000,0.000001000,1,1730124291,1730124291,0.000000
6g6nBd9q6H6Nz2vyDzGSmqBPtss4Kv3hWFdQnjjRi5aF,1000,0.000001000,1,1730118341,1730118341,0.000000
6GMvTGVVrMsrp3Wyr5i88BySbbg84YNaaCh72wMqzGrv,1000,0.000001000,1,1730124755,1730124755,0.000000
6gvcfAZfQrpE8fVyS3rpatZxNjViXqT8v96u2K7p62L7,1000,0.000001000,1,1730119617,1730119617,0.000000
6GWX4r1g9TzF9u9u7ZKWXSUQo2LJW9K32tz5J6XhPSTk,1000,0.000001000,1,1730118195,1730118195,0.000000
6HfvKjLDyzkpavTyrrWFAFHqkLdmyeqvPedy89xWVhNo,1000,0.000001000,1,1729896228,1729896228,0.000000
6Hnq6NGFGS6628YhvxphqSY7qUye6uHNmRwEDqk3RwPK,1000,0.000001000,1,1729964190,1729964190,0.000000
6hrWRqBEJTRA6EBUTXbUKuzxhRYRnzKd677isJCpYd1Z,1000,0.000001000,1,1730131382,1730131382,0.000000
6hUQARywoBFrwUkAeqKv73qbdBYD4bBCpLH9WrhsBoHm,1000,0.000001000,1,1730117729,1730117729,0.000000
6hyhH1PMS6ZhdFU98ciPtrFELtRpPQYuF6pa2RmXDLzu,1000,0.000001000,1,1729906196,1729906196,0.000000
6hyhVUAwYw9TmJ68K4DzdqhW1i92secbABmwRVj6r44u,1000,0.000001000,1,1729906234,1729906234,0.000000
6iJyQah5XecmSjjCXcDTEPQH8kqw4Uo5tg7D8NE3TKx4,1000,0.000001000,1,1730117674,1730117674,0.000000
6iKsb8Uh6GgXQe9dJ3f6HNmGta7JuQkppVxHLcX2EWs,1000,0.000001000,1,1730125734,1730125734,0.000000
6j3FVXBjj78jjdFrhzVGLqN9p9xk2fUuhRMMcqEKoNgk,1000,0.000001000,1,1729945008,1729945008,0.000000
6j7QAagAVyEYe7n5PAM2Vb7Hgfe1CPmrPvBHr3cuzRpm,1000,0.000001000,1,1730119679,1730119679,0.000000
6K6RpXFQroskpg7SP7fEkozwwtyX2sZfoq4oHo5rp2z4,1000,0.000001000,1,1729900351,1729900351,0.000000
6K9y7FosaEkJnojHSemhKnJjQowrzxUGM9cvEd1qVcFg,1000,0.000001000,1,1730113722,1730113722,0.000000
6K9yCTCRpWrHWm2ZGwTFn3VU92jcvDXmvidQBhQYCWWg,1000,0.000001000,1,1730113618,1730113618,0.000000
6kjT1YiEDr6rTtfgGQ2vdUFWHLH35bDrCePWxcivUwLm,1000,0.000001000,1,1729949555,1729949555,0.000000
6kKLbNZfwqS2gN6TDY4pNjN5fxcJHm2p6wLUSKSWY9VL,1000,0.000001000,1,1730081813,1730081813,0.000000
6kNAmvK8d2wsRFkD1ZHUr9apPcUaxXcurr4jGrjUTewW,1000,0.000001000,1,1729877049,1729877049,0.000000
6KNDhtwcpcvp9c9MULmCepeqQfLebKjodvpFC3koviuD,1000,0.000001000,1,1730119931,1730119931,0.000000
6knF38cBBgX2SDJq2omEe7ZYUzws5TQ6AoU6tHvQqUC,1000,0.000001000,1,1730044143,1730044143,0.000000
6KqETuenrdgUYivMZb9Y4mVbj1CuQapWqTWdf8NrReU9,1000,0.000001000,1,1730120214,1730120214,0.000000
6kQsRD3CVpP7nfxxyd5g5JiC8ocjXjJCvRiBGMRwXnFu,1000,0.000001000,1,1729890039,1729890039,0.000000
6KTZGvggkChNStzPM9LHiaHNEeJFF49DskH4t1RMcNNr,1000,0.000001000,1,1730125091,1730125091,0.000000
6LiURCzifG8gdEm2fRuUk4uzt1nnn1tezvLS2MaJcg3U,1000,0.000001000,1,1729949156,1729949156,0.000000
6LJkocsQVDocS48N3TKAhra9BdZmWnGex2kjgqayr31x,1000,0.000001000,1,1730131231,1730131231,0.000000
6LWr6iMbrCCuTnpDgjkPD2yhPtamAeTjnCKJovKPDnPs,1000,0.000001000,1,1730119311,1730119311,0.000000
6m5UWiYUeLnffcjfxwwUCYwusWEJ1FCXJc4k9KfyPQFj,1000,0.000001000,1,1730125178,1730125178,0.000000
6m7pxTWPbEvCRatwtUT4AViCKkFifZGzjgmvyWkFh1Hg,1000,0.000001000,1,1730128511,1730128511,0.000000
6mz5hfYo2JJzdWrKiSVxmxG7N2guJTdVbWkJ5QhnP8Md,1000,0.000001000,1,1730126886,1730126886,0.000000
6ndTdMtuGoxdsuoJPPe94HX3pv5EnYsLu5dZsKJoQwmE,1000,0.000001000,1,1730124383,1730124383,0.000000
6NfwwXH8MM4Z2Ts6MSm5JVe5oXSNzRjYWTZmGiaFn3xc,1000,0.000001000,1,1729876441,1729876441,0.000000
6nGtfuT3yDdDbTeSD9jZQ7TLHqdz8sQHREcYZk5wpN3h,1000,0.000001000,1,1729906551,1729906551,0.000000
6nny8wW33M3jnn8rGjC2NpX5GdHehj71qrcWgkLkAPTf,1000,0.000001000,1,1730124118,1730124118,0.000000
6NoMvrLjqtGC9n1R6c3R76D66BirYsDhmvA3SpYS2K8w,1000,0.000001000,1,1729944989,1729944989,0.000000
6Nq6Y6u4RjQKzr9VwVoD6zrcFzjkAqhPRCsd6hRcXFWp,1000,0.000001000,1,1729914727,1729914727,0.000000
6nu3Dds2Xkmqz6x4JNKfuLvGyj5KAf2b6dWDwRUy7Jqi,1000,0.000001000,1,1729894867,1729894867,0.000000
6Nu5dv47YAWS9HqERzpo8nPVcLpjmoSNam95LZbJzsFr,1000,0.000001000,1,1730122647,1730122647,0.000000
6nUr26vMHY4gsehozVvJMk9ATTv8kn46hM7brctEVk1t,1000,0.000001000,1,1730054246,1730054246,0.000000
6NWc4916LudS1CiAsuQQ8N3zsmx4sSfwut4q8xH4HN4T,1000,0.000001000,1,1729949223,1729949223,0.000000
6NWcPtwytRwzsmoN58V7yX7qXC6JGpdGV6PSS2E3rRUT,1000,0.000001000,1,1729949214,1729949214,0.000000
6nWqdkymif5E6RVgGngsmdGHhYBiBHbMXx3TDgC89Lse,1000,0.000001000,1,1730084788,1730084788,0.000000
6NWuN5e4HnChpxxkv4ZsPXuJgk3rQ9WkLsAt6GrEiQFJ,1000,0.000001000,1,1729945630,1729945630,0.000000
6nynRx5thRYbsbwTDHaLx78ehjry4EvLmGY8jVfAwoBa,1000,0.000001000,1,1730049173,1730049173,0.000000
6oDCiGkRgL8ZT7RUEJFcRA986YARQi8jmDRi5dKnuQty,1000,0.000001000,1,1730087790,1730087790,0.000000
6oFuzVXG3m7mbqeZDe6vz1B89sbccDTtNTvbu5tmNm9H,1000,0.000001000,1,1730120522,1730120522,0.000000
6p8cJfMmKp7vqSM8YfWiQqQ2nJEB2ZLB25kAbRtyfuwf,1000,0.000001000,1,1730077245,1730077245,0.000000
6pL3mWe1z4ZoQj9hjjc67peZgA9G8U84uGUXSanbf7zG,1000,0.000001000,1,1730127622,1730127622,0.000000
6PQod4dBSfywHgjpyTm5wjN8Gn5cmccooQ1cVkadR1r4,1000,0.000001000,1,1730120704,1730120704,0.000000
6PquPLTZFRGJ4Nph4U5jhyJgzSjnVfkUnFFV8ZYbsunn,1000,0.000001000,1,1730124840,1730124840,0.000000
6pTcJMNqy8iqobDYHSjtYax44XgNmaVC2wsxKKhuDHog,1000,0.000001000,1,1730041297,1730041297,0.000000
6PyJ1yHBquW6PFd4fFjjv5HfkeAFmcvBREinjCMBi9Yy,1000,0.000001000,1,1730112846,1730112846,0.000000
6pYZJLnwbAT6ctxhYgCM1F3NBM4qTYxs9GwDgiNygsZm,1000,0.000001000,1,1730119150,1730119150,0.000000
6Q68gR6q2nXT1GhstSYsMrPpEJXsMagnXN58PPXfKHGM,1000,0.000001000,1,1730120551,1730120551,0.000000
6Qh8AatGLboi2E9HcX2TFj6UyS2HrL3NoXW6UZkFj3k5,1000,0.000001000,1,1730124897,1730124897,0.000000
6QmT4LZ3vtB6BVtrCPBUnm9JxeyrPaHtWwAcWhsQN35v,1000,0.000001000,1,1729884094,1729884094,0.000000
6QsQZXieDNYUUxbvYenVGTbNSzMRfGfmTPaSezkgEe8L,1000,0.000001000,1,1730125186,1730125186,0.000000
6qUzH4zVexnnCVaFwXSzGHdr8ypLgoy57JcuNvAveiCv,1000,0.000001000,1,1730011689,1730011689,0.000000
6qw9avCwNh7unZzzi9F5KDieiTwpguZn5P5B6AysDgGb,1000,0.000001000,1,1729934528,1729934528,0.000000
6qztczrs6W5LnhizNhsEcGzv7GhvWhLas9wsdbqUoq4U,1000,0.000001000,1,1729993139,1729993139,0.000000
6raHTshKsfz1A6Jpy7Nexcpg93hftnER5wzZg1rjtSKt,1000,0.000001000,1,1730199816,1730199816,0.000000
6rD66JDx8UP7crEV7NSJfz9LvAAVUhp2hS5xFpamzHiU,1000,0.000001000,1,1729970356,1729970356,0.000000
6RqhUFVaWoBmMKxEjZKh5yw5TDYERptKDmHpyTwniucx,1000,0.000001000,1,1730120067,1730120067,0.000000
6ryJYd534Ka24am3uorQ1A2FruwQY6zjHT41TPBYTKs8,1000,0.000001000,1,1730128373,1730128373,0.000000
6SeVVW81u2ZoDos6xHJqwkiB4u5sMAZThCuEdjDHAVNc,1000,0.000001000,1,1730081891,1730081891,0.000000
6sHPwQPV2LLwH9XC3UK5XK9KFSkcfBT3ZAbohok3BSqu,1000,0.000001000,1,1730080467,1730080467,0.000000
6sUmgDivPRz57pA63L1BscvmHEtKGzFNWvbkrRr9eJts,1000,0.000001000,1,1730119255,1730119255,0.000000
6sY6mp9hdu7YfxzYahxpaPDbvxzXu9u5TCwuAu64jaFL,1000,0.000001000,1,1730125040,1730125040,0.000000
6t4392C83Pa4SVjWQQsQLwLpcCgWWCpZkN9auMpTdGKx,1000,0.000001000,1,1730125629,1730125629,0.000000
6tM4bt6z986gMGDWrJx5gFARy53QLCyCg1GBeqganvUC,1000,0.000001000,1,1729934566,1729934566,0.000000
6TqdqjWH5xJ1UC1M2sXUVKDZkP4J3cARQZJ9JFzgmZZD,1000,0.000001000,1,1730119782,1730119782,0.000000
6tVAVBVagKtKcYhqinYtDfmuWZbztv1YRykJ7i3iUaKV,1000,0.000001000,1,1730178671,1730178671,0.000000
6U2TkZCpTpTKFGigiGf7i49QaQkh2DN1jZ3N5enWBwT1,1000,0.000001000,1,1730124803,1730124803,0.000000
6U4JPkDunY3Nw9EJowM1M9LbebiJo6q17FsEdi6iNkSh,1000,0.000001000,1,1729892297,1729892297,0.000000
6UdirewVeRJpFGnRuZ66sychj1CGhAppkavGfKuroYtL,1000,0.000001000,1,1729973619,1729973619,0.000000
6ufdL4wkj2YaGqYNZvskavtwfB18FYwWPeusKVrmZ3dk,1000,0.000001000,1,1730119836,1730119836,0.000000
6UFM2JbyeVp3wAFUsKu8ryf71Ve8mYjtR2K96Fgu2vnP,1000,0.000001000,1,1729873042,1729873042,0.000000
6ugTEeqpiEf66HSvYK9xwsNzNcvkBAyd3G93Qu6pkH1B,1000,0.000001000,1,1730076983,1730076983,0.000000
6UXAfeqmgibwAxgf3ALekxhdtb8A34SBcLLEBNavjKEo,1000,0.000001000,1,1730125023,1730125023,0.000000
6V9fB896VaeGvfgUpBAkSgBiG5f854rYrKBD1NJbCHL,1000,0.000001000,1,1730127017,1730127017,0.000000
6V9fZPZFD4kUnmXisfA1imDawRwPfYGXMQa2pGoRkAvL,1000,0.000001000,1,1730041516,1730041516,0.000000
6VEK13svRGxjegN6naHSDnxJDegxLH7xoZy7diAgvSzq,1000,0.000001000,1,1730119715,1730119715,0.000000
6vF2fdk81ZnSq5pFGGHScXuQSNmKAEQWQsczuLLzjcy2,1000,0.000001000,1,1729888688,1729888688,0.000000
6vRsJBR4ZdeyqRmGtYWawyQZENSzePxRQNoJyHNi9fQ1,1000,0.000001000,1,1730121354,1730121354,0.000000
6vVrz3ayU9jBnC48fZCJuHMkSiy5nZPpKPqrQh2xENnc,1000,0.000001000,1,1730119117,1730119117,0.000000
6VXzMtpupiyENkm5nJEkdEaafYstrDzQBQG66eziAPFr,1000,0.000001000,1,1729921006,1729921006,0.000000
6VXzqkUaVkiqHwi8krdCezRpe9Xqsyv75wSgo4P92q7r,1000,0.000001000,1,1729920801,1729920801,0.000000
6w1NMPMjmv5SyrBZidEjwBojbQddFQcrFaEeGU6jq1HQ,1000,0.000001000,1,1730071279,1730071279,0.000000
6w2tz3wU6bPgtYJ2ADkUkuKcEqEStcxCkKmH5WaJhhHy,1000,0.000001000,1,1730110458,1730110458,0.000000
6w61MZpwk1FBBDjVUX8Xcqb7SHdUXoB1jeTXWy8bbjJp,1000,0.000001000,1,1729924019,1729924019,0.000000
6wcpo97bUgeySj7EiHXoit5zoN59LM6FSqKjh2XoaYTC,1000,0.000001000,1,1730124517,1730124517,0.000000
6WF4wDkEfm2aSCVd5wZgQbfuNyaVHJyCoYaN1PU57JjG,1000,0.000001000,1,1730045014,1730045014,0.000000
6WMxhn1Lgftg8eaAKgHExLf5QK6BmpuHnM73V9hZjUQb,1000,0.000001000,1,1730119454,1730119454,0.000000
6wV76e1o4pd2omofZ6puewn7QLbxH7Zkgsp2oVa5iVxL,1000,0.000001000,1,1730120861,1730120861,0.000000
6WvxZhUw5W7PBC3xWjEXXRvLYN6wZyqNi1fTAv1ykAff,1000,0.000001000,1,1729998306,1729998306,0.000000
6wzXFWmxsZVUZxWjo25gLDswYYTBgexAh6mNBYqCqE1y,1000,0.000001000,1,1729921894,1729921894,0.000000
6xb2KiFi4CpmaUsLWUUpL7Bhyjhd1RohpZJ2WmDMmU9m,1000,0.000001000,1,1729932631,1729932631,0.000000
6Xru5uQMzeX13ksx9J1kaedgo3cQzmZ5FFLgUoiB3xar,1000,0.000001000,1,1730117633,1730117633,0.000000
6XsBBZWwrA8zfJjgaLmcDHLJM68CbjXJKDDxqZRARu8q,1000,0.000001000,1,1729878995,1729878995,0.000000
6xXa3q1agSvgNgLUK2QkXNYpgzsoYP4xGCowpLvnXtQT,1000,0.000001000,1,1730082077,1730082077,0.000000
6xXariY8hqQi4Cp5bzWJMXFm5tUzjZSJv1tA7qnTmw4T,1000,0.000001000,1,1730082196,1730082196,0.000000
6y38XRNeJgvaprEHGSWD7vcMneEsjmXDTmuoTJyL8s1B,1000,0.000001000,1,1729909984,1729909984,0.000000
6y38zM5ST7suwdf7JD1Y8WD7K4n4fNra7YiD6BNFhD3B,1000,0.000001000,1,1729909961,1729909961,0.000000
6yfVx2bZwyssBbTorogz7uaTnY6tfbspXpHoSfjTYuup,1000,0.000001000,1,1729944891,1729944891,0.000000
6YJ7jMsRhzLi5tXJVzKCBgokArfoHb6cFnP3yYB3VXaF,1000,0.000001000,1,1730124203,1730124203,0.000000
6yq4ZyDsc6B8wjEEjTkKqh7sMGoeMwrRTm1DLcMpp5mD,1000,0.000001000,1,1730101128,1730101128,0.000000
6yvQg4zpdtvakiCay366zwwKhNRM231GzrbvRGCVpRB3,1000,0.000001000,1,1729939371,1729939371,0.000000
6yvQrKGoqPAYwE2M7bxGLazaAuGi8xRuQB6Vzru5jbB3,1000,0.000001000,1,1729939521,1729939521,0.000000
6yvQXnbcGc9zDembZsX4TGoM44dkg81ZjaZQPnKcUEa3,1000,0.000001000,1,1729939326,1729939326,0.000000
6YxFrZtq7pjwjGzQ3MukbNT4ruXGJpsiB5wvwAboUVAN,1000,0.000001000,1,1729895992,1729895992,0.000000
6YyTzjRYHCA3ood14ceW2XhcTHs3g7tgPzkhw2Fv9W9G,1000,0.000001000,1,1730014755,1730014755,0.000000
6YyYuBaHigkTXj1GBFoj1tep1cjnc1KfT4rbNnmAWCTs,1000,0.000001000,1,1730130584,1730130584,0.000000
6Z21eX8o5jvWvS8bbaWJbVGPPSjH1GJ9n8yxPTgvyy2L,1000,0.000001000,1,1730131768,1730131768,0.000000
6ZDi6BT6JH4CCLCPEzyEnnijYMEJgHNzxR895SaC9pjp,1000,0.000001000,1,1730124217,1730124217,0.000000
6zg7jp1DaeMTs3DZiiqvei17nA7n38Wcv2PEeg7jiFGJ,1000,0.000001000,1,1730124972,1730124972,0.000000
6zJrXMe1CcgRA8aR5WzJuc4W5KWeE6qZePSCDUPPpXMa,1000,0.000001000,1,1730119935,1730119935,0.000000
6ZLjoy5dP26j2nM526zRHtMpN36MXC4X9AQBV41iHW5U,1000,0.000001000,1,1730124683,1730124683,0.000000
6zMpbFMcb6MFowNZCtwakxqAwH6TgSWpkBjYeSseBetd,1000,0.000001000,1,1730119716,1730119716,0.000000
6znKA25cjR4kgPwSFwSSJktwj1LagzLAN6vzXySuYdMw,1000,0.000001000,1,1729932352,1729932352,0.000000
6zwKPG3MK9bm9AQkbhLmjdVZVo7ENynZuYCcx1VkG7HU,1000,0.000001000,1,1730057459,1730057459,0.000000
716SRauD4ia53BYignc3ssiSH51jxTuNqMA2D7HvehXG,1000,0.000001000,1,1730117631,1730117631,0.000000
71ja5R5hwdYU7iWpigQFz2X4novqTvvKPibbxa6sPjtp,1000,0.000001000,1,1730112176,1730112176,0.000000
71rvJXMQ8jrDr8L6p7S2jo2wE9no39WuMCyVrmRpxxd3,1000,0.000001000,1,1730127963,1730127963,0.000000
71SkPUMeukXyajgQfx5ETZuQadmNDjEtnPfXwyNuN9F6,1000,0.000001000,1,1730118457,1730118457,0.000000
71xo69j6CayxsPaSGTfxa8JCZiVTCv5JRFDfcSuAziuE,1000,0.000001000,1,1729910886,1729910886,0.000000
71xoun5wSvWohP37fRxLVmHUzGyxJN7vFiYRpJLYbh2E,1000,0.000001000,1,1729910891,1729910891,0.000000
71ZPbkgXv5PnWA8hbayLMFr6HgDyw2fcRzdwQKKjdA2X,1000,0.000001000,1,1730124728,1730124728,0.000000
726NTNoeDjmLH4UbbBMXMWLgZFiMeUwrERjEefjFwYRU,1000,0.000001000,1,1730109825,1730109825,0.000000
72EL1s24iezpJ9apNF8mkGNNMJtAQZhwDV9ZcvLejrMn,1000,0.000001000,1,1730119889,1730119889,0.000000
72i6T3vyKyTX4b15y4bN6EeQ5iDGHaHGPgg1S4mwMVfC,1000,0.000001000,1,1729874208,1729874208,0.000000
734a5PrFG1RaFaSL7qBsGErLx6cS21L53tC43EwT7odL,1000,0.000001000,1,1730120214,1730120214,0.000000
736KNPc1PhLi7JNkyhLhkiNpUj5eDwiSTZ1yudxVvwwp,1000,0.000001000,1,1730124885,1730124885,0.000000
73VvH3DJybA53oKSzJiRo7eTVBQQQKNn4vsHotZJ3cqK,1000,0.000001000,1,1730124855,1730124855,0.000000
73WjLvEFy6eoZ33zXd6w84fxsgsMeEAWFVD4xsYV7iSx,1000,0.000001000,1,1730089638,1730089638,0.000000
73yph8cSwvKiPCuoepn39c4CKXb7srsFVzCPh1WtedPc,1000,0.000001000,1,1730097941,1730097941,0.000000
741rdipdYtoxdgGcDE8PQFj4gy1fQobeygKhmP3HJ6qi,1000,0.000001000,1,1729943725,1729943725,0.000000
74hbdd2tXTD7AJ8dyf6gUbVguoP5L6UCfYfSXwWuM3PS,1000,0.000001000,1,1730096830,1730096830,0.000000
74hXyYQSc91feMej4nMJ6GHjrcDUEY3Abmp5Xb55PCKj,1000,0.000001000,1,1730119968,1730119968,0.000000
74MF25m4WvZnbnbib5jw5gP132gVzgBa8PtztfXEkBUv,1000,0.000001000,1,1729896928,1729896928,0.000000
74PbauMgT6o8UXU3LmTQ7cU5XLmXjdcoYKTX8AAy7W9e,1000,0.000001000,1,1729988374,1729988374,0.000000
75dmv9vwZdhZZ4PJW4BU39f9BsFcK9SVVWzvCgbGppvn,1000,0.000001000,1,1730094211,1730094211,0.000000
75NvGkffjHu1joN6cJWUiGBw1VSseDtRWu1dPnMgDNAM,1000,0.000001000,1,1729950586,1729950586,0.000000
75PK17nSTussEtKEtU4wsRhHZrZiGGu7AZr65wTyuU9T,1000,0.000001000,1,1729890303,1729890303,0.000000
75qRvijHaaxQzhAA6K6md5UyBxC37zJmSfrQgZTp6Cjn,1000,0.000001000,1,1730120113,1730120113,0.000000
75R5V9yP6QVh8M8yXpoBb4a8vpWXWLVAsHSfvZBozqB,1000,0.000001000,1,1730121396,1730121396,0.000000
75Z2TULCWEH7ESXM6o2gG3kvjNfH3N2vpSvnai3s33Q9,1000,0.000001000,1,1729934659,1729934659,0.000000
76mk8ehXgbTpJkGF2dkp5hizC1F3WcQUWfVZtMYztLFw,1000,0.000001000,1,1730118570,1730118570,0.000000
76TkFRhiueNHSMHwMidb9WW7PECkRP2tjYTS8CGGqEKr,1000,0.000001000,1,1729875064,1729875064,0.000000
772fQMYavgGQTryny8zKHv5a6zwbRH1gCTvJe8Pp5PQZ,1000,0.000001000,1,1730125109,1730125109,0.000000
776p21RLZAcCsYnumMThVmAV2nLiU6nYZLGB9pptCrNE,1000,0.000001000,1,1729887369,1729887369,0.000000
77DovdpgKLnvRF7xg9ABVWFuyPmknhW2kirka4NDcRvw,1000,0.000001000,1,1730125079,1730125079,0.000000
77jW7dQm8SA7c1uXXXhKh3idmLkFyXSWNnTZ9icNrjRy,1000,0.000001000,1,1730120285,1730120285,0.000000
77jzkH1npBopGPAPrEyRSZenyBTbmWL96xESbdajUx12,1000,0.000001000,1,1730090126,1730090126,0.000000
77jzSfenFxKLMX7Zw98e4NadB6RnM9VKhuuneWqzDWb2,1000,0.000001000,1,1730090023,1730090023,0.000000
78awqii2xCz6ZNxu3yT6Ha2EQCjHLzadU9FvMr3eLY3R,1000,0.000001000,1,1730082165,1730082165,0.000000
78TC9s9ZxMtrLLzLw8HdX5n69kgHWRNtjpgep2oS7U1X,1000,0.000001000,1,1730059984,1730059984,0.000000
78uNmcsYgwjMUq5VMJP4exPdCzZfUU2QXkChYFsxzmhb,1000,0.000001000,1,1730131596,1730131596,0.000000
79C9KAzEhwJtfvPaEKr2QYWHK6whqJqptmBYSTzXVdLD,1000,0.000001000,1,1730089899,1730089899,0.000000
79CmArsyj4xxk5BXgf4XQEff51sf6F2GR2xoBM4BMj3h,1000,0.000001000,1,1730050703,1730050703,0.000000
79FLo7LAnDApaaWy6ven5rL9Ca7zDFzmjLHfPvSuQQ94,1000,0.000001000,1,1730120693,1730120693,0.000000
79PioMEa2b5iszmnjM8naSzy38Bhum46iJHWF38fLsjh,1000,0.000001000,1,1730109406,1730109406,0.000000
7acuYqHeLANUrt5izsQRMNppuGwRoH7VWsWBaVpDVYVs,1000,0.000001000,1,1729880666,1729880666,0.000000
7AnUcRavyu8d84DPN4vxuuP6MYp2GtzJRU2XJqjdho3v,1000,0.000001000,1,1730124933,1730124933,0.000000
7AqkAhV56N2rvKsESBuvtBhd44sGm4PrMdNxbR39QMpQ,1000,0.000001000,1,1730124375,1730124375,0.000000
7arKnY6WqekG38tc6uzFjsGPFdMg5SiYnFNBHkvdjswC,1000,0.000001000,1,1730124703,1730124703,0.000000
7ASbu6DKa7CY1FHYushjb94Pjmj4EdPm3aHNVPuorbLt,1000,0.000001000,1,1730119478,1730119478,0.000000
7asn2d7Ct411uZV9q5JnmTyq3APi13oTBq9SLfR7aqMo,1000,0.000001000,1,1729931915,1729931915,0.000000
7B1ZkCeHiyn1UdXRwPohxfWW3vJJ65RJPNPsHP78W8bf,1000,0.000001000,1,1729895754,1729895754,0.000000
7BJvEm83W2yFkMGeqYk6WCag9crjsfDEaBuzWKPZoc1s,1000,0.000001000,1,1730130903,1730130903,0.000000
7BpWtS5uPJR8U9KEL12d1vWcXThxaeem8PfMVE7JnfAy,1000,0.000001000,1,1730113552,1730113552,0.000000
7BpWYcxf7wjxmdWaYYa6vfJepeEdnXfJyJB9QyT6CYXy,1000,0.000001000,1,1730113337,1730113337,0.000000
7bqfAVb1RXctRXQQYF9sQrwB7XvvyJGEdxkaLoeL1odB,1000,0.000001000,1,1730125186,1730125186,0.000000
7BWivrtVvSz2xPzoeUtZjhgF9KybXmf7dprBSkk2zrCz,1000,0.000001000,1,1730092642,1730092642,0.000000
7c9FmEcL7f8SbbgtGKkYfRLvuUgXW9kwYBf17VcxjYZg,1000,0.000001000,1,1730119363,1730119363,0.000000
7CCQPysxnPiFwiMcWeNgYD32C93MW2k4tMpKR5PENBBj,1000,0.000001000,1,1730124910,1730124910,0.000000
7ChhyYuYxy9oDSQJDmu12d97gAjPUUQkEohrECmBU1uR,1000,0.000001000,1,1730124467,1730124467,0.000000
7ChrHbtNdsZYFYsAStwqjLb7WLCPXw8FUqcxXKY2PrCb,1000,0.000001000,1,1730118510,1730118510,0.000000
7CNTY5iEAq5D2t4jpU8SjLb5YoTnQyfCTu2orUNgLa16,1000,0.000001000,1,1729908157,1729908157,0.000000
7csuBhD1tPBHuYfXcjkVNnmBEL18PeJCeKGjutYQY6MH,1000,0.000001000,1,1730120214,1730120214,0.000000
7cWb6wtatFb9oea2YuTW5fUMWNdzaifAHpoAjgGXG6k,1000,0.000001000,1,1729971996,1729971996,0.000000
7Cy4nuhdidwGhGTCSyZsSyApKDvtqfdQ8MLPZSe2jgpT,1000,0.000001000,1,1730043485,1730043485,0.000000
7CYDeKYcyvgrKQkDB45ZEgsJGTVJAhEBRHo1XVdXHL2i,1000,0.000001000,1,1730055422,1730055422,0.000000
7dEhidonojZHJnYoVcL1CeQ2hFAgWGLg1nd31ENo9uJJ,1000,0.000001000,1,1730125219,1730125219,0.000000
7DfN1LtyvH5RqVAQSEEkaZ81PZvvkyhfXgt8ornikMTM,1000,0.000001000,1,1730120241,1730120241,0.000000
7do4Z1GmSzfuY3aWtJpCcXfozjDdoihMPeVSkKFPBg6T,1000,0.000001000,1,1729887880,1729887880,0.000000
7dSLyVbQJCvE9cZP18hMP421gZAmBjB8Z3iyTRMb7xj7,1000,0.000001000,1,1729874629,1729874629,0.000000
7dsm2bTuM8ZT1cbB6foj7Njn3nLyiV9SWmWyeAnfE2nn,1000,0.000001000,1,1730118538,1730118538,0.000000
7DxbmcsWavFfyhzdkSspiAmjH1MQC8vs9GEgogajSBVX,1000,0.000001000,1,1730082691,1730082691,0.000000
7DYYQ1XaT92u4n6nhqPW5Dfu3J1hmAACYsqkkqUbo8GS,1000,0.000001000,1,1729871725,1729871725,0.000000
7E1n2tHeL7RipaMFd1hBh3y2B6djVcdHXQvzWLSRPdRM,1000,0.000001000,1,1730119606,1730119606,0.000000
7e3o2kNn15SymnthUQbkSiVS3dryeXvJcpp5mXVpftFC,1000,0.000001000,1,1730119103,1730119103,0.000000
7EghEVDL5H83GnpoFfwZayazGBkYjARwegviJkgVscn2,1000,0.000001000,1,1729959835,1729959835,0.000000
7EghTswuYPMxu4LJPYoFPs9Pe8NhmvaHQFoeA5WJE922,1000,0.000001000,1,1729959863,1729959863,0.000000
7EUM5H1zQYeUWcAmtuMKnReoPmHZtnAP1TD7JXMec88D,1000,0.000001000,1,1730072377,1730072377,0.000000
7eVVpS3sS1grm9sQjUNUzPez9a6KRwJanDt6gSWFGrDs,1000,0.000001000,1,1729875858,1729875858,0.000000
7ExBW23CwGV6NaZaG6y8j29zTfa4xo3ymhRfCfmJTpsR,1000,0.000001000,1,1730116331,1730116331,0.000000
7FF1Jn74ejVxtkx1XbME1KGN597SUgEeRtxqjjPM7RuQ,1000,0.000001000,1,1729958764,1729958764,0.000000
7Fk7VKYVeCGiSJSBkNbg3ZHtYt41N8RW5ncVRaJZi9gK,1000,0.000001000,1,1730120757,1730120757,0.000000
7fLDNJt928yhQYWJZXPW7bnZUeCozuuRMCcdhkSfu87q,1000,0.000001000,1,1730124466,1730124466,0.000000
7FoETLAVYrxQSZzRXyKX8Wx4KEP8vqCrNsvdso6Xd3o,1000,0.000001000,1,1730120775,1730120775,0.000000
7FoEURyDMtPyx42VryZcqBSSEgHkzUtcUCxP2MHQbZYo,1000,0.000001000,1,1730120635,1730120635,0.000000
7fuhFRUmoEL96vy6k6e1fYwRVfLmjv8Q77meu2VcoA61,1000,0.000001000,1,1730106113,1730106113,0.000000
7fxftYGjwKx4ghHje9XBQDd9xxx8UwtPbn9aApDxpxhf,1000,0.000001000,1,1730043726,1730043726,0.000000
7g1cFQPkxbAp6iLM46D3ToLTzVcaLNDEjF3mQ3tTga9T,1000,0.000001000,1,1730109147,1730109147,0.000000
7g3uaPBfgCMzUSUiKn9bhGmrP9PoP4qePFH65YLnzJ2p,1000,0.000001000,1,1729945507,1729945507,0.000000
7G8jWMK2v9zx7DAtgvpdQF7cuQQYm3dyPmmgnL9ssmSu,1000,0.000001000,1,1730120693,1730120693,0.000000
7gAD3xZp57pLkoErXx2nW62WH4F5PEgu4nUFpYV9gqxN,1000,0.000001000,1,1730124554,1730124554,0.000000
7GanahW1MtKiHVfgCdBgutVCjpGFnBzcuwBW6p7JyYM8,1000,0.000001000,1,1730126549,1730126549,0.000000
7GB8kVnztfP7ASk7WRZBC1cwJs4t7bFmL82vnorp7s14,1000,0.000001000,1,1730118572,1730118572,0.000000
7GCGTzsd2tzvUhuLX2DX6uLb2RmihAbPBpzv17BumF16,1000,0.000001000,1,1730116329,1730116329,0.000000
7GCGuims41biXNGwktjrakdhhxZUfEkEAkByUJmyQkY6,1000,0.000001000,1,1730116206,1730116206,0.000000
7gTdGRBPJoxz8cuYGw8Ej2m1YDfaWiiqNZhXuKPCZj1z,1000,0.000001000,1,1730119889,1730119889,0.000000
7gTdYcnkfgY3C6U2XLXDneMgdXrnNFZaYvBJX3Rkfpmz,1000,0.000001000,1,1730119788,1730119788,0.000000
7gwjN4sRH4wCDggdPcHZW1yfbv9sKe6E169mnpgZDGCK,1000,0.000001000,1,1730125126,1730125126,0.000000
7GwMKxJwUf5DWoBf476cFaDh3Eb1q55BkLwUrPV5ZayQ,1000,0.000001000,1,1730088725,1730088725,0.000000
7GwMR3ZAysSJNQLkipVVqGzM9dAzg1dwVg4ozCBb8o6Q,1000,0.000001000,1,1730088858,1730088858,0.000000
7gyjqCsdPHqQ3W1AFSLhH5zZxxJY6jmagFZs8xVed84e,1000,0.000001000,1,1730076444,1730076444,0.000000
7gzyDnTKSpqH7aMaFLFwELPCAozKmukEcHHiPRCxquA1,1000,0.000001000,1,1730120026,1730120026,0.000000
7H3MqSHy95iYN9xnHuKjJd2oZ6MQWc1RATqaoinnb4nH,1000,0.000001000,1,1730124711,1730124711,0.000000
7h3qzKUiPCktieqBN8P3VtK9UbMLxzkPStVP6tFaWvqH,1000,0.000001000,1,1730120832,1730120832,0.000000
7h4r9YdL7harm5435LRAvcYY4Ry5UJWQXa1MNsH543VJ,1000,0.000001000,1,1730117564,1730117564,0.000000
7H76bPbQFBNhYEtF5TMBm6xeXGJsQEeJ2cw94yGG6i9V,1000,0.000001000,1,1730119939,1730119939,0.000000
7HB1fB53bS7RrFuXJ157qmfCuLXXXLbxoRJaNJkp64rf,1000,0.000001000,1,1730048305,1730048305,0.000000
7HB1U5ebA7tWNBTmHztHctn8KVsfpGkF48XUqtNXN9kf,1000,0.000001000,1,1730048137,1730048137,0.000000
7HgCNEVnNjCQJrBg8rksh7cf9hYxZ4bMTE9rDzz5SE7,1000,0.000001000,1,1730120693,1730120693,0.000000
7hiAeKXTZG4FExG4fL9hi3pqSaaAN5eMFnVuyFNtBQjg,1000,0.000001000,1,1730127111,1730127111,0.000000
7hmtkzE5VwuYzEkH4Wesi2Xq3XhErmFXVZ1N4GGgTgXp,1000,0.000001000,1,1730117648,1730117648,0.000000
7hSvfmMq4afDv5YvH6BTiXqQeCvg9MZ8nCeKxW9qL7xd,1000,0.000001000,1,1730105563,1730105563,0.000000
7hXQvyGjbT7cXCKw5ppk2YDjGpqJo6kbWPZqfk9wLhnv,1000,0.000001000,1,1729884404,1729884404,0.000000
7HYvrmtqoC46s6GFVAk2fwSvWeU8k7w9RmnGfCuiZeKc,1000,0.000001000,1,1730119327,1730119327,0.000000
7i6qugn3cS99tXmftYM3MysEYxwwfattNFQrd3YYpk5v,1000,0.000001000,1,1730034916,1730034916,0.000000
7itrr9fKLA1Yar63trTTo8Dsnc9PdSuwUbifcmad9C37,1000,0.000001000,1,1730128055,1730128055,0.000000
7J5r8AJEQPzWARKJmXUXqCUsL4Zd8mc8jCguhSawg6p1,1000,0.000001000,1,1729872778,1729872778,0.000000
7j9CeudqVK8v8c3GaWEra6EKrmyXoCV8d3EbrKKwHFDx,1000,0.000001000,1,1730119208,1730119208,0.000000
7JFox9UMicAvRYeScF622YQY1ziHJWeqUzoH61LcM7L5,1000,0.000001000,1,1730124637,1730124637,0.000000
7JhyMvYJprvnxVL8XkSUPJhcqEKGVEnSq2zSrSXHTZYZ,1000,0.000001000,1,1730117555,1730117555,0.000000
7JiJjmQmaUKdNidomWWou1Wa6gw97bSjLka9THVk98xb,1000,0.000001000,1,1730119308,1730119308,0.000000
7jj6saNfRSJ5FTLYCt1g3s2PVwbcdNNLjWo6RU5JkY14,1000,0.000001000,1,1730119961,1730119961,0.000000
7JQsQkPprkHdZzzXeinJsCGRTgxoj9jpkip5XwLF2jv,1000,0.000001000,1,1730121681,1730121681,0.000000
7jTsYEvXUmwMKpHZu3vRUhGS7y4JWy3VttjZ9FoXkuxa,1000,0.000001000,1,1730042180,1730042180,0.000000
7k4PACkQHVLzzL5LBCTWi2MESDEpSscN4TUh4MjTr1V3,1000,0.000001000,1,1729995994,1729995994,0.000000
7K96RYFKnjCdLjReemhcRLfRHnYwjxFkUU8AAKtV1sFx,1000,0.000001000,1,1730125158,1730125158,0.000000
7kBQJ9TMYf7H1J5UJUWr341sEGqdDvTNNnsEMVscEAg1,1000,0.000001000,1,1729932445,1729932445,0.000000
7KFizDt9D7hn3fBkfvqwxcDQd8WK6wSvm26FqZGehTjH,1000,0.000001000,1,1730121335,1730121335,0.000000
7KLfeGBP9S6oXPzu9XFUaMg1qMGdyHWb8EkjcaEwp89d,1000,0.000001000,1,1730104141,1730104141,0.000000
7kvwCps8pD6miZCJ6D5bpFjFHJcrtEwSA5JnDEwirv3y,1000,0.000001000,1,1730101268,1730101268,0.000000
7kvwMp8VtEvPdvp42zwTUArK9hkCEU25bWvuLPiRC7Vy,1000,0.000001000,1,1730101173,1730101173,0.000000
7LeBmXFFwFQNmRp5P2eaqwjKVAZo5D7tKFTRCKKM8X7o,1000,0.000001000,1,1730119868,1730119868,0.000000
7Lp8Dorj8mCvWkTwyzzap8YbkCg2VXFqNTX2Bp1WTAUc,1000,0.000001000,1,1730099557,1730099557,0.000000
7LRorCC9ZcN6kNDGp3R24dbjvwV7SfkmT6W4MTb6LE6d,1000,0.000001000,1,1729964178,1729964178,0.000000
7LYqc4MoPyXrgsiCirn2YZRh6AWdsbEf2WHzgY5ydJ9B,1000,0.000001000,1,1730043638,1730043638,0.000000
7mgvLAejnW2R5pE4CfMZbSqeNVfoBKdq8W2qRRHzjfBz,1000,0.000001000,1,1730121965,1730121965,0.000000
7MJDENZdWJRRsWbSvgXzgyEYevRWfazCkzXknizmn7Ee,1000,0.000001000,1,1729952639,1729952639,0.000000
7mmiqYf6TQ3kvX2UpPJYCVfeLvG7fGMuor6pYU8pfQ4Q,1000,0.000001000,1,1729976434,1729976434,0.000000
7MxgPqncsTSeNuGV4ASQvmgaoUWuMCkeTxUwGm58xNc6,1000,0.000001000,1,1729894487,1729894487,0.000000
7ntk5T6QSFZMCVv4514z8EqFQDMA3MHBr3XW48gpQcVN,1000,0.000001000,1,1730124510,1730124510,0.000000
7nXs4qexA2u4rA8Aj1xA8PcV8MUqPfvXYCf4878nYB8b,1000,0.000001000,1,1730125482,1730125482,0.000000
7o3cD5ZH3uiuH3wP5JFiyfC1CeQR2vAkxwH24x13Qnpj,1000,0.000001000,1,1730119558,1730119558,0.000000
7o521ifvYtabQNgFwMv3uMwrUjJYhsfoWeqFUhcZpKq9,1000,0.000001000,1,1730119648,1730119648,0.000000
7oFi5diPz8mfARsoYUUiTZL7xAP1fLoQrg91y4CBukq5,1000,0.000001000,1,1730118379,1730118379,0.000000
7oKwUQc4cNwnpfJru6WBqAaQFs1vErxBrBumG7EzqM4B,1000,0.000001000,1,1730050087,1730050087,0.000000
7oncyipNGPt23466HGNcnzXBL1EhMmry2FWELh8C5Qxo,1000,0.000001000,1,1729933910,1729933910,0.000000
7pbkcAYnWF1qQzNGWWrUf9JzafVRtE58xuqMdo2C485S,1000,0.000001000,1,1730095516,1730095516,0.000000
7pbkJ42ZkSKKaHPs1LgZE5ZnNZYAe72z5yL8K4Kj3m4S,1000,0.000001000,1,1730095628,1730095628,0.000000
7PbNZmeC5saVcxoLHGSmxhBaZRGCjLrYk3axMGqm6V4R,1000,0.000001000,1,1730124501,1730124501,0.000000
7pdqHDSJwtXSQsdf2vmwF5CjSNHKibZ1rYmmgvKpqija,1000,0.000001000,1,1730124838,1730124838,0.000000
7PGKZ6sZZAbBNZF4MidBkYdRiw7jDnhjCwNL8M3CXUZz,1000,0.000001000,1,1730124313,1730124313,0.000000
7phLbuwhivMTwJdcVKUE62He6nAZ453Qk2FZ4AcpCE5S,1000,0.000001000,1,1730055279,1730055279,0.000000
7pHmmszBD64rCETdRKpwx5yXUKf9NkvpaLSevyKJ69RG,1000,0.000001000,1,1729991396,1729991396,0.000000
7pL7VQHhvP1ur4wH6514E2b9hJ8vWJ6fvtqaEw5eKx7F,1000,0.000001000,1,1730124763,1730124763,0.000000
7PMYw6qq2enFpF5g51yYXDN1zBMDCGp8TrdFC6Z95San,1000,0.000001000,1,1730117641,1730117641,0.000000
7pU5uTbjgDxKEMTuDELFEsMY8SSpob3Zddb7Gw3E2FAm,1000,0.000001000,1,1730124767,1730124767,0.000000
7PZikfWZDbcgXM12iNSqF5zDeoJUmW22qrRqZ2PxPLx7,1000,0.000001000,1,1730041490,1730041490,0.000000
7PZugNNPh9mb3B1Tyx4pZcEWJ4trhd1CNW7ixbZ3zBm4,1000,0.000001000,1,1730125109,1730125109,0.000000
7Q5CQr5zs5vRxssbp1E5s7eEoGHAUMeWPnBpWbeWcP3a,1000,0.000001000,1,1730123699,1730123699,0.000000
7q7xhrvLbU4TsncCHZvWjTYmCJMueLSnWSxoDTjeEp8Z,1000,0.000001000,1,1729876287,1729876287,0.000000
7QaB9iRJm4QCbLGv17psgZ4qkDFYaS5uiC4cJiuLNj5s,1000,0.000001000,1,1730120518,1730120518,0.000000
7qgR1wjcb8WXdbSLtL3QTHaaWtKVuE8VrC7C5KCQNRhz,1000,0.000001000,1,1730105997,1730105997,0.000000
7qgR5b7Jg5nGKKQf8JodBiJ2KacBSovkU7g6QyftDyNz,1000,0.000001000,1,1730106115,1730106115,0.000000
7qngNb7Pn4Ujhx7UHCXjjFDXjjXC9j89684WboF73Bp2,1000,0.000001000,1,1729964233,1729964233,0.000000
7qqYdREU1QKRQePPGWzK7C6JA2pnXNCit2sLd6fndL94,1000,0.000001000,1,1730125196,1730125196,0.000000
7QTHmYDCpbmYs5Wb3jN8QHFV7jXz9jUnxFjxcwTQGCaw,1000,0.000001000,1,1730121675,1730121675,0.000000
7QTs1yKKjFJpYnz3p4YNwCN6QKowRQqryGqhTBysNY8d,1000,0.000001000,1,1730051750,1730051750,0.000000
7RmNNqTkNf4MgAp8b3VvRtGCS5k1o8JQxixxbcLJaUSB,1000,0.000001000,1,1730125027,1730125027,0.000000
7S3VoxgLNFs4rRhSE6VTN9kMcCJovyK8E4Fb6rbThhbU,1000,0.000001000,1,1730089844,1730089844,0.000000
7S4GYEvUQ4UnchRTNsveU55fNCxJ1VdZaQR7C9dmxbUb,1000,0.000001000,1,1730122842,1730122842,0.000000
7s6jDbxcqucPEQz9qH6DKpAgrnUYDgg3ypvuqDdkoy1u,1000,0.000001000,1,1729960989,1729960989,0.000000
7s6jDHdCxVL2RDEcJGtNy9vqLxyqvnwpbtn885NnkA1u,1000,0.000001000,1,1729961038,1729961038,0.000000
7s8Rx8ZLo1QYcUhjqL8GtngrKMespN67vnbb6pfJv8rh,1000,0.000001000,1,1730119349,1730119349,0.000000
7S91xCDX9YwxMmjcNzAghJhYVMffFVNXx7cSZYpbyyGZ,1000,0.000001000,1,1730119741,1730119741,0.000000
7smy3qRSREMrsUBMERCvkpdFGao75iSUqj7dMjzcDZ5q,1000,0.000001000,1,1730107500,1730107500,0.000000
7smyi2WbNGKRsFrWghaq9zVNug82ecxrS75kYz5yyd2q,1000,0.000001000,1,1730107400,1730107400,0.000000
7sTwkKJmi3wACdp5gESdQbR5wMF4QTSLdxYb1Whxwjgk,1000,0.000001000,1,1730119823,1730119823,0.000000
7sWpbFz474niwRKXNnA71Mo53h6a1jaZ7fEAS6hhTDfW,1000,0.000001000,1,1730119428,1730119428,0.000000
7t6SBu2BWy2UgvZh82aLtbUXd3jC4vVJ6Xwg5kUVQUNr,1000,0.000001000,1,1730088325,1730088325,0.000000
7t6SGajgZSKJHEVJRyj235LFhCwFJwennQiGazy5je1r,1000,0.000001000,1,1730052745,1730052745,0.000000
7thvbYVmSo8Ye8QvkpNNgAkJE5T5kY15hSxQJrRiUn4P,1000,0.000001000,1,1730110228,1730110228,0.000000
7TLZYcNibT5kPLpjVWcbAjmh3fN9gYFxZ62ikTJ2Ejbi,1000,0.000001000,1,1730119237,1730119237,0.000000
7tMyxZSMUikizFq93XmiHLExx1uqpHDcSBJS9zFbmXc1,1000,0.000001000,1,1730119110,1730119110,0.000000
7twmbkiP2mgyZXCYVKbpzkkFnP1GYMBtGUm883GPHFmg,1000,0.000001000,1,1729931906,1729931906,0.000000
7twmx6wJ6GynEM85gKfaM8mn9ChTRi5RZsMCBnPt6Cfg,1000,0.000001000,1,1729931831,1729931831,0.000000
7u5CP2kKgPqUKorQJyXYHBJURT1wf16o9JLUxnxbZsNZ,1000,0.000001000,1,1729891534,1729891534,0.000000
7uexFF6zMUQhoPhJ4azfyH7GzVxPvkAHKJGvWsuy2pb2,1000,0.000001000,1,1730125028,1730125028,0.000000
7UQG8F757pyysuN9EVHtWMTFLF33EMGcv4LAxznFYkdk,1000,0.000001000,1,1730121223,1730121223,0.000000
7uVjvSgorw2TRyHF2Rju5VPipbyUjUDFbiT6Yj19PHs,1000,0.000001000,1,1730114645,1730114645,0.000000
7VAEqRFpKRfR93P4VD3WZTrV7soamnTx72R59Ucdksuv,1000,0.000001000,1,1730118061,1730118061,0.000000
7vgWVFWc7EKE3TGKVmCXX1ApoMDcKBbW489KukeBgzEF,1000,0.000001000,1,1730120036,1730120036,0.000000
7vkk4RHV5SCBhimCqkyBGmoyA8tTZu16RKJ2eQT8nB2T,1000,0.000001000,1,1730120260,1730120260,0.000000
7vS1wdKfN9KmycyedCNXzZRVAutduZTmuUJeEPqj8BzD,1000,0.000001000,1,1730117564,1730117564,0.000000
7VSBYPS2ZiQkjver5JzqWs7z4W1HRXKxa16GeuD9RiJo,1000,0.000001000,1,1730125599,1730125599,0.000000
7WHhyrsYXEZQ9jX2dP87rYRPM4geSZ5hnNJRQFS73Mkf,1000,0.000001000,1,1729976249,1729976249,0.000000
7wicspyATnq41kdwwHRqjNDNx6HfHQJ1ZrCUW9o1rpBS,1000,0.000001000,1,1730125165,1730125165,0.000000
7wjhhEAvLYqo77pmy8BTC4EX73ECEn3NQgWgZfECVjnU,1000,0.000001000,1,1730127036,1730127036,0.000000
7wjhWRFvXRa7BAjHjTcs62BZiTXDcKAx2zMxRkGMtciU,1000,0.000001000,1,1730127257,1730127257,0.000000
7WynPPeiwsk6D3tzG3zJqtkuQxgw9b4pyNcv7aeWUqPX,1000,0.000001000,1,1730094495,1730094495,0.000000
7WZBZQabdeBCZdA1xk1AYAfB7JgmPM2N1pbYqb8sz9BF,1000,0.000001000,1,1730131951,1730131951,0.000000
7x43gYFdfYDdXaRgNyPFvUn99gGy9BQzL7B6HtCuMF1x,1000,0.000001000,1,1730129570,1730129570,0.000000
7x6KQt48widqvCvoucHrEFjxXy5DcSS9pjBvvDrwK1C6,1000,0.000001000,1,1730095676,1730095676,0.000000
7XEMCycicwaSGK9hbSv1jiifJtkR5QPAHLYEJBFTrGgg,1000,0.000001000,1,1729998361,1729998361,0.000000
7XEMm7idBXgSdeHBaJAeCtDYTLpXz2e1ekro8GePVgRg,1000,0.000001000,1,1729998391,1729998391,0.000000
7xJRZtd9GRfsfteMJoQMgNCCVf6jD4Usm73kZ7UgMvGe,1000,0.000001000,1,1729960456,1729960456,0.000000
7XKJP7x8kCKaUJ7kDjAWLq947Kg4UUDr6mX3ot8JdGK9,1000,0.000001000,1,1730121133,1730121133,0.000000
7xn5DyehWWkkdfrXHgJ6UDBmUPWmbu5P7Qz7t1neTMMr,1000,0.000001000,1,1730125114,1730125114,0.000000
7xNQCYKuvWguNb3XLHTRSCFKaDfC2MLuM5g6zMrPsAur,1000,0.000001000,1,1730117858,1730117858,0.000000
7xQjz9ccpLV8sqSqLVf5KcV63v9WYwdZCS4XP3gpwq7e,1000,0.000001000,1,1730125219,1730125219,0.000000
7XSJDL9CmHPu1dr9MLLurAsThh3hNpwxmiRXjeB9k1vM,1000,0.000001000,1,1730125424,1730125424,0.000000
7XSJPjQkGH7qSDZJ4uYoKt1fusF19MZe2F4aYvNC332M,1000,0.000001000,1,1730125551,1730125551,0.000000
7y29H1GhHAYZw5nL6Hmk3PwF7ZjmJYSxsrGWFFCyX4BM,1000,0.000001000,1,1730120318,1730120318,0.000000
7y7RKRtwnUYqZTFe5wxm4xZS3Y7gAK18qNGXBAt4AuRX,1000,0.000001000,1,1730126164,1730126164,0.000000
7YAp6Db4YYnubAg2qQJmhmzPibq3WfJujSM8BMrTuKoM,1000,0.000001000,1,1730128926,1730128926,0.000000
7yaQ76kD8hJbe6VXj1aVpaQKcQVnzALwuwdkL314qBfA,1000,0.000001000,1,1730097131,1730097131,0.000000
7Yg6TCptNjPKDiUhd14x5FzuJFS946uib61eavEmC6j4,1000,0.000001000,1,1729880752,1729880752,0.000000
7YgV4KrArjY4fAbr9Qi8uchfnxe6FAFyXaThixjuQE5n,1000,0.000001000,1,1729906259,1729906259,0.000000
7YgVejsiGnXgSXUiRKJr7QojnpKUcnwjL1afvaNkSitn,1000,0.000001000,1,1729906233,1729906233,0.000000
7yHZjK1dbm9JqTD6HCKJqjSGGPQET66PuNgRbzJDaPM7,1000,0.000001000,1,1729903875,1729903875,0.000000
7yHZtr8ryQCqeZ5TyLk8EPcnVVAP1RmYjQBn4hGJ2Y27,1000,0.000001000,1,1729903898,1729903898,0.000000
7yjLQA8dHCjQedFpnYmPTnWGJEoogVME6j68sxiKxH3g,1000,0.000001000,1,1730123580,1730123580,0.000000
7yjLUWsxioy3giKJiHMe2eVjyfttumLRsSQuG5rbkbig,1000,0.000001000,1,1730123430,1730123430,0.000000
7yjN5PG1F1Tj1wegVtCz67VKCpJtme2YgTvyxqkA7vPt,1000,0.000001000,1,1730098873,1730098873,0.000000
7yjNEMzn8GnZQjSvWAjHiZ9NarsaVBN26DpPoUAeCG3t,1000,0.000001000,1,1730098994,1730098994,0.000000
7ypGhgjZgpaXPncMgdnuWUYBwweEt9gbBYT6cRCtwFt2,1000,0.000001000,1,1729897707,1729897707,0.000000
7YybG7A8czy1oTDTWy31eV5kaLQBkb2LTAJd6mzr3Rz,1000,0.000001000,1,1730119488,1730119488,0.000000
7ZgHVLu4nTfoq5x4peW7ajBJi44K9GkdXcQptK8E6vC,1000,0.000001000,1,1729952109,1729952109,0.000000
7zm8ssFeDQVfrxpgBhrVrBKMKqgio9qtqpKXy5294cjb,1000,0.000001000,1,1730120438,1730120438,0.000000
7zNJdkmtaHykYSUyEHZurkdbGjeefmHkzVwpUshEV64p,1000,0.000001000,1,1730124683,1730124683,0.000000
7ZqXKktCbQ5XUMDPCnBvkMiTmeX4oshv3okBR5CVdLAc,1000,0.000001000,1,1730129843,1730129843,0.000000
7zWfbGpQvzXDrPxDaPLPJxZgACsZVoXnqFjt93YS1nB3,1000,0.000001000,1,1730119759,1730119759,0.000000
7zxBfUnrr1Ne3gW7scW5hkz6pZJVxqptBALDRtgr6dM1,1000,0.000001000,1,1730003874,1730003874,0.000000
7zxBYq6W4QuUgJfArixpi9E5priiwMVXqJntXvu5Fp41,1000,0.000001000,1,1730003895,1730003895,0.000000
81fwbuJFE88S4Q6UTNhzbYuVcs4xXbsVXwNgEMLqms7x,1000,0.000001000,1,1729962098,1729962098,0.000000
81LUBroUPkNyjEfSfrod8X6Pr9DPYjUFJwD9imGhqpr1,1000,0.000001000,1,1730120489,1730120489,0.000000
81qowiXabK4hcfvSYB64wo9MtU11nJmsCy6kX1ofx5Gf,1000,0.000001000,1,1729891541,1729891541,0.000000
81zCsvh6Adi482JGY4DhDCAhUY2nDyDVZY6vpjE2kDHc,1000,0.000001000,1,1730116426,1730116426,0.000000
828kTYUDiHvGZyTRegSk1SUHqDhzR43ATdmvtdaL6PU2,1000,0.000001000,1,1730117599,1730117599,0.000000
82DoLx2qC1DoargVdeBLeTgvAKryqaJb7e2HdiV9kk2r,1000,0.000001000,1,1730113649,1730113649,0.000000
82wsCb98BzRyV1B75d9orBrVNhiBCERgFiV1z45cx1N6,1000,0.000001000,1,1729955575,1729955575,0.000000
83dj95FjQjvbfZmzU1QH9Raq14tEz3AaqG3rbbUrv7Ei,1000,0.000001000,1,1729894867,1729894867,0.000000
83sUE5vdMaxCi49u69yGUPEDeJW3eVYqBXcvjFjq3UKu,1000,0.000001000,1,1730091963,1730091963,0.000000
83sUeoPv4TQXA35BwWfgEK8BBHankVzCxbBAu24AMv8u,1000,0.000001000,1,1730091931,1730091931,0.000000
84cRcQucXsM4msMBjU6WQDSdyDcSDgn1k3dkjbTMSQp4,1000,0.000001000,1,1730081185,1730081185,0.000000
84Deufyqzdcwr9SSEgtGUPL5vW5xeDAb9eztiG63po63,1000,0.000001000,1,1730125846,1730125846,0.000000
84DeXLr3vWr76C6kLw91rqTfdbXZPDF5uqCFc5gVkRr3,1000,0.000001000,1,1729875064,1729875064,0.000000
84dvBmv2fLRmSpgcbuekTKKBpyjymPEiuvWwg7Dthi9s,1000,0.000001000,1,1730089946,1730089946,0.000000
84Z2CwbC75dPXksJwWKfaP2eTm9bPv99mkXBaic5NQQs,1000,0.000001000,1,1730120319,1730120319,0.000000
84ZJ8PtEj6Bd8ufh6byeTVcv7W5T2QDwXYYk5Xn1Xghg,1000,0.000001000,1,1730119418,1730119418,0.000000
852PP4WjzcDXUTT1hCzueDytAHJgqqSztKBYw8ctpMu6,1000,0.000001000,1,1730124778,1730124778,0.000000
85jmxeUoffe96SW7YFXUVBUzNTZkCfiZjCvRxThrUtQc,1000,0.000001000,1,1730121428,1730121428,0.000000
85U58VZHXxWPgxEu2bcAhiXUG3zkkLhGhYCnHztfizGy,1000,0.000001000,1,1730041890,1730041890,0.000000
85ufj5p8B7RqbjdBcWZygNi5GvrpFJHtdFRDbmSyNV1B,1000,0.000001000,1,1729883400,1729883400,0.000000
85xxLe1htzsiJSUfNdkioNxGkodRMssjT2fNVcrXCXEn,1000,0.000001000,1,1730120887,1730120887,0.000000
85ZKLY5wk9cRiVpgBx33XAVofmdf8BqxchJEqHbAYbL2,1000,0.000001000,1,1729892003,1729892003,0.000000
86fuTjWeXVKLZ91NHJaP7bRr8njCZLmHhpz9XUPbKEse,1000,0.000001000,1,1730120586,1730120586,0.000000
86KsS6ucwJLwEhADcGFq42rDcxY12XBtnFeWEvjAg755,1000,0.000001000,1,1729983564,1729983564,0.000000
86oBxzVgBDDExLB3shMjpqCK5Rp7fPHcxRjabSkxwPNa,1000,0.000001000,1,1730055191,1730055191,0.000000
86TkQDaSkEpHFFVBfibm8o14sPgeEbH4Xg9n6ftqZukS,1000,0.000001000,1,1730119824,1730119824,0.000000
86ueg5rkNbUkrDYUr9WefoHjH7eGqkkAJLRBGz9ezWcG,1000,0.000001000,1,1730124417,1730124417,0.000000
86Z4Qahbs7BtML5byAsARmTEUVDHka7343brLUSJtmZ7,1000,0.000001000,1,1729996571,1729996571,0.000000
87bEUCHhFHpEDUT8PNUSMffcHaj7gXWgEMgDy1SLuB5y,1000,0.000001000,1,1729944898,1729944898,0.000000
87cAKW4aNbwnMPWGi3D4aRa9Wj3sYWfsEYVmR2i7uSYH,1000,0.000001000,1,1730125043,1730125043,0.000000
87PqgFxWQ7fFHnfd8LN6Ldjge9Xpk7jgP2gQzyb9ebrP,1000,0.000001000,1,1730120610,1730120610,0.000000
87qb9eBeC9SPopntQGxMhThj33RzaiYx1oJFG3Uqa2dt,1000,0.000001000,1,1730129672,1730129672,0.000000
88Cz6iP6SipQJ4E4cKp6FPY1ngXYGzc4CSD7KRz39G74,1000,0.000001000,1,1730050023,1730050023,0.000000
88CzQGp9sdbzX4PnmQgw2cMd9PkpK2fqaW7ZtPUnYc34,1000,0.000001000,1,1730048506,1730048506,0.000000
88HonPPEAwZfToY6xNQQxaMitPEJiESyjTHqFNre3jpq,1000,0.000001000,1,1729897552,1729897552,0.000000
88jGTaqNAubjL6bSPfJCkFBHGtpbzChhs4tUMyDL2ZUq,1000,0.000001000,1,1730120067,1730120067,0.000000
89kAZjgcmbes6pgC65ruTwcCiRd3C7ycjXjE7tVQmt7K,1000,0.000001000,1,1729890138,1729890138,0.000000
89o6CWRtnvvpXikqDSFFrSDgT3p97tWvMaufe2AiJXDN,1000,0.000001000,1,1730125424,1730125424,0.000000
89pqXDTELRLVQqReBcTdyYWJiyVYfsxuAWgEnjFYZqtv,1000,0.000001000,1,1730126807,1730126807,0.000000
89vGyP225zDtKrULsQWcf5Mig9C5eyw93SQpEL9uwaUv,1000,0.000001000,1,1730120566,1730120566,0.000000
8AbkpHoR29vdW3RLtBNfbwxouHZPBn3wZFdXUFEbgYpx,1000,0.000001000,1,1730117624,1730117624,0.000000
8acaWDY1BpLRMcfXyyQAWovyKEDSfzTezWMz82rjrCgP,1000,0.000001000,1,1730121807,1730121807,0.000000
8AEddnq71s4esq1kytAm4nAjNbPQzarvmR3zxspKw3n7,1000,0.000001000,1,1729945117,1729945117,0.000000
8ArG14y93sRTZPtf6xrVJa1VsGhPjcnF7JjrPUk2dt1r,1000,0.000001000,1,1730126939,1730126939,0.000000
8B3dR95hq67YyMCnxwVY8J572AHASyxqBd17dnLHUzGm,1000,0.000001000,1,1730041255,1730041255,0.000000
8bBHPKdyqqwuyhVzPDcXoPwvt9imMmn1VCTr3VhdBcXn,1000,0.000001000,1,1730118423,1730118423,0.000000
8bBqQFsjnjNtaBrw7tP3r87Y35yqVHEbupnaFXpXvBcL,1000,0.000001000,1,1730119226,1730119226,0.000000
8Bca4e6GC4VDv2UWaRPsYARXGNJ1BGkuPwuyCdML4p2E,1000,0.000001000,1,1729930723,1729930723,0.000000
8bcLavuvAsNSKyJaT5RJnX5eRb29DzYtxA1tqgT3ufrK,1000,0.000001000,1,1730120725,1730120725,0.000000
8BDq84moYgivEJzxG3C2NAM4xat81rokWjMLaghDdSdY,1000,0.000001000,1,1730119308,1730119308,0.000000
8BdWPiYCcY6UcpqSBi7Q13LpCMXgYjUQoyp7XB2KKFNR,1000,0.000001000,1,1730119741,1730119741,0.000000
8BffuT5vjvTfuNnskQUzLN6uGaSvFCPKw1PebxLWe9wb,1000,0.000001000,1,1729873442,1729873442,0.000000
8Bh1wzQ5n2kBiDVUrZyGgjZMwxnE2RJmnYnYVws513x2,1000,0.000001000,1,1729897431,1729897431,0.000000
8bJR5vMN3ihBPXuCdAUJiw2kYXmaJZf2uzWfV4PFmBPS,1000,0.000001000,1,1730120039,1730120039,0.000000
8bQYpwE75pZXBmMTLehr3DzcZMxVfn8C47RewFy8tY2b,1000,0.000001000,1,1729917270,1729917270,0.000000
8bQYvq2hgAmSUKa72LgDsbBgz6uHvgb7JduKTifL69rb,1000,0.000001000,1,1729917268,1729917268,0.000000
8Br6ZHTAN65CiYmYhnnZQnehLEHrdPtAZmnwBQEFpDM7,1000,0.000001000,1,1730124817,1730124817,0.000000
8bUkx7rpGo2LcuRnxbqmei962zBia4YT24t5ov49V45F,1000,0.000001000,1,1731533061,1731533061,0.000000
8C1gG1LDN8ESnLz2NvNgmqS2Q6W9qDUN2sejMazcM85i,1000,0.000001000,1,1730089257,1730089257,0.000000
8C1gnzbwwJnSwVCAwiMozbwu53FQrJ1D6YBiCj1S6JRF,1000,0.000001000,1,1730128550,1730128550,0.000000
8cBsV1bawjvKrDFmRKKc7zHh5Vs94ue2Ru77PX1QrffM,1000,0.000001000,1,1730119166,1730119166,0.000000
8cbV9eQTGn7SVbHPfL3FfcfjiNJK2eXdNhKquAHmXV2N,1000,0.000001000,1,1730126862,1730126862,0.000000
8cJdCPQeX8iVNsJ9DmVfJjQpc8pwoFRr8VupWCaeADu7,1000,0.000001000,1,1729928972,1729928972,0.000000
8cJdok1SBTWt1ZJ9WVoVZLfVAL4hJifnW3K52sayM27,1000,0.000001000,1,1729928852,1729928852,0.000000
8cn59QMr82FMtzDaKdcD18cDCYTP2czhSgSLdvyZHNam,1000,0.000001000,1,1730125951,1730125951,0.000000
8cPw4qr6gUPJkG3qeEvGMFGvpRNfmJ7w3h2AV44ptsRo,1000,0.000001000,1,1729897458,1729897458,0.000000
8CvQ9AeFXRbwAM9iFA2trg8Tn2roH25EW96rSbnnKSvt,1000,0.000001000,1,1730096830,1730096830,0.000000
8CzqCS3mSeTg2cdmXC8KTWF1buhQYDJhq138w5ndz2wx,1000,0.000001000,1,1730117990,1730117990,0.000000
8DjuwfEKwYiTSo2pK2aJEaKQ3LA9FTmcCfWniQYDXX5B,1000,0.000001000,1,1729882686,1729882686,0.000000
8Djuzm9aFd1q2EzZ1JKanHbLwJWpDqjyrCQuLC2wAvoB,1000,0.000001000,1,1729882657,1729882657,0.000000
8EjLhDNpeViCHWdoQPHKvY3C1SJHMDWKwQoxofDcn7Pk,1000,0.000001000,1,1730123560,1730123560,0.000000
8eQboXqvpWTyvewhrsr8neCEySZkWngq3HztMXiB3CnC,1000,0.000001000,1,1730119986,1730119986,0.000000
8erJcsgxFjQThZmqZ7wqrgKRNgVar49SAGb3iMVeCoyJ,1000,0.000001000,1,1730122001,1730122001,0.000000
8es5zfkUkMaxQ2VaDMaVdAozpRkLh1yZbd42ek9dGEhe,1000,0.000001000,1,1730119528,1730119528,0.000000
8eVh4skQZvoufLdnqZLni5kc1uRtxVU3r5GcTrHNeibv,1000,0.000001000,1,1730117884,1730117884,0.000000
8eVX3qSnnusjjUFEtdGwG3PVWRWDYwGpr3KUyff4ne83,1000,0.000001000,1,1730126351,1730126351,0.000000
8EZyww3SWVGn7LJizYVMTzVZHaV5TKiN4fmqojtEhfvq,1000,0.000001000,1,1729886167,1729886167,0.000000
8Fb36qcpeMAdsREQ411Zo8irJGPUUxo1txqgVVDvfE7h,1000,0.000001000,1,1729934471,1729934471,0.000000
8fBDwWAfDWStDEHt7J6mZKrVZUAty6xhnuN9rnBQh9Qj,1000,0.000001000,1,1730124227,1730124227,0.000000
8FDT86pdBWj2CDHR7XuYSeqhaNr7K7d3MT5bdHzWicML,1000,0.000001000,1,1730124302,1730124302,0.000000
8FHm843FajEvVo6H79454JW6QkJpvxCktSTY9Dqz9tGX,1000,0.000001000,1,1730114242,1730114242,0.000000
8fUPqFdqF4Tw3rJMegkRuyrgL1XcTioewMMTiP7KY8gN,1000,0.000001000,1,1729981863,1729981863,0.000000
8fUPrPHSSF83j5UhEZ4WSqkX6T77SegbmEhnGh23UM4N,1000,0.000001000,1,1729981890,1729981890,0.000000
8FviU38D6EDRD4hXEH8CUFzZNMZT9Cm8Wv6m7WU26Sb4,1000,0.000001000,1,1730124466,1730124466,0.000000
8gaQANYiFLFVohPgVkbogzL4ShE4La2YXLPxXsVXYa1b,1000,0.000001000,1,1730028571,1730028571,0.000000
8gB35pdHtJ82qTurnLPmpWVeJArkLxCpwUbqXhcJyJvo,1000,0.000001000,1,1730124906,1730124906,0.000000
8gK8EUtdQ5TqKjdLbwkc5ZLqMyxFpBmA3y91UKkEftgK,1000,0.000001000,1,1729921163,1729921163,0.000000
8GmYCAqr4Cme5W6GVpB6G3mDrpCQM5kn24bHTRAStxxH,1000,0.000001000,1,1729884191,1729884191,0.000000
8gnGibdLvfhrUmeQq2qbUUgRa6fsyDeFESgh4R7fauX4,1000,0.000001000,1,1730120576,1730120576,0.000000
8GopyGZbMDusTfAD65yzeryL7YELjXQxrFiaDWKFmBLJ,1000,0.000001000,1,1730002189,1730002189,0.000000
8goVCe8rEqoENAaSSoA4d6q8fMmzToCHLsXpXQQTuX5M,1000,0.000001000,1,1730109536,1730109536,0.000000
8gtm2xW3WEyKJnadU83PHniCPyiH12keoVfFfCmUVtLN,1000,0.000001000,1,1729978027,1729978027,0.000000
8gtmtwaYufjrK6poRSrnUKvJWQTKznt5wNAF2tvZgxCN,1000,0.000001000,1,1729978122,1729978122,0.000000
8gU2LfZTiL3re7TQ5gnSz7rzqJRUL5eEUJY7BMxEusW4,1000,0.000001000,1,1730120275,1730120275,0.000000
8h2kxqNPmhDVpYXVZZ1ZNdkiq5VjHgkVdFertGvWdPRZ,1000,0.000001000,1,1729878463,1729878463,0.000000
8h8fZNKTC5C3Tak71soGTTpDdvHNnYzF3WYS5UGsvEt6,1000,0.000001000,1,1730120471,1730120471,0.000000
8hA1hihLE5DtHaQVfaftap51SJqujwsXaqtWYxRnYU21,1000,0.000001000,1,1729963282,1729963282,0.000000
8hC6JgAW45JsSXhvHbgm8MSHySn4w2pbyur4sGMrpRwK,1000,0.000001000,1,1730119373,1730119373,0.000000
8HErL4LqhUoerECXEvjefHNDPMxGkQqdnoTER2MQk81C,1000,0.000001000,1,1729992235,1729992235,0.000000
8HfEog6G5R4eETrceg9HgNGNwxP4rNa1SKHSjidneZ1Z,1000,0.000001000,1,1730104902,1730104902,0.000000
8Hjec8mvVN7hFhxEL4a2HhWLcob3F2axZM226r4URzg7,1000,0.000001000,1,1730124569,1730124569,0.000000
8hnN7N5kBqSLnoitCa6RxXx5UJoA1WCcudYLYp1C8w52,1000,0.000001000,1,1730126087,1730126087,0.000000
8hTkR2CerHiXoBA1QMztMUX17RTHJA2xSm5vnNcJ8s3z,1000,0.000001000,1,1729965480,1729965480,0.000000
8Hw98bbEoNLFKkaCUVcomvsnWDzKwenYDzzSpKz7LBzU,1000,0.000001000,1,1729891135,1729891135,0.000000
8HXJ3xmGBjSWUuox6zZCQfjCJrY1wpe6T1qUjyGkazHX,1000,0.000001000,1,1730115541,1730115541,0.000000
8HXJaP57Ta9rDQoNC52mEoaP8mTbP5rGKErSUfw6MxvX,1000,0.000001000,1,1730115654,1730115654,0.000000
8ibkA2nte3YrbtX1JABDRTon8SL6maa9HGBf5b1ZdXTo,1000,0.000001000,1,1729956555,1729956555,0.000000
8ibkYteiPzGJzBmZXQXHLzNELJdTp8tkxATKCWj4Y31o,1000,0.000001000,1,1729956577,1729956577,0.000000
8j1fEcMToPiKG9Ee94kEZstA1nFTpC47iKTwFUhVJy1D,1000,0.000001000,1,1729876842,1729876842,0.000000
8jeS46aZyNqEBZBGMJZT1xfZdxKs8iHkZ2jYWp4aRXov,1000,0.000001000,1,1730119556,1730119556,0.000000
8JomB5XjU9z8Jn49SsZWEiez4FVYF9uVj7BeXa4recmV,1000,0.000001000,1,1730124995,1730124995,0.000000
8jonfTmTE3thKkFhFwnGdpXPFA4F1hpVs8vgCptsjeSC,1000,0.000001000,1,1730125207,1730125207,0.000000
8jtS8kJQsNVwmWe1wmiCP8E8bNLGFb8b83avAZfztq4H,1000,0.000001000,1,1729946224,1729946224,0.000000
8JU3rkvB1wkMdLabefAzSPe4gNpi2E3jE6MEGWuLeTkn,1000,0.000001000,1,1730119701,1730119701,0.000000
8JW5awxLVT11oXqFTNG5PBEEBBQsTgWZgiqNE3sMDdxH,1000,0.000001000,1,1729888460,1729888460,0.000000
8JWMicNo1SyPjW9JP1VsaenKx28pouWofXUYLM6EboDR,1000,0.000001000,1,1730126321,1730126321,0.000000
8KHejeG3HjCc4vmbMYWTuST3gH2yqCXPEKjM6jTjpXTu,1000,0.000001000,1,1729887792,1729887792,0.000000
8kT14KRww8jHuZSG4dCvvYeS76KZRvHzgHHMVm3ciJmL,1000,0.000001000,1,1729953690,1729953690,0.000000
8kT1iPS5cyXcLsK8vkrAjQZ5gGJ1CS9pT77kgMQPpTmL,1000,0.000001000,1,1729953683,1729953683,0.000000
8L29cKvbDhywKGjyrfB2XYEUxK3WUp1F8mdMPoVmZX2u,1000,0.000001000,1,1730108806,1730108806,0.000000
8L57Ft7SgrroQm8oBdSQQESEymzCj967xn4CFzuyisoM,1000,0.000001000,1,1730119287,1730119287,0.000000
8L5uLWGLfLCUHaCsQrD7yBy7i1Yqnvt4ky5BpvumaSqN,1000,0.000001000,1,1730119153,1730119153,0.000000
8L6YBfMppMjTa7cRcybPYfKhVtTeToqQXdBf2UGbkVmS,1000,0.000001000,1,1730118568,1730118568,0.000000
8L84Lcx6EpX9aKQdJiSbbMegVAj1CiawLD5zSzdRGf1a,1000,0.000001000,1,1729890763,1729890763,0.000000
8LA7FWrYBruVknQtUZz8V3VAhCtUtF5L5fmAEftnA5uq,1000,0.000001000,1,1730124972,1730124972,0.000000
8LheYN4cwU2QKDxjZRG3Mv5HmXRurYHgkY5jwbVwD1M7,1000,0.000001000,1,1730124972,1730124972,0.000000
8LjK9wZV2ZSsJ3upvVD3xYzNRubH98rnKzzvED9FxfXB,1000,0.000001000,1,1730119210,1730119210,0.000000
8mhoeK9z323XaP9iXuaAvKYLpJPCPLFfpRHkMTPVKa29,1000,0.000001000,1,1729891054,1729891054,0.000000
8mis4TMt84aTNDqfynjZ7i8QAfvWgp7TyAmp9GAen8YU,1000,0.000001000,1,1730124812,1730124812,0.000000
8mKMfmyPKsJFxpznE8A2biELh5Y5gHiHQ7nKq7ZTm9U8,1000,0.000001000,1,1730118576,1730118576,0.000000
8mSzk2enRBkcjUo4z633Rspa37GzjUNvnKT4MBs9DRHc,1000,0.000001000,1,1730124840,1730124840,0.000000
8N4rXm13VaKCGa7CyusZC3UEeZ8s3Pxp9grV7sGc7WF8,1000,0.000001000,1,1730111034,1730111034,0.000000
8n9bsr47J4rsZwnjaxq5PmyCVaDWUJLhsENnDqzzq94A,1000,0.000001000,1,1729895170,1729895170,0.000000
8NhQdQoWoD8r4a55iUAzzpGNKfyGYAsoNHptQbuppR9K,1000,0.000001000,1,1730038295,1730038295,0.000000
8ntMbF5q5Kpm9nDNfX6t5hRtJ969azckhyvT3iE5f4Rt,1000,0.000001000,1,1729886167,1729886167,0.000000
8nUSetjx9bjX2HfU3tmYCG7FVv3weWzZaNVR2VLA2L1V,1000,0.000001000,1,1730117520,1730117520,0.000000
8nWijziaimNTrYgsYjNgLSnHxXC4x5fQmp7AjZbCq4aG,1000,0.000001000,1,1729875364,1729875364,0.000000
8nZE9e7t4p4JtRnjqFnowf3MUPkftXhATuVfRL6JCxBo,1000,0.000001000,1,1730128441,1730128441,0.000000
8oe442tccZraBMU2enLiG5NS8LRUZBvJhhp9zHEx1zaU,1000,0.000001000,1,1730119359,1730119359,0.000000
8oFnMkhYp3w6xSGjCWmzHUX2qF7Kp7aKr9jzD4XY8TFp,1000,0.000001000,1,1729893056,1729893056,0.000000
8oFWTQ928nUsv21ZARhn2cdpzX5mwJRAoLriauT3a9gi,1000,0.000001000,1,1729891567,1729891567,0.000000
8oGEpZzGuPpjkhBzqtMbVtVvUCpUv1fBMRZiXebh6mAY,1000,0.000001000,1,1730125079,1730125079,0.000000
8oJ9TxQ4AP9XMb5A5xxAeHT3qjKmpswCi1kTKirNAXS7,1000,0.000001000,1,1730084766,1730084766,0.000000
8oS8PzZje9DM7s4LxetnNzzAoEK8k5z64Jr4eRYLUoZG,1000,0.000001000,1,1730111426,1730111426,0.000000
8oTHMGGzjspBNVoAPPG6YRwGrUikZa8xKdBx6a5zn8gc,1000,0.000001000,1,1730077679,1730077679,0.000000
8oxHgnKtSkBsRYkhZaT4NX8VZJ4cBwdvY73TWo8XGAgw,1000,0.000001000,1,1730096901,1730096901,0.000000
8P1HAPVRWARc5taoAZ4kbKAK9tQTrs6co16mQqRtCp51,1000,0.000001000,1,1730037998,1730037998,0.000000
8P4LjDxKS7ooU3NDe24fEbg7koxJqvbq7dpmxNaXPPQK,1000,0.000001000,1,1730120885,1730120885,0.000000
8p7Cvis3b88TCNUhcqSeH5gfXFHzqs1CKBa7Bwed971C,1000,0.000001000,1,1730093784,1730093784,0.000000
8p7CzbYMAStPbeV6digRj8LXL3psy8X1tuGPwM5CB8vC,1000,0.000001000,1,1730093714,1730093714,0.000000
8PaAsaWjUCr1SjyMg8ED4WMb7usn6cgoaphMcun2CdRB,1000,0.000001000,1,1730126367,1730126367,0.000000
8PaAZKVAbpKJSUBVdsMt9g83inJjZBrcijrZd6di1FcB,1000,0.000001000,1,1730126277,1730126277,0.000000
8pb6i64Q1xauL3jr6APNefav13NSE6GiV8RG8LaqfAUq,1000,0.000001000,1,1730091812,1730091812,0.000000
8pBrAmhaxMeqU9bXE9nSUx6fv8brnZdPuWsu1UaZ9u65,1000,0.000001000,1,1730125023,1730125023,0.000000
8PGNnrexSyCfZFG9aDpRViLUCoHSsZYjPFvYKtGzipdE,1000,0.000001000,1,1730125027,1730125027,0.000000
8pinvjoQBkT8G4HMKgHjKctAW5yGnPpiQVVQwdCAYwSB,1000,0.000001000,1,1730041394,1730041394,0.000000
8pmp4HfetNPDns65C5bHa3D1oYzoChmw12pFDrzr99BU,1000,0.000001000,1,1730114385,1730114385,0.000000
8prXfbgu7DNcVXS54PzJpRBFdGpCJuQAL35W68XSZK4g,1000,0.000001000,1,1730078646,1730078646,0.000000
8prXWCWC3dSXFgby91aon2MyPcUrV1qkUuRc82mrwnKg,1000,0.000001000,1,1730078538,1730078538,0.000000
8PUcGRfSzhzYc9fs3V2CpV2UiHH9c9YDdEhBuEYjbVHm,1000,0.000001000,1,1730124950,1730124950,0.000000
8PXd87tjCb6BiVpZJkxTTtyLb69pR9u4uuTQWT8tYUaq,1000,0.000001000,1,1730120780,1730120780,0.000000
8q3VBmFfVwfwcGHGA68KESsX1CF1zJDqgGSNjr7QK4DD,1000,0.000001000,1,1730120439,1730120439,0.000000
8qFgKetjN1XfPZbof9RUV9nQCyDiW1Q4Nywu8tegJ2Dn,1000,0.000001000,1,1730120840,1730120840,0.000000
8qPDu2iBvfgxPF9gVMdXwae1LjvumnjRg1ZsTwZQAFtC,1000,0.000001000,1,1730105399,1730105399,0.000000
8r6VXimhpTJD9tg7FyGA1NV1zXXFPEWkQVxKwYySVBtk,1000,0.000001000,1,1730124488,1730124488,0.000000
8Ref7NNG1xJNrQgDjvsLaPVdmr8aPcMfw6uq83mMtztE,1000,0.000001000,1,1730124553,1730124553,0.000000
8RktXE8yzV2v4iq9EtxqsDeYXgMqcJzHop1MZ1H6kHo5,1000,0.000001000,1,1730117661,1730117661,0.000000
8rYVzXc1TjHoMi3Rw4zVmmbJhvodqLaqMrwGpBBb7m3q,1000,0.000001000,1,1729938722,1729938722,0.000000
8shNupKpjJVY7vfjmpbTdcfGC5At5v73SiMeHukgBF5e,1000,0.000001000,1,1729951539,1729951539,0.000000
8SHzLXJ9zEtjWBUjqZgQsC38u8gnCV6jHPYEeUPM2VVi,1000,0.000001000,1,1730110721,1730110721,0.000000
8Sqxhg4FAnrxqFdeYbe5MpT9BE5rNm8CcSDE76waf6P5,1000,0.000001000,1,1730120871,1730120871,0.000000
8SRbV63qXCDZ6x9g83anSRUNxMowsvbD1wUtZ63XhUYF,1000,0.000001000,1,1729972103,1729972103,0.000000
8sWh91V2uvuvioiPWxhZgiVh3uv28mG8g46NqWkaJKp4,1000,0.000001000,1,1730124501,1730124501,0.000000
8sy14xEm27E7BydffdtULN3UHuctJyVTTcNBR3MPEL5g,1000,0.000001000,1,1729935831,1729935831,0.000000
8T3MiuMSDg9o2A13q9S94g86CwVZGbmdVF5KgwpC4gV5,1000,0.000001000,1,1730120255,1730120255,0.000000
8TJpGS3os29YfEWGhpra5BJBSxyyquw5r1ey8tcigrV2,1000,0.000001000,1,1730125079,1730125079,0.000000
8TNPVx573Hs7DpjzuLP8DLie3qdvUmDmSNy9u9SNPahU,1000,0.000001000,1,1730101173,1730101173,0.000000
8TQWPUBwuZ5DJjHseNaN9qGYE9LhfBiJckCXxkAgdphk,1000,0.000001000,1,1730131281,1730131281,0.000000
8TRkPzKWaj9XdAwj32pqpnwAiSWZ5vEmBwPDDzztRDD9,1000,0.000001000,1,1730078688,1730078688,0.000000
8twi5rubhPi127bnzuib9KHwcMmN8HNe3pUe25pJwp2p,1000,0.000001000,1,1730097971,1730097971,0.000000
8twigh6MaRhvRFLwFGzrC4QWwoG7fVKnmWMpVQBqCidp,1000,0.000001000,1,1730084069,1730084069,0.000000
8TxSaT3842oVDj65GovXyrqfKgUTtmSed6v8pj4UgVcw,1000,0.000001000,1,1730100556,1730100556,0.000000
8TZSp224199W5p3Ze2Cy74kPYUew6FNEF4fwoJo2hiYk,1000,0.000001000,1,1730124923,1730124923,0.000000
8U3AN4QknJj72WNFsVMQyVPVuiiLj4Apre3azyFmN1kk,1000,0.000001000,1,1730117785,1730117785,0.000000
8uDD3RMahJjtwwiPQZQ9ZpqGnYjJ2EEEjAeA3dCFK2dT,1000,0.000001000,1,1730120257,1730120257,0.000000
8UJ21ekgitJSFhYDT8ZsGk96MvtQ3pb2expuxVtTRFZ4,1000,0.000001000,1,1730131320,1730131320,0.000000
8Uun16JtovAUq1Nb1ReRivNFPVAMh2SVPnQPEzHbi4ns,1000,0.000001000,1,1730100101,1730100101,0.000000
8vtumwzu1LJekbmpSZV6MQ3XXugFULBDj8dLXeTP5Xj7,1000,0.000001000,1,1730131041,1730131041,0.000000
8wFCyQJZP24wMfkFX4PE5WQRvMTgzNVW33hcA3EziCj3,1000,0.000001000,1,1730124467,1730124467,0.000000
8WRbgLwMW6oTAydVeWSuwbfQJFpZ1ZdDWqyWWafufzZD,1000,0.000001000,1,1730130391,1730130391,0.000000
8WrX7NNGfXwcejSaGE4ZqqCvimrmGEnbXFo3KKMZa8xF,1000,0.000001000,1,1729886186,1729886186,0.000000
8wTyQw7hv9uWzqf96VrWX9QGUrAfP68k9zFf6ZaWMB4z,1000,0.000001000,1,1730124900,1730124900,0.000000
8wuYDwKC8vd7xzBfnwqGDQCA9VfjtyVQeRLHuxhBp5Zp,1000,0.000001000,1,1730120241,1730120241,0.000000
8wVb9Eb9yKR26QdBqotfhVMPusdEHXX5V77jahEWoXYN,1000,0.000001000,1,1730120673,1730120673,0.000000
8WxSpEEx2ERdpF2rQB3mBngbZHnBnMRTyUBJR8ptmSTu,1000,0.000001000,1,1730096684,1730096684,0.000000
8wzYTgMQQJuiSEA89mXd9ywndtSfgLubCqs6HAh9QnHa,1000,0.000001000,1,1730117264,1730117264,0.000000
8X5wC1MSu148UWc7z8MTc2EJqiaC5yuuUsbpMFC1NxAE,1000,0.000001000,1,1730124644,1730124644,0.000000
8XhM1LutdAiK6mbEXo1ieZcqz25BazaUscdMBPDE22WS,1000,0.000001000,1,1730125235,1730125235,0.000000
8xKEFN2ydHvgSTn7YZa68qAh2sSTArwGEkTJ1Gn1EaMm,1000,0.000001000,1,1730104242,1730104242,0.000000
8xKEfWxBRFJFNoez6CAkRdzpTv9jCbNby9wkiuDJQa6m,1000,0.000001000,1,1730104326,1730104326,0.000000
8XvPPxNrDMLQSqNxEmULyeAdMMHCs2RyLNpgyZzc8nff,1000,0.000001000,1,1730124781,1730124781,0.000000
8xVXgW7rgtAd4YL6eb1WoDfRDQMzK7dqgxbeBAJ6Aer2,1000,0.000001000,1,1729947393,1729947393,0.000000
8xw1cetX3PxCMhc2y2SKwm7ZASikdpmBirZtxC3CMy1F,1000,0.000001000,1,1730037276,1730037276,0.000000
8xYKwe5jQnmFK5ssx7i7EQEA7cPznpjckauKKNj4TTmm,1000,0.000001000,1,1730124915,1730124915,0.000000
8Y5JrXfcNLzKrCLJ4dvY6jeHHE1kG8zy185QP8cYB6Fy,1000,0.000001000,1,1730124553,1730124553,0.000000
8yBrTtcViHpx7avZ9ES6QZw1kciDtWJvHqej2Z3btTd,1000,0.000001000,1,1730120336,1730120336,0.000000
8yGan12vBTyJUptPfKsgSxA2nfTEQuKvbJUdXeSvLh6N,1000,0.000001000,1,1730001690,1730001690,0.000000
8YGHLQrsicLVPgfibkingWpnYaYXaGCyZMkcVkZWp6sC,1000,0.000001000,1,1730118535,1730118535,0.000000
8yL9UHfqhoqEXJpkmMZVzrRNp5gabr2caoPPfcghuMUs,1000,0.000001000,1,1730125175,1730125175,0.000000
8yn4U2tArE237CNaPKSfvTFSnqVymiDk1rkMPkWR6H3,1000,0.000001000,1,1730120056,1730120056,0.000000
8YtnqKofjSr3vKagr7Fc6gpUVgojDXrLxEWVXYLHXiex,1000,0.000001000,1,1729890273,1729890273,0.000000
8YV1MaCGsdHuHrhtnhgVCUc9qFFBY5SisrLH1sHMSKLh,1000,0.000001000,1,1729957095,1729957095,0.000000
8YV1zPJcESPbDzZTbQUVzSyg3C4YhEAYbnUd6FZVgi5h,1000,0.000001000,1,1729957176,1729957176,0.000000
8YW1ojDjijVYfRkFCBfK8ZY2q1JqhTXGQfvrQzvbNec5,1000,0.000001000,1,1730127386,1730127386,0.000000
8YWxZUndanxFqLJoXUM9EdH6fxQf4Da6fKee7JLXDgvp,1000,0.000001000,1,1730124799,1730124799,0.000000
8yX63SDnTAW5Q7YGxDCTot9AYSC7H9BNDBRLpjqepd2z,1000,0.000001000,1,1730015765,1730015765,0.000000
8yX6mXmwAKA9egc25i9yCtC3VA65QjvNJY4YAcTQ2qYz,1000,0.000001000,1,1730015807,1730015807,0.000000
8yxM8rimtGGckuHUbc35guQDzuYyytLUgnQnTEvFmQD5,1000,0.000001000,1,1730129104,1730129104,0.000000
8yZf3i2tbHEjzTFnkg1M93oKStheiFXbzybZCCXKLU8M,1000,0.000001000,1,1730115943,1730115943,0.000000
8YZFT5byc3aSyQcCyoxbjaXXHijqnDyMhVWHFEPG9NcG,1000,0.000001000,1,1730122748,1730122748,0.000000
8z4dBzrzj5tqcDNt3K7CyMkaPDmWCCyH8Ywxt58TPtWc,1000,0.000001000,1,1730124998,1730124998,0.000000
8Ze5fau9eL9jrNRDP4fSa6RPME3SqjVEALg7s5kRXhN2,1000,0.000001000,1,1730127681,1730127681,0.000000
8ZHCFx3Z4FBsX65hCUTRhoE2Y5sYZixLYHKfiKMNHqi8,1000,0.000001000,1,1730107173,1730107173,0.000000
8ZHUdRYCPkcQyZYLuLKWB5T31YQkccnQg7dYrUAkCiJ3,1000,0.000001000,1,1730062412,1730062412,0.000000
8zJX1boSLpg5puq5KLt15C8Lo1a3iPWpmigEUfRYLQ1k,1000,0.000001000,1,1730002251,1730002251,0.000000
8ZnfcWoY9P36bcmcSsxxL3quMfLvNGgXZSNFCCBLt8Yd,1000,0.000001000,1,1730119615,1730119615,0.000000
8zrRvP6J4cQ53aCSwFBxyjcUPqWNqvQQEF4E55NNzcLY,1000,0.000001000,1,1729977217,1729977217,0.000000
8ZvPMcyw6BuPMb9TftcVCxhhkr2PZmfZk4f1butdNUFA,1000,0.000001000,1,1730124999,1730124999,0.000000
8ZWJPWpvcMyquJ9HHusHZa9pZPp84HnNep3fcSKhRk3H,1000,0.000001000,1,1730121451,1730121451,0.000000
8ZWJVXcLarsNYTKXCPwaLLNfmfc2tDG4J8sH9Ci3xgQH,1000,0.000001000,1,1730121337,1730121337,0.000000
92czcUBeLx52eMabqF3UgPqj8BvMQPTT4L7z6vhr29Mr,1000,0.000001000,1,1730102679,1730102679,0.000000
92M6zgGJskKVgdkxymkQGRfjJnNF6fuERpYyre8LCLZ8,1000,0.000001000,1,1730118406,1730118406,0.000000
92SN27vc7j7WZmv9jsD74ZZ1BD5YLRL1qPZjfkUo7C24,1000,0.000001000,1,1730015629,1730015629,0.000000
93qPnHArSGasHSmGHQE8A73BU9u6Ar18ycuDgNPWwNDN,1000,0.000001000,1,1730119134,1730119134,0.000000
94LjpDv8vp5CtvFn1c5QyV6FR3LcmDX96KvYeXD4uJ3j,1000,0.000001000,1,1730131175,1730131175,0.000000
95B1NZJwnq1b6ynkL7C8GjLqSNBKvJvBdrDT4oofzJjR,1000,0.000001000,1,1730096684,1730096684,0.000000
95QJTbgAWYYVjAPWdej73DS24S51NzWADbi5chVEjkA1,1000,0.000001000,1,1730123766,1730123766,0.000000
96bdqM94Y8M4CSrRSma2DCyWovVncotmKJQRfd2aW119,1000,0.000001000,1,1729875142,1729875142,0.000000
96c2WwTC1GVwztHHgjWPLuujhwQdpPNeLVDytTnpymYM,1000,0.000001000,1,1730120199,1730120199,0.000000
96Pz7kgoky8abMtJUTJaxq7i8kgpyxUACsfzyimwfV2C,1000,0.000001000,1,1730131057,1730131057,0.000000
96xQSRrKs6aaazXscC5Va3REJwsLLPA9SGqfrvJwoM1j,1000,0.000001000,1,1730073892,1730073892,0.000000
96yx6GsnzMAHuzARYtwJqNTd9MkuV84p8WiMXNMg9uex,1000,0.000001000,1,1730124933,1730124933,0.000000
971xHuCf87CsQyxsDbHoLNP4ZK1bnASkcvCsQBUSazLe,1000,0.000001000,1,1730124581,1730124581,0.000000
97qajyb3QzmywZBdcxLvnrPuYZvW8U53ZkLhYHimHnkF,1000,0.000001000,1,1730081593,1730081593,0.000000
97ZWzNL4Rwo61B1EbsL7DYojXp8PGdYYNKRNLj3xpP8m,1000,0.000001000,1,1730044636,1730044636,0.000000
982ER1oCY8aufBsKC6EZ8bDJ9xmE6evuqWYAC2H5Nrrc,1000,0.000001000,1,1730125081,1730125081,0.000000
98Ek1ePZaceWDayqJJvJsT2721k9vKhs1PRaWw8Hhy1h,1000,0.000001000,1,1730124874,1730124874,0.000000
98fe1Tx6T2LPV69N7dpJSwdeAG8t9Vi22EaSjbANtrG9,1000,0.000001000,1,1730117667,1730117667,0.000000
98XiPuog8CWqRQfNcGpCWF4q46aWjpZonEMR3j85mW4r,1000,0.000001000,1,1730114728,1730114728,0.000000
9A9vkUfrR5wuQxo8SAHSM7Ue3YBd5fGxks3jYfEPJDoR,1000,0.000001000,1,1730117549,1730117549,0.000000
9ADeu7JAZtxmgtBdaWMW21mKA17BaAYchkX2NpbcM33n,1000,0.000001000,1,1729875627,1729875627,0.000000
9anw14eCH6BMLj5aXJ7oyYVHTD4MAC64bnRqeZd4YX11,1000,0.000001000,1,1730091808,1730091808,0.000000
9anwquzpiXJr7vayMNSnoJ6DSqygTFdGsK9L7k9DxSE1,1000,0.000001000,1,1730091775,1730091775,0.000000
9AyNnyPB7phRh1cvoL3qiYMNmTNmcTEZotgsqdZuen18,1000,0.000001000,1,1730119753,1730119753,0.000000
9B8Sj281tRkjM2j9Qog8MYtD9fSnQ8GSzYtARZ9LGM32,1000,0.000001000,1,1730093205,1730093205,0.000000
9bcTDNykyo84CW6SN8GopTpWp37uzqLqf1yNzSNkJZ4X,1000,0.000001000,1,1730042829,1730042829,0.000000
9bZ4JSBpXy4EYiaasmW8owwXE8jXCf9nPBEyheeLr53o,1000,0.000001000,1,1729881876,1729881876,0.000000
9cN34Xp8GK1N4RsJ1u83jSAoqpmRtdwtNCXSAGy5gsLG,1000,0.000001000,1,1730119500,1730119500,0.000000
9CoJBE9oSpXCYKzX1GaK6fhGyFeFhrztGuRoR3sJiApU,1000,0.000001000,1,1730124375,1730124375,0.000000
9CXZCQCe9xjJSYDUuKNwwz9iUMtL55Q7RCWCjSVRRw2d,1000,0.000001000,1,1729975633,1729975633,0.000000
9db8iqbCZbNL7BGa1dFzWtQjKLEGboVZYgYfzViSU2wE,1000,0.000001000,1,1730125027,1730125027,0.000000
9dBE1hwG71Yn3sayjTmM8qGSvYqiQL4DY5nRphwh12P,1000,0.000001000,1,1729893190,1729893190,0.000000
9DbNQ6XknTsXVDZBBriyTtjqg6XXrXwf496DcaVJ9wv9,1000,0.000001000,1,1730119391,1730119391,0.000000
9dc7fSiiwNwgs4BCdWN9KAUqjXPe8SVTCqn2MYSvtEct,1000,0.000001000,1,1729900053,1729900053,0.000000
9DKN4wRzDnSqD5LS75wV7Dp4Db1a7Dmm7paUDY2fhWqP,1000,0.000001000,1,1730129064,1730129064,0.000000
9DLAarVuYULXGCKig86BdV1M1sZPAv7Pq1nT7cMa3XAE,1000,0.000001000,1,1730124609,1730124609,0.000000
9DuqjNiQvtKDVKWUXNp8zfm9VGNxY43mcoinHqoMPR2W,1000,0.000001000,1,1730125110,1730125110,0.000000
9dvv2mjPbzD1SjYpni2ngYzTWa6jeHr3d2Dg3watnLp1,1000,0.000001000,1,1730126167,1730126167,0.000000
9EA9uHB2ZomXxcpTDgeiw81xxCjCwces7zL9DMGE7cPJ,1000,0.000001000,1,1729876996,1729876996,0.000000
9eELPmU6hj7kW1ifWQvtCMjY2ysAsp2hXMcUxyqAgjqG,1000,0.000001000,1,1730124477,1730124477,0.000000
9Egrz2iMuDvfamfASzSSa3WPketLzqeDBxx3qRdghKXL,1000,0.000001000,1,1730054871,1730054871,0.000000
9EhLmu4ZAfGVRU3rszDNYSMXkUosQ2SNWJMpJWGY43XN,1000,0.000001000,1,1730119299,1730119299,0.000000
9eiDSDi3MKrEAJ1tMJG2o2MuDfXpnM7rK7E4849kaE2y,1000,0.000001000,1,1730117613,1730117613,0.000000
9ELF3t14LLDmwmyQjApNipeHQBRDdq5UaGRp7X7D7d9j,1000,0.000001000,1,1729930519,1729930519,0.000000
9eMGnVuDxUTnp6TF5tNcXkbdirk2Lg8xfPZH4DBiSdka,1000,0.000001000,1,1730119468,1730119468,0.000000
9EMSbnHhQvQCCZ2VxCAYiHUY4hCW9AekCc3QC6iUK1TL,1000,0.000001000,1,1729893497,1729893497,0.000000
9ESKdNSnVLegTEzewxTUwFvjhGcG7ufwosxGnng1azt1,1000,0.000001000,1,1729998389,1729998389,0.000000
9EvjZ2vMiWcZ7gGYxxRCngpoBLX2GTeEWaRZUuR8HgCR,1000,0.000001000,1,1729900111,1729900111,0.000000
9Ey8JSrADi1c2cxs1hnyQDpq6gTV5ruRHVXDF3Lk5N7U,1000,0.000001000,1,1730126585,1730126585,0.000000
9Ey8LK6Ct98wKogHLp6oRusWgrBHhW6fDNFzTzKRvKfU,1000,0.000001000,1,1730126361,1730126361,0.000000
9eYstkrcNtoaAtUfPqsGgmbRxrXZnt7yFo8cRYFe4SFF,1000,0.000001000,1,1730045072,1730045072,0.000000
9FcKgSTqHzKuzLkh3DhFYJ9fRQyKVZrjr47acUbzLSns,1000,0.000001000,1,1730130714,1730130714,0.000000
9FHdvaTssVS25Gpo5LGzPBsd7n5heQfNsQCBfevyS88G,1000,0.000001000,1,1730117648,1730117648,0.000000
9FMra9iMczL54gvved3XuWwNLHSwBQYpzUgyZ7G4tPcb,1000,0.000001000,1,1730119283,1730119283,0.000000
9FNhdfr9sGNxCc7Z6iFw995vh7n6yuM11Bdp7Z6Eax9q,1000,0.000001000,1,1730124744,1730124744,0.000000
9Fomn4W9NHH25AFHKYtTK57SN4qih54twEbobQVivHMX,1000,0.000001000,1,1730092254,1730092254,0.000000
9FU7wdiJyHqzFjrjMcXLaMYZ2DUVeEJdNF2x55Kh8mxh,1000,0.000001000,1,1730126080,1730126080,0.000000
9FXuwBFfg4kpxCfi6gKE4b4u3DrWaZwkHBHUV5eYnH7v,1000,0.000001000,1,1730126986,1730126986,0.000000
9gNHoBnHJTJPiWpRNATfQWw5hx8ahbkvk9HyNp4yHPYq,1000,0.000001000,1,1730063372,1730063372,0.000000
9gpFKq7TapxXSH2dMxJwPFSgGGhsuXpboMi9uK59FsQD,1000,0.000001000,1,1730110651,1730110651,0.000000
9GQuKvQGwkT1BEka68GP42sx6EXna1Qt1XZKGTpjF8Y9,1000,0.000001000,1,1730116631,1730116631,0.000000
9HCFZhdwu8izznvuzddYGY2Ko1UuwLs4nk1L6Rqj8b7f,1000,0.000001000,1,1730120438,1730120438,0.000000
9hCwjevwtNyfuu84UNhWYqtVpJ7oYF3SCwdLiMB1j8aS,1000,0.000001000,1,1730126652,1730126652,0.000000
9hjDJgD267D1hD6LyayuEdWTtoXQzBTo8wKFuUoaCxpU,1000,0.000001000,1,1730119980,1730119980,0.000000
9hkpZsUQ2ryrVa8J1z4gXrhyQkM48ixcax81vbhxswDK,1000,0.000001000,1,1730130847,1730130847,0.000000
9ionNAkc6WKJMdbTjFt626ZQRxNPUcCAPZTfStodyLAC,1000,0.000001000,1,1730095502,1730095502,0.000000
9ionWQAT9unUzHYLNTgNdS2FMzwbVnCe7ZEy6rx3cjEC,1000,0.000001000,1,1730095636,1730095636,0.000000
9iW2TNudzfoybdEJaMKy3e7g2bF2zDdkA8eaZ8aYjL56,1000,0.000001000,1,1730125235,1730125235,0.000000
9iWomWqELay7ymF3QSurvgHG4fW6sjSYy2NXUFdKft4i,1000,0.000001000,1,1730053812,1730053812,0.000000
9jHRdbrsUiL9vtFZpqhMmVC2SMhCPzCgPJz1YLhmpM55,1000,0.000001000,1,1730113265,1730113265,0.000000
9jHRnSVzGhZR75FMBYWsssX7ujngfwK2ZixZNdfvym95,1000,0.000001000,1,1730113113,1730113113,0.000000
9JrfJ7WQMCQzFd5mqWvCMd44M7HaDhZ7kF8tSTns2hyU,1000,0.000001000,1,1730128953,1730128953,0.000000
9jt2GrLDDGLEdWh6Zxgx7WrU6UAC8VkRx15q5gPfoNXF,1000,0.000001000,1,1730116927,1730116927,0.000000
9K4imzJAMYsHcbTznXjWbTpwnLHryXwCan2T2FmJgdZF,1000,0.000001000,1,1730094420,1730094420,0.000000
9K7dyQW71XHZX5zrnUNWLhNgca98Nwm9hNHU7G4f7YH4,1000,0.000001000,1,1730110588,1730110588,0.000000
9K9uTbtDu5cbvdShHDaStTmEH27XcJmfd7PksKYWLbaK,1000,0.000001000,1,1729998770,1729998770,0.000000
9kAXMUJJbkcTpzeFSdH9MGnrSNsSMJyYgz6N3FnV3NLj,1000,0.000001000,1,1730117717,1730117717,0.000000
9KfuWUqAQRf6vEhSujYkp215XpSsfviv9jWAikH9Ucon,1000,0.000001000,1,1729959264,1729959264,0.000000
9Kow2B3nfaAxN9YbfxnRgHbGSWzADVqQTcP6c2eQsx3m,1000,0.000001000,1,1729988917,1729988917,0.000000
9KQtdtu63hdRbdUHvxy97b4R7q9HY795axu3RnJVhxpE,1000,0.000001000,1,1729996574,1729996574,0.000000
9KQtprVqvtWiWTU9Pi1qJ9JzjMANjrxbZy98aVkT5w4E,1000,0.000001000,1,1729996531,1729996531,0.000000
9KRoowDoWt3E4Rbv9ijJ5M6m7MM1zb5BjhhEPV828Abo,1000,0.000001000,1,1730130469,1730130469,0.000000
9kwMvBBQfUnPMA9Fo8qfEEv3EpMKdDJCQ2qj1LydzH42,1000,0.000001000,1,1730126584,1730126584,0.000000
9kxzRskfN9MTG3s32UNnjdgT1AssHTQfUuwAosbgcisA,1000,0.000001000,1,1730117735,1730117735,0.000000
9kzBb2wvhbky2CKYjB8Tobzp7FrHeHHMLUZcXiAD3cLL,1000,0.000001000,1,1730124817,1730124817,0.000000
9L2hUJYTKo4YTCWrFPeDVc6eUCWe1tLjJZwNeumL6Jyu,1000,0.000001000,1,1730001278,1730001278,0.000000
9LA29fVc6UzkRYdciwEjfFETo7XuXJchrreeC9mCP1y,1000,0.000001000,1,1730037532,1730037532,0.000000
9LcftXN9G1fXhjy9KTvy8sEcLRBrJLVGv14qxe5wW54i,1000,0.000001000,1,1730038280,1730038280,0.000000
9LeyfBRuQBxyyYgQ7dqXnQSCPrsTEeBKSFvVKzimam92,1000,0.000001000,1,1730124965,1730124965,0.000000
9LPKxSQuPwbt5frFWPWxxvUdkzi1FhCpYKWqj5wi3EU5,1000,0.000001000,1,1730089790,1730089790,0.000000
9LPYnfVvoyqUucEb61WpRpuF9eyGcWc4cnXgLV2Vrz2S,1000,0.000001000,1,1729997092,1729997092,0.000000
9Lxm4o4LQtwvuTvTJxeYayW7wxDHQ8PcZmDRHf8ZoLgK,1000,0.000001000,1,1730120861,1730120861,0.000000
9Lzit1G639cVdFGGpj55dSxjujtNZWDPtbt34BbKmj1X,1000,0.000001000,1,1729988608,1729988608,0.000000
9m2zxEEhqPG8VX19ZV3iV7sXu9orybYZe39dN3xD4Jig,1000,0.000001000,1,1730051541,1730051541,0.000000
9mCdFBwZXnTKQAxWphuQHj1jzD9cxFKav7nsPKffjs17,1000,0.000001000,1,1730126012,1730126012,0.000000
9MeckWx8zHFrkiqdFGdJTQ5AbfVcwEK9U3bGbutAqRwF,1000,0.000001000,1,1730124785,1730124785,0.000000
9mh4kE8TbGNu8ae57vBVjypjDGDEVHYPpANbvRkRfWmL,1000,0.000001000,1,1729958055,1729958055,0.000000
9mjg7hd7VnDd2DMGoYYzYCYfXt7ZrXuVCacMCkXWUvm7,1000,0.000001000,1,1730114413,1730114413,0.000000
9mjzNT2t46pSpo3rk1rHpyevcDRW8RgPVKLHsAzfnQPg,1000,0.000001000,1,1730124421,1730124421,0.000000
9mRnbjXcaYW1XoHSnVCL4ECcbV2GfBEN97pNpnhMT1g2,1000,0.000001000,1,1729874967,1729874967,0.000000
9Mu83GuNF1UXeA58nTum6mnD48tqkesxJEUwKtvThGb6,1000,0.000001000,1,1730131731,1730131731,0.000000
9Mu8CKAVUCML7MGjpwypF4qekB2f4T54CdPRpPQJW816,1000,0.000001000,1,1730131920,1730131920,0.000000
9muHpAQTvto5JrgjufTXkyT7Zg9zmXnha9ZqJdnWXr3Y,1000,0.000001000,1,1730059193,1730059193,0.000000
9muHpmRxqdUDNmQpH4dCMC3erajbUbXWEiPRAec1TkpY,1000,0.000001000,1,1730059416,1730059416,0.000000
9mzgDYDJRMvG1AZFA8vUtfRbDK658ouEYpNWZxkmKrDk,1000,0.000001000,1,1730090610,1730090610,0.000000
9NBDE3sFZ47aeJz53tEUMTCRy2aj5237XkN99A33WbNC,1000,0.000001000,1,1730119478,1730119478,0.000000
9nfYSpsxXhRvUEAHR9AMrDp4jyCTsrjAaRt7hqPCuqF1,1000,0.000001000,1,1730116927,1730116927,0.000000
9NhXxShnb94Tux7hrvXzRxP1Twi7QEaEGHLQAMWURj8Z,1000,0.000001000,1,1729897370,1729897370,0.000000
9niDhYwMfDJdHNtFgMEeyfHXkXoUj8TaagvzQ8zk9n6Z,1000,0.000001000,1,1730040561,1730040561,0.000000
9NSETD8cBCpWjEnpUsbHcYWbQqA34GjsfFLhCr8CgqVj,1000,0.000001000,1,1730127462,1730127462,0.000000
9NWuDwDAups13Fpjd9SS27Gqz4jw9xR1g3jjCQhuGyC4,1000,0.000001000,1,1730039688,1730039688,0.000000
9NWuL8YMS28r7D2ML1EMyQXSEAbaQ9pYSrvzEbgAVr54,1000,0.000001000,1,1730039807,1730039807,0.000000
9NYtwPJzay1wLZBpKh5wTdrZDZs2xufdPkDkfEyvMP75,1000,0.000001000,1,1730023503,1730023503,0.000000
9o6MVKvbqTYKVrV4tgo95hxAjwUCiJCreVgeY5sdnDVM,1000,0.000001000,1,1730117965,1730117965,0.000000
9odhUfJUtRmxKi42HjiEjpx5HuyoUjGa2aLgh9nwvVqi,1000,0.000001000,1,1730110899,1730110899,0.000000
9ohA5NMXtRUpHyAAZDDaun49BkNk5QCxowhQ19R8ZwCW,1000,0.000001000,1,1730107037,1730107037,0.000000
9oiEsURokwgu9Jjoz4SccqsZcKTfD9Q557BYSKwFC8Sg,1000,0.000001000,1,1730119907,1730119907,0.000000
9oP7tMQMmzhFM3T4UbJiwEW82b8fPyN5AvKC8yR9Rxk8,1000,0.000001000,1,1730120571,1730120571,0.000000
9oSFYhTJy71kignxHaqs2Zofi1JKdfTAFGaSB7niL1Nv,1000,0.000001000,1,1730117653,1730117653,0.000000
9oUg2hQ6vs3oEdJSnndeJDGh8dVN2kKqHxE28LRxy7Gw,1000,0.000001000,1,1730118970,1730118970,0.000000
9pbZAT1zmE8BXkWQ32mHYhDyni63ydA1Qkaby5eZus1h,1000,0.000001000,1,1730120605,1730120605,0.000000
9pcR36mT7U8K6VZ8LgAekpX1eAZT7jCj8Jm1Ny5diDkk,1000,0.000001000,1,1730089039,1730089039,0.000000
9PjQWnAQMwqcDKUigpK6KyriQYmJTfESr7bLaaNfrrWd,1000,0.000001000,1,1730124276,1730124276,0.000000
9pwG4g9Q8VARPxdrEH3DxmTH2KDgZvjV2Ld4wm4bTFFd,1000,0.000001000,1,1730124304,1730124304,0.000000
9PxLoGZqiRkuLWbo6inJn8UdPPGPx2ESNyabRjmjPYcJ,1000,0.000001000,1,1730124345,1730124345,0.000000
9pYaWyN2yr7NNyEeZW1uL7xjztjcY51Y7nneX7j9GNWY,1000,0.000001000,1,1730117777,1730117777,0.000000
9Q4wDxSLTpVefUEPtp2PWHFgYFLWzepeqY66CXLbrS2g,1000,0.000001000,1,1730123539,1730123539,0.000000
9Q4wmPjXAJjckqc3hs48wEd9mmeCn8QYUEk8cW9EKzfg,1000,0.000001000,1,1730123334,1730123334,0.000000
9qdUmXKeZGcf7PTbGrZFpshcNm8Wz6r1p9bQRfgji31c,1000,0.000001000,1,1730079135,1730079135,0.000000
9qdUPpTf9xEiTwT73jabDuuU4GUki6FQgVQGufe5kPnc,1000,0.000001000,1,1730079044,1730079044,0.000000
9QGVTUdLbQBAqV3LpxMWeyLe7yC6we8nkpngpZJuwyka,1000,0.000001000,1,1730127767,1730127767,0.000000
9QGYmnj76r6yvG8YpduwAFCrhSdjXcwminsukr2nh6ji,1000,0.000001000,1,1729899668,1729899668,0.000000
9qHy5vcXSuKBzxGf5QS5U19s8Vm5C8NTYGyCMcjCf8iT,1000,0.000001000,1,1729871570,1729871570,0.000000
9QMJG6XcERJXVS6H7tDgiFiF7uCfj2W8xhFinHMM6PGH,1000,0.000001000,1,1730117553,1730117553,0.000000
9qN7oAirBWDFMDWfNtFYDbAKF4XtNmcerrRwqpYh7b8K,1000,0.000001000,1,1730119308,1730119308,0.000000
9qPqMAdpEKYCHCvGV8WiF5ch3BFFhMYKa8jWq3YDgdGP,1000,0.000001000,1,1729875385,1729875385,0.000000
9QuP4S6BDEDQUUMtqgGVwAQUPbtq6mutjYiaAiXxa1XP,1000,0.000001000,1,1730010932,1730010932,0.000000
9R5f7DEaLQqgnEcvqpZhNQ9vuUaScw48zQhAfWAiG7Qk,1000,0.000001000,1,1730077551,1730077551,0.000000
9R5fjsqt7S4Y6c87HYixWd8tRNuhkTHETs27H6ChB18k,1000,0.000001000,1,1730077619,1730077619,0.000000
9s9k1MWrbcY6ViL2c2CEtiFsFZyJ4bN4516s7sMHfgfJ,1000,0.000001000,1,1730041186,1730041186,0.000000
9sArGSK4EwY2yuZ7hFcZv2Hr8GKLuHq3kYgpAAhJsdAt,1000,0.000001000,1,1730118505,1730118505,0.000000
9sefGz1YT38MFdfjAX7N4N44g9MyHfcbkZREwZ2qxnpT,1000,0.000001000,1,1730005507,1730005507,0.000000
9sFAisY9skbQ7uWoRPgUbMWWXJAseRmDkrqiGTN1pDTH,1000,0.000001000,1,1729876455,1729876455,0.000000
9sFKB3Lvyp4dJoGbhtKbaLdRKH5FdGVAd9DsvLPjhJ33,1000,0.000001000,1,1730125027,1730125027,0.000000
9Sk78hS2We5QGFMPJDacpccXCWu8NRG2yUuNmrb2ozk8,1000,0.000001000,1,1730124652,1730124652,0.000000
9Sr9WS4TcnzYx1aEzbh4icnHzoP2sXaNkwmHwvLGxqVn,1000,0.000001000,1,1729872332,1729872332,0.000000
9SRA7YEfufAk2KvmgpRCnwUTGZWfwSP4Lw2wyWEU9KDc,1000,0.000001000,1,1730080531,1730080531,0.000000
9STZt2eMcofoSGJ8u4Qunih8hB8eDHqsZsQ9CxmbQDmK,1000,0.000001000,1,1730120434,1730120434,0.000000
9sUDkGGZpUynQREwQTMerPYGoNXGiL13nP8gr4dcefQa,1000,0.000001000,1,1730118385,1730118385,0.000000
9t2BMrqZdUGDnbpYG3BVW98C9w7c972dSdymmRuWJGBx,1000,0.000001000,1,1730071877,1730071877,0.000000
9t7NmtfyDWzW3dPBq8AkmoKs7jxus6dvtp6ufQUfdxCb,1000,0.000001000,1,1730124264,1730124264,0.000000
9TjAjhgBwPvSuZVdZEc1gsGBuGHvbCvLNZdWzpeEe3g9,1000,0.000001000,1,1729880965,1729880965,0.000000
9TjAVvTz3FjKAL2zRaDhfnqkyKaofg9LEt9h6yZv4A29,1000,0.000001000,1,1729973437,1729973437,0.000000
9TL1CA6LoyPW6wMPShFFQisGNuaRAQuT1Xy8mWtmcpCb,1000,0.000001000,1,1730070974,1730070974,0.000000
9TXK5GGG4b8FM8We1ntKkMDNg92je563URryAncpPhnh,1000,0.000001000,1,1730120627,1730120627,0.000000
9u4zoJw2nEFyt63aHCMVhsyfVEonGZRLcqU5xpdxSbWU,1000,0.000001000,1,1730097201,1730097201,0.000000
9U6e4oVshR8iCmTgVsfCqKyVVP7seup5yXU1wpMnR7du,1000,0.000001000,1,1730119516,1730119516,0.000000
9u7Q9TPtdbsUyY9BYR96rVBXeEVARGB5ya3H6eDyLoqR,1000,0.000001000,1,1730108826,1730108826,0.000000
9UHiZXH3mHi76Sjib5nBoHnWjFyQgcj7iDqTpd1c8sxr,1000,0.000001000,1,1730120895,1730120895,0.000000
9uKATwVjyoohjaKaJPjWNhPUu9zF4hxeMW8NGL39MvUs,1000,0.000001000,1,1730117986,1730117986,0.000000
9UqYhKt94EW8EKMzskDcoMYr4e1CCmQ1W443GWDAcxgq,1000,0.000001000,1,1729910548,1729910548,0.000000
9UqYmhVGMb249D8FeMob15NeMpEQBD2Mr3ryeYseTd4q,1000,0.000001000,1,1729910554,1729910554,0.000000
9uSXeTinSokqAKqyEoXWDnM91XYdSdHcm4ASEp1xtgV8,1000,0.000001000,1,1730041859,1730041859,0.000000
9v4FiEbNnh7nSTAxYe9U8RsoEWNc1ATqrGmeAGaCv31n,1000,0.000001000,1,1730116563,1730116563,0.000000
9vM8xwmXCP9u4sKTkVCZVBdA9DncNuQGrZNp5x84xop7,1000,0.000001000,1,1730096871,1730096871,0.000000
9vp9cME5H3QEsFAERRcpPjQvenV47Sq1vsdCh7myrdbc,1000,0.000001000,1,1730124389,1730124389,0.000000
9vQZCabCJ9XE3BbrbehKU3tujgCBK7dSZDmEDZmWKvYh,1000,0.000001000,1,1730112915,1730112915,0.000000
9vsaZfDyuQm1owdTXERHLQU3SqsjjVixM2v7QLjTTJRz,1000,0.000001000,1,1730119418,1730119418,0.000000
9wCS8QR6odCjN6D4X5cnreLNv6NgbmwbGQfJWNUR7eKB,1000,0.000001000,1,1730120522,1730120522,0.000000
9weBPsdW6ye8WUp7nQT7wUqL9YPowWy5dRDRGqK1YkoE,1000,0.000001000,1,1729886013,1729886013,0.000000
9WfPn4YcbkLPQyVDud8x7foqCXWqWErkMN5SJLMeqgND,1000,0.000001000,1,1729958688,1729958688,0.000000
9WRMXnbtgXfgcRM1uqE6WU3Q1TQGKMwkZn3Bd1JZBRD6,1000,0.000001000,1,1729884284,1729884284,0.000000
9WZNkvQkWKNWtbDegXb9jqPS1iW6fKUdZkhNrXihSGLk,1000,0.000001000,1,1730120658,1730120658,0.000000
9x6iPBCtmmXeVrKrjFi2GgD2NFwfwKRBHXbfvkpkxZmu,1000,0.000001000,1,1730124874,1730124874,0.000000
9XaWGQ2LZNqjx2AtaaQREPSLs41K3AxxUbseWdRYyRfh,1000,0.000001000,1,1730045120,1730045120,0.000000
9xUeeTAYbRuyB915b3qkD9HJGuejTGfncMTrb3wTWN7Z,1000,0.000001000,1,1730104378,1730104378,0.000000
9y3qRosubeJpbGUbCPJwpGwmnCMZsiowSZK8QkwVYjed,1000,0.000001000,1,1729890593,1729890593,0.000000
9y7bK5yK3rQD4ChzUnSrqk7V3oySTpzaKJ51ik9MwGyN,1000,0.000001000,1,1730122659,1730122659,0.000000
9Yc1pTSw1V4mEnn2EXYonr6RkVmyRY43dRXRQaThretB,1000,0.000001000,1,1730119690,1730119690,0.000000
9YEDcec2zgPp8d9yF8sPeDCaP8f8hqprr658Q37teHcB,1000,0.000001000,1,1730044213,1730044213,0.000000
9yHKLZFWE7Q3zWDayTELfDPAiJuKQ6L5CbAwJKKRajzh,1000,0.000001000,1,1730124506,1730124506,0.000000
9YkeWs8H5cvkNtv7FS8FYjUzx8rbaKMZvFp8rdN1oZ15,1000,0.000001000,1,1729927492,1729927492,0.000000
9yKWxNyapNn6RUt6Q4ymx96BQdcVQVNaHRjHCtC7dz19,1000,0.000001000,1,1730059852,1730059852,0.000000
9YpMMQ68Er2mbwwwdgJgmf19P6VAjEeTA5cLTMiBNUdh,1000,0.000001000,1,1729952386,1729952386,0.000000
9yYjE5V6pXhPpeK8BjxvNqCnTt1hVLEM52fqiaHXKoR1,1000,0.000001000,1,1730127304,1730127304,0.000000
9yYjHxHotQuZnWGXkXLifF4mEN1WPwjMgaE134prvHR1,1000,0.000001000,1,1730127147,1730127147,0.000000
9z1hTsEP5vfc4B1mCuQdnt6Ra736XVXCfEpJmMrAtixy,1000,0.000001000,1,1730117755,1730117755,0.000000
9z3187TjDhvtRAnqqJcEkLHboxPsrC2HvFw1SSzXwSxX,1000,0.000001000,1,1729890343,1729890343,0.000000
9Z62w4fGgP3Yf6X6YqeGkP8iJCQUcteBXn4s4e5v44cJ,1000,0.000001000,1,1730120177,1730120177,0.000000
9z6MTFGxBt5TbyRS2WWtS4v6pD2nc3Dndywz25g9svaM,1000,0.000001000,1,1730125163,1730125163,0.000000
9ZbTvZSU14edUTZNXamu1tk8QVyZFaWZb5ZDG7F55hBJ,1000,0.000001000,1,1729983100,1729983100,0.000000
9ZbTwCF2sNxqtpdvTE9AJ4qjn6KBSA1A4MLgEZdSj2YJ,1000,0.000001000,1,1729983085,1729983085,0.000000
9ZjkYtBSpGmx6S3jNULfX5gY77brYEuvetNRWx7xc5cr,1000,0.000001000,1,1729902689,1729902689,0.000000
9ZruND2sQT8LwpY9hv1Z6ZfCWhrwLsc7oL6xURuNWp4V,1000,0.000001000,1,1730043703,1730043703,0.000000
9Zrw1owL4BvF4U7yKxdhZJzWtLWxHeMgPZmQ7nyQX5r8,1000,0.000001000,1,1729871911,1729871911,0.000000
9ZTcqakdG3xrqW8X5S2h3aCpktgTvzrjMECxvKHsz6BE,1000,0.000001000,1,1730123230,1730123230,0.000000
9ZTLxt8eQ4UG1jij48sfhRjZNFru6JYJKgAbEnBQdn56,1000,0.000001000,1,1730114242,1730114242,0.000000
9ztN6iSdEgmnEtpT3zF7oSZH8Y3xtziJwVtYvKkJx8Nj,1000,0.000001000,1,1730093390,1730093390,0.000000
9ztNzy96KBnqpKpvEfKsEpw1YzCYF82NxNzCFcoYu46j,1000,0.000001000,1,1730093346,1730093346,0.000000
A18TUtgDwVH2jzfk3sYu58STg2ftxi16Wpy5YVJVuRuD,1000,0.000001000,1,1730124683,1730124683,0.000000
A1K2tAHGZrkYNwMHdidDrvWe7hSWK9kMvGgmpcJuqyF1,1000,0.000001000,1,1730120635,1730120635,0.000000
A1MkawCNPUHHDjcatEUN9fASvJrp74NmpcPc7jnnWfaH,1000,0.000001000,1,1729954806,1729954806,0.000000
A1PbmgJoxe6gML6LMJvefXXK25DJuxfVGf8DjjA7eZgo,1000,0.000001000,1,1730120597,1730120597,0.000000
A1pswgYJnNjThMY4c5o48xnruiFoNBNmGSdzFUneLyUL,1000,0.000001000,1,1730124413,1730124413,0.000000
A23bNxU3eAbL3ZEB2Z7YwsRM1Z8sHeF2YEKr7AokpMnX,1000,0.000001000,1,1730124589,1730124589,0.000000
A28asbsoqURXu7oivWrpQK1eFqRxr9q7NVokXgFRuTxr,1000,0.000001000,1,1730119169,1730119169,0.000000
A2B7ocCZh7HcN2R7nugsUYmUpA2CSFxaL9UdPdXVz314,1000,0.000001000,1,1730095418,1730095418,0.000000
A2G9AoRN6zj3YoPuHd74MLm7qNiicrizj9xGGUow3jSm,1000,0.000001000,1,1730081977,1730081977,0.000000
A2gM4E6thiuFDhi956nTCZNrY4htpB8zXwiWYQQuezGS,1000,0.000001000,1,1729946657,1729946657,0.000000
A2H2E2ry5xcvfW7SAdJR6aykdAbDduebT5SRfte3SrHF,1000,0.000001000,1,1730081326,1730081326,0.000000
A2kUAS4QWDNNp28g9SQGriQNAUKfkZssrhDctqNos9m7,1000,0.000001000,1,1730121434,1730121434,0.000000
A2RVxRiguqb45h8x5tBRxHg2QVdeyjTB2Sm9LHh93x1o,1000,0.000001000,1,1730054023,1730054023,0.000000
A2wL1GYa2stmiFL7iB1gnTZtzQSwFkLxqYkLWeozTEJG,1000,0.000001000,1,1730124577,1730124577,0.000000
A34X4a2vMRtHNvhWF6gXthdbhdXrRE5pUU8Y5mdQqeD5,1000,0.000001000,1,1730124694,1730124694,0.000000
A44CV737X932whZ9agqSXXn8c7RBEVtnSWBDmTCp2JNY,1000,0.000001000,1,1730123227,1730123227,0.000000
A46H86hBSbHSLi2ovDdW14e36cHucgxYhcpxDQsq8A9H,1000,0.000001000,1,1730054734,1730054734,0.000000
A4EHo1n7hYcC7K8vPfptog3BpkEaLMJMSCQ6rzr1e9mg,1000,0.000001000,1,1729996628,1729996628,0.000000
A4paZcjMUXY7syRNYe6ZjA7C4PBJQuMbj7uKjpntiCLm,1000,0.000001000,1,1730124302,1730124302,0.000000
A4uWjBVQRYdVFesRb3Kwz3VWwzPdZLEApiej3yRnMb6f,1000,0.000001000,1,1730121718,1730121718,0.000000
A4uWuPUDSRozTnGBTUv2cnudRvrqZMnSA4mJdNQzWbqf,1000,0.000001000,1,1730121814,1730121814,0.000000
A6E9VdQ1y1RtLTAySW8hg1f92mUnDCF1XJP9UVQ474d,1000,0.000001000,1,1730125083,1730125083,0.000000
A6Wfz7XZh5U7SV7hWenqJWuye8yQTeB3Fwq3yTNqWtCG,1000,0.000001000,1,1730119134,1730119134,0.000000
A7jxBKLDAX1guZGDp7XWT1Z31mGesved96CPAk9LiXJb,1000,0.000001000,1,1729951585,1729951585,0.000000
A83dMFK4yYe8aEpGB3yCs2wuTdtU8P9gbkMwZgrUsn3X,1000,0.000001000,1,1730037840,1730037840,0.000000
A8CMoFEifv2gXTW7jtSZPB7RtPoGfUZtchXHjJCCoTyX,1000,0.000001000,1,1729894796,1729894796,0.000000
A8fXDJSBmBUd7goruegzmkbPU7TEUHZyTNPVphXNsR64,1000,0.000001000,1,1729877148,1729877148,0.000000
A8GbrgvqgAhLGjdXdfyRs7tmCJdk5UKT2qMqFVGA5j4P,1000,0.000001000,1,1730057755,1730057755,0.000000
A8NSREQkykUGpo52DhAa49BBJAnKpyWx12k1aqV8ys9P,1000,0.000001000,1,1730125121,1730125121,0.000000
A8obw8cLZ1Z3d8NoDk7PbJzgbCHDcE2i1ot3WQm8opWq,1000,0.000001000,1,1730119098,1730119098,0.000000
A8RMFWV1fBhaYziFRQLf2BrWHtQ9eSbAKU65FZg2cqZD,1000,0.000001000,1,1729888500,1729888500,0.000000
A9kFpZx6Ba52gQCsXJZr4dBgccxGXmih9BS3ky1w3rSx,1000,0.000001000,1,1729874682,1729874682,0.000000
A9v4efMpnbCURCSsGQGTtZa1ZEmrf4BJ2QXjMKp8YR25,1000,0.000001000,1,1729953247,1729953247,0.000000
A9v4LvDMyXFTkRBKa55ffqJV7kaGLMRf4zypxRcxt4J5,1000,0.000001000,1,1729955943,1729955943,0.000000
aa6cA3A3XrhqKtcTBiSUEgU4owQMbd5QGQbCwAHaErv,1000,0.000001000,1,1730061127,1730061127,0.000000
AAHVJ6zyVdNjFJrnVemDtVUPfduWR35ZhfxbmXmTEH53,1000,0.000001000,1,1730096761,1730096761,0.000000
AALzbREGkCEs3AeJzUSyrhqdNJW9adGG54k83NsR2E7j,1000,0.000001000,1,1730100178,1730100178,0.000000
AALzcbrXPE28BCipb4bErcNnoZf3EHW3q6BEkp7AAuAj,1000,0.000001000,1,1730100061,1730100061,0.000000
AAMjkG7yqFTxvAgKqt68XAjdtkbHDc1oQNW9D7XfwmjA,1000,0.000001000,1,1729964836,1729964836,0.000000
AAMjomtuMG5JTkksPD4popLgRTfd4Mdro1XfH4DPyWjA,1000,0.000001000,1,1729964788,1729964788,0.000000
AAS69zg1vaFPRWmU7fRTPkPbaayjSSEcqZEuLptNRB6F,1000,0.000001000,1,1730080544,1730080544,0.000000
AASAEP13NCchLRjL8jDff51iTU7A1MqArQazDT4W5N6y,1000,0.000001000,1,1730124855,1730124855,0.000000
AAvuHYxcuYLMNHmusMMkQupJxBLvG2cs3MuQRquv2yW5,1000,0.000001000,1,1730120109,1730120109,0.000000
AB2igjpNZF6y2Y9jYkYnUWXJ9FmtWKF9PzYh6K4VdUDz,1000,0.000001000,1,1730004894,1730004894,0.000000
AB2ihWGWc9h8GzD3qpif5pdMxEEBjMLUCAnrKH2bEzJz,1000,0.000001000,1,1730004970,1730004970,0.000000
AbBmndc1PNnD22G6daj1tevA26kSH3jHX7babGjH6vvY,1000,0.000001000,1,1730126374,1730126374,0.000000
ABcuSYYXULDxonvyWxRNMxupkzRa7psxKoUpToymnsUg,1000,0.000001000,1,1730099971,1730099971,0.000000
AbEVDpnxsPQU2CE3UjXC5dVBHWum3WSbfVMyWjBrDyji,1000,0.000001000,1,1729991212,1729991212,0.000000
AbM8RgW7tQHr9mcJSmogcuAKj33qeJvMcsTmxubvwQ1p,1000,0.000001000,1,1730124511,1730124511,0.000000
ABSRDZKb6wcGrkp72dXuCCSPjnrXD4aCGvXr7Vsk14wx,1000,0.000001000,1,1730122079,1730122079,0.000000
ABsrSWefjTU9DNmhWnC864UqXvwdNchhs5RC2yw63jea,1000,0.000001000,1,1729941784,1729941784,0.000000
ABsrWaw5PVsqGEM6o8Wuadum5rnpU4wUb2wmLVaqSL2a,1000,0.000001000,1,1729941909,1729941909,0.000000
ABZZQSTj6o4tvGAD8KXRB5S2bMVujj3UbxkpLiRPri72,1000,0.000001000,1,1730199836,1730199836,0.000000
Ac5yoNy8jPBZ512eS79reKiFeebNbmBHXnPBgJhkCUDG,1000,0.000001000,1,1730008071,1730008071,0.000000
ACcBRLN1NkyYygajduxJduu3YJFbjESDRpRaGK5n9Y3W,1000,0.000001000,1,1730052671,1730052671,0.000000
ACcHmZk2eAv8tdjuhE2jT9azAt9JsXdCgC4EEzR48iDz,1000,0.000001000,1,1730130043,1730130043,0.000000
AchzjCvqRCPJih5oxE2yACSSuPiZN7oUiSNB8kkUHN2S,1000,0.000001000,1,1730121924,1730121924,0.000000
AchzSnYDs6dB3cL6j11gT54wWcWoLURCyFPVfEukMgLS,1000,0.000001000,1,1730121834,1730121834,0.000000
AcJDa4SV2LTBtzAEBdwtS6P4jEGsCp4CvGfthFvC6h1y,1000,0.000001000,1,1730125081,1730125081,0.000000
AcL64iMUZBsZN6oUbsX449hsmPs13ZZgPmUisBR6EaKA,1000,0.000001000,1,1730125027,1730125027,0.000000
AcM4R4ntN5B4JV2Had6XkKEi4y975j6xDJt2XtT3e2nV,1000,0.000001000,1,1729942480,1729942480,0.000000
AdAv1qqSrYjK1XGpsPcSbt7PoptaHnf6hSHABnkCeGdR,1000,0.000001000,1,1729878178,1729878178,0.000000
AdGkb7MMgWLSZ2oJdEPtjfQE7NZtwPTjChD7kDiQMiff,1000,0.000001000,1,1730119565,1730119565,0.000000
ADkhueSpTBShzeEVY8x9L9DxnYq4wPu6pWn8G4xfdS1W,1000,0.000001000,1,1730039815,1730039815,0.000000
ADkwKWimbHnzKr6QFeEhtKmo4Y6xwNcMi88edWzEKkzK,1000,0.000001000,1,1729895703,1729895703,0.000000
ADmLS6PnwnrVgK5Jx6kF6wZnFRvYtbuq17FExfQbo68t,1000,0.000001000,1,1729891296,1729891296,0.000000
AdQWSjwmQkmebUcmec8vAZfW4sQj2qsymeTuBDpU3NKu,1000,0.000001000,1,1730117756,1730117756,0.000000
Ae5AbmwAfsmSEEbm7jRzJBkpCCxDbNojMCocYcFnrUSF,1000,0.000001000,1,1730126014,1730126014,0.000000
AebtJpTc9YUsMnnu11No4TP2NrENTKi7yivthNm7maLE,1000,0.000001000,1,1730121081,1730121081,0.000000
Af1L9x5j9Cr7uDkAFgfvTRsJwBmuhL39f2FLi2vNRUap,1000,0.000001000,1,1730082458,1730082458,0.000000
Af1LycyFmgCQkjPbhoTcqHfbH47nqD1GcwjJg4C9nwAp,1000,0.000001000,1,1730082574,1730082574,0.000000
Af4fdgy9AFVuJZ8VwwA4GUgqJ8D2T8cprB6tcmo3YXU9,1000,0.000001000,1,1729876531,1729876531,0.000000
AfBm9jXNJqLtw4bxstKGw1ZfF8AgiidLhXzCaDggoH1g,1000,0.000001000,1,1730061466,1730061466,0.000000
AfFEbcJSYcLo3jsXoNCd5w6UAyLekn7czwTrx9edKU83,1000,0.000001000,1,1730117857,1730117857,0.000000
AfLbrmevFWVSZ3M9Mo3LacMXM713ZbGRRSjjm9QkpYA2,1000,0.000001000,1,1730124574,1730124574,0.000000
AfmvETGd7G5inxQGLY68fBDRtSwc312qPo4bRFmKHDUe,1000,0.000001000,1,1730119500,1730119500,0.000000
AFNBExKsm7ajRUG1WsYzxNwcWMsXpJbyh63DLxfP8XyP,1000,0.000001000,1,1730083212,1730083212,0.000000
AfvgJVQqC7hB6VSTSc9cVhf65QehfR77NMbCs4EdCSk1,1000,0.000001000,1,1730124486,1730124486,0.000000
AfY42av8prQbKPd4CrZAmYmiL8WEPozrCV9hytZtmEmk,1000,0.000001000,1,1730117599,1730117599,0.000000
AgDL5fVMpfGEQ1mhQTdGDF3xCFaeTyYmqcVEreEVPcUc,1000,0.000001000,1,1730120812,1730120812,0.000000
AGETW8X4k74DRtFPWk45BAkMxcDGiLw4fonsBQhdnCMr,1000,0.000001000,1,1730122219,1730122219,0.000000
AgkBndGgwxCctvdVQ52oRxrcsMn7sUgrK4HqNNG352Sc,1000,0.000001000,1,1730095871,1730095871,0.000000
AGMTkA3Y8DfQKjV91PmB8RmWm27YVdjAmxVNTeiGQ4Kb,1000,0.000001000,1,1730120146,1730120146,0.000000
AgtCmzH2iAGNsoLv5rUnU7MbXdgkLTy4AcXBFx122Mvk,1000,0.000001000,1,1730128984,1730128984,0.000000
AgtCRMysh89YCfP8RpcQYz6ErectX14fqfQUo382Kd6k,1000,0.000001000,1,1730129209,1730129209,0.000000
AH7PfHvT4D3GeUNpkoSjWAGGPgXkZLiKMbePJ6uY5thz,1000,0.000001000,1,1730129235,1730129235,0.000000
AHhvDMe7MCmeHzRMepmusWjgue111LrTkgfZn4916FjF,1000,0.000001000,1,1730117857,1730117857,0.000000
AhwRN7Yg1nWRWNskuqEKhqqKgsrDAvoXKVFEFJuYru3J,1000,0.000001000,1,1730136310,1730136310,0.000000
AidP5AvZedwhVGMudhkBuPv9L76ov3i5qQ7qHMdHtC5G,1000,0.000001000,1,1730024535,1730024535,0.000000
AiDuqn1CdcHhPBY96QhgT6bb3WWHwam3bUMtFU65GMLf,1000,0.000001000,1,1730120887,1730120887,0.000000
Aj9vZ5atmd8WPmB7wWUpMMrna5FkoA7dSNG6uQhKCK3u,1000,0.000001000,1,1729953567,1729953567,0.000000
AjpAuhe2s7aPR2CtxmzKmH1X1xhdfBfZ5CBQVamQNJsR,1000,0.000001000,1,1730116981,1730116981,0.000000
AJUU1c7x3v2RWCpUnJTUhKnwbwxPSxPpuAK3sbVF4B6j,1000,0.000001000,1,1730050613,1730050613,0.000000
AjyjKBvUekXU2v3g9iTUoeoKY8FZ5426qHDm5iddffBG,1000,0.000001000,1,1730117756,1730117756,0.000000
AKfd9oYR9CK2UToyvbGC6J9Lvd3sD4yXMYhsWFPyWD1j,1000,0.000001000,1,1730118169,1730118169,0.000000
AKfdXfJBhw1z1VLHQPqHNSAmT2McAFF4bxisqrbZPcCj,1000,0.000001000,1,1730118256,1730118256,0.000000
AKjCbwuUZfU6Y3mK7VkTWC3LxZDyZMmJ4k35Qjsdsm9D,1000,0.000001000,1,1730089832,1730089832,0.000000
AkKQCbKG4M6NHwipJ4xTBRPTdqFbdpvrpJYuvvztgodo,1000,0.000001000,1,1730124838,1730124838,0.000000
ALABGe8WMGosRLWUooYZEpAmpDunw8WwMeaHSK4hnoS9,1000,0.000001000,1,1729971365,1729971365,0.000000
ALABXZvKRTjVuDbyPMvPfcA3LTjdfwPFzUoxJG5V5mS9,1000,0.000001000,1,1729971315,1729971315,0.000000
ALBt5ZbfV4FDnde6zpa4Cz9KFodPEeLauFDWGdyAwWHB,1000,0.000001000,1,1729958582,1729958582,0.000000
ALJYeP2HoqhUYWwgP5kzdQphToBDsP2sHBUAxocnAYjC,1000,0.000001000,1,1730118389,1730118389,0.000000
ALsBqJwxyv8ddvDWree3fbj43MXDcR4pPdPc3UNCqFAs,1000,0.000001000,1,1730045776,1730045776,0.000000
AM5aginAAKbpYY3XpbRNeq48R8NZ3frwj99VwZ6XAX33,1000,0.000001000,1,1730010539,1730010539,0.000000
Am7JqUhGSVjETduKNSBTXiNVT2E1jG43sakWPBkx3Rx6,1000,0.000001000,1,1730120357,1730120357,0.000000
AmdJpVW64wwa6o2xnLpVq7n3Uv1kHKQ1W2of6Hcrgoix,1000,0.000001000,1,1730082387,1730082387,0.000000
AmH1iSmfxPGGtiCBm5w12Kc9rXYC9CqDuC4RtMwgqRn6,1000,0.000001000,1,1730124729,1730124729,0.000000
AmMioEDrsTX1yEvwMEXdQNL9eMKWQXDXj1WSyyDg5tP,1000,0.000001000,1,1729967527,1729967527,0.000000
AMoHCdACqeoiysMjh4e8XiGaB5gbFj4BNDay43C3Fs48,1000,0.000001000,1,1730049354,1730049354,0.000000
AMoHQKFNs8rMmbcXvYGD5QKyyPSudeJ8RNE4Bsu4ZiP8,1000,0.000001000,1,1730049555,1730049555,0.000000
AMUEFTtEiYXXHrq7sP9aUZSz4sVeevbD6STeTyDcw2CT,1000,0.000001000,1,1730129581,1730129581,0.000000
AN1rXrSNrLr28TNDyLGKCW8JZM4UaGMiaR9ZBjVbtrBB,1000,0.000001000,1,1730088070,1730088070,0.000000
An43AWevMuWgmkT6p8PCZQJUR27MzvnnhJ11YgAp7m6c,1000,0.000001000,1,1730117876,1730117876,0.000000
AN6UzCMaJJ68U7Jpm1Hq6eUPvRgaELZ2m9aURDccgHDS,1000,0.000001000,1,1730120454,1730120454,0.000000
An6W2EbweF2VELX8uoustfjyGtSYRMS5m4nJCroN4KG5,1000,0.000001000,1,1729957408,1729957408,0.000000
AN8tdGDhKiTeR4suSifJFKfWERcuYyNbXWhsxSTWGR4H,1000,0.000001000,1,1729999713,1729999713,0.000000
AN8tta4uce8BaejhSsXzVwVFFsggWYWigqDCc6Fm8EVH,1000,0.000001000,1,1729999787,1729999787,0.000000
ANbmMefKtFt4YP9GC9NXE5yQDmgz25gwD493i3CiLC1Z,1000,0.000001000,1,1730120030,1730120030,0.000000
ANgX2DMr8asKoxWECsaALtLWMayM9RGSYHnx661Rm77X,1000,0.000001000,1,1730116042,1730116042,0.000000
ANgXiVE1hvXgGtkkGvwXJutjt3evyjFd12RYqZpStL6X,1000,0.000001000,1,1730116139,1730116139,0.000000
AnjRKVW5uLwuRE3J9da15SFyLuT1d1arBGvb8XoSAfSR,1000,0.000001000,1,1730133854,1730133854,0.000000
AnkQm2egBhc9xHANxu6S5mjnMnqHXgzHSopfRNvjwSU1,1000,0.000001000,1,1730037929,1730037929,0.000000
AnMnEprsjbvHeALwhoDM8zCDcuKQEt1dBvpbtpDoYqWx,1000,0.000001000,1,1730124767,1730124767,0.000000
AnoM6nL4qs55QzwSSbVg5baGDaXbJV57rCYcEiLvnuvd,1000,0.000001000,1,1729876618,1729876618,0.000000
AnsLNTMXphtz7epN3G6mUidAitxTZawEYC8sFKvWUJ9Z,1000,0.000001000,1,1730126508,1730126508,0.000000
AnUyJ9HServE1RQECnR5rQyzzpW4FQpnCbARLVLwqr3A,1000,0.000001000,1,1729947229,1729947229,0.000000
ANYBZDiadv9mpay8PEgkLs8gAfEvsHy5YXS9dwhecV8V,1000,0.000001000,1,1730035135,1730035135,0.000000
Ao7Sam5DpcQvog45dUABhovYdFRZMqLQBtdnfzgVcQum,1000,0.000001000,1,1730119762,1730119762,0.000000
AoK8ofXZSnFXPjk7XCMAhWH2vxfttB4N6n2bRWuFxEZQ,1000,0.000001000,1,1730128917,1730128917,0.000000
Aokj9ZhZV7twAECk5ZitJaSp8RTp7WgrcHfEsYbep5p5,1000,0.000001000,1,1730125864,1730125864,0.000000
AoqaJmxkpD5nZUadxCVsDfub5jKm7WwgWDaztSayVc2D,1000,0.000001000,1,1730110686,1730110686,0.000000
AoqaVyBn4r7zLCZgEzprBiBjQvYLv5wtN5WtSU8i5v7D,1000,0.000001000,1,1730110569,1730110569,0.000000
Aoye8C8YbNwZF7cvxC8j4g5UdUMQoehNQmATuLZAVJn5,1000,0.000001000,1,1730117803,1730117803,0.000000
Ap3nsQ24mnAt1PwvP1FrQsBLjoGP7CL1Y7xbr669QvhM,1000,0.000001000,1,1730120489,1730120489,0.000000
ApAVGU7Q49M2L5hcEMPN88UTD3gWXdEaohNmPoFRcXff,1000,0.000001000,1,1730120307,1730120307,0.000000
APectwC4NFYULhnFdZ6RQFYzkg7uYGqrLM1uBK5Q1JbY,1000,0.000001000,1,1729941581,1729941581,0.000000
APqqFzkk1nK7gWafhKPPopdYhFVDpBudytBjmEN7sauM,1000,0.000001000,1,1730122719,1730122719,0.000000
APqqP8oKZqwwZSCyb6VxuevxLRuQqSDPokHR6mpzr76M,1000,0.000001000,1,1730122872,1730122872,0.000000
ApT9UrCCQX4SST1YVmM7TcUe2XRvvPvNZ4NuJBZBGFDz,1000,0.000001000,1,1729971573,1729971573,0.000000
AQJ6UR4kRyQhLNo6CKLqZj62yF6L6rRP4SLDLfDUJWWy,1000,0.000001000,1,1730118423,1730118423,0.000000
AQPbapnETRmys8GroJquHoepHXA5Wc28FYdfpPthdbXv,1000,0.000001000,1,1730087004,1730087004,0.000000
AqPgkSdVQJJ9b9wNtqSyvaJEpnCuaGbuJYYoncqvkNKX,1000,0.000001000,1,1729921090,1729921090,0.000000
AQSHvi8UEzo4e5AZJJuTDCZ9Drk2dnzwPwEEJzUEPKvx,1000,0.000001000,1,1730119287,1730119287,0.000000
AQTkWXCybcDcCTQixiZGbnLMgpuJsmyKjwi5Db998XHS,1000,0.000001000,1,1730119957,1730119957,0.000000
ArDQ4XDUbqGzCSsVZXsfT79x5uuShDvLeJmr577iLCCg,1000,0.000001000,1,1730131276,1730131276,0.000000
ArDQNmxaG5SG18t7B25RKJY2eJrUA17QjNCck7RPqU3g,1000,0.000001000,1,1730131694,1730131694,0.000000
ArrLqC9GWS3DVTeeueeYgWcBremwzdWDJPeSut5h6GDD,1000,0.000001000,1,1729985558,1729985558,0.000000
ARWZHEqVmyyT85jWRfHeArAHKpG1t3dXQenpDBbfDYK2,1000,0.000001000,1,1729893320,1729893320,0.000000
ArYZgwV4KzV352GNLr7zUAi7HD8CFrjPbfs5kpAj175m,1000,0.000001000,1,1730131641,1730131641,0.000000
ArZkhWjaebAi6zUH5TxSDtpovoW5SPKFzcrmrmPAYQ5j,1000,0.000001000,1,1729946372,1729946372,0.000000
ARZUrGQVHvopbCPMK2J8FK89299cgrtz8PW8Qm7Msp1o,1000,0.000001000,1,1730117003,1730117003,0.000000
AsAoQTqd9BknxMGAoArAxAygrwrzABriWBaHUdm9xeoz,1000,0.000001000,1,1729949698,1729949698,0.000000
Ascm5yS4vGXjhiipvQdL1ce8KE6L9fh89TDdXUf1745G,1000,0.000001000,1,1730129871,1730129871,0.000000
AsLcGCWw4rBCgxKQKR1PzkkFtxQxKdBxuvmnvVVbn11D,1000,0.000001000,1,1730071033,1730071033,0.000000
AszQLAjqCT8aKGjsktTKLpwaKdSpFDNomxmCws3tuMA5,1000,0.000001000,1,1730104325,1730104325,0.000000
AtNfZsGHwm8nmtRrEVsD8t5gTPCco2rSUGPXNgu16iqG,1000,0.000001000,1,1730124817,1730124817,0.000000
AtpamLjvxvyQVfpaf7ZBRV4cwDj475M3HrjLqdM8Sr4N,1000,0.000001000,1,1729995496,1729995496,0.000000
AtpaTd47jgzrufP2RU9qjmavHXn4Y5AbiniMKAjaNDpN,1000,0.000001000,1,1729995553,1729995553,0.000000
ATTLMc12gHkZf53f92KPiYQz9DdYzQ6zSE8iF96rgNAW,1000,0.000001000,1,1730050422,1730050422,0.000000
ATutr2k1rwDYcnNycf6Daer469imbDxZTdirDRycWG4w,1000,0.000001000,1,1730129553,1730129553,0.000000
ATWvo7TTVKgia7cxYcHV46EwCsUGjqnSbLYSyj5GygN7,1000,0.000001000,1,1730125081,1730125081,0.000000
AuB4UC643UwBFTwKDiUtkeTXBDFEYaJmCxZesbkiwQ5J,1000,0.000001000,1,1730120225,1730120225,0.000000
AuCk3kUVqSfLTFf2F9ypXDRW135mqT3vNThXGN6r1GHh,1000,0.000001000,1,1730119442,1730119442,0.000000
AUmf5bL6KpfWAKK4ayrEt7TdFs8ESp5L64XjdBuig7Tc,1000,0.000001000,1,1730118421,1730118421,0.000000
Auox4fiXGsmzszSF7VHVkdbeM7uFbirmGeYvL39Q7X2t,1000,0.000001000,1,1729988133,1729988133,0.000000
AUvhLaoVZW2bLMa5St1kTauUEj8kyfZKhCBC3t7Up5q1,1000,0.000001000,1,1730086555,1730086555,0.000000
AuXTCnHCB9BSFMbh6QQE6ED9ET3mb6BLh6jnUPUv5M3d,1000,0.000001000,1,1730104897,1730104897,0.000000
AuXTFyADW4dGGxSQaBAnaZXRpBdhMMDfTxXnAjj3BAPd,1000,0.000001000,1,1730104791,1730104791,0.000000
Av38S9ewqzvGAeciMmiy3dsS5HBQAyJ8jrVrnfGQXrmF,1000,0.000001000,1,1729873985,1729873985,0.000000
AvC5BKVT7aNVanoVJ2TYn3ZwbJRkpaBDVLPo6Qp3xGns,1000,0.000001000,1,1730119977,1730119977,0.000000
AvC5F2SzpzFKhJQUvgLjUK4GaPaBx4wUakFxyoUvNF1s,1000,0.000001000,1,1730120092,1730120092,0.000000
AVcsoiqEZH4bsuhXEAK3R71kdg9iPReu4h5QcbFh6dsy,1000,0.000001000,1,1730124778,1730124778,0.000000
avG88QRKHvxMQPuqDhAZS8DpyuSTi7Y9bhb4hJ3ShsW,1000,0.000001000,1,1730124322,1730124322,0.000000
AvRqk1Uq3zQoFg46HXXd5kPPTizqczcqsuZS6mTgJK3i,1000,0.000001000,1,1729989456,1729989456,0.000000
AwccV6K4M4HiFPJotVPtLbVicyxRHrER3XGnrLJ7gDcV,1000,0.000001000,1,1730131442,1730131442,0.000000
AWEbbX5NxwN2BcWP4XLuU2VjMtfDw6Xtxse24LFLTa19,1000,0.000001000,1,1730000718,1730000718,0.000000
AwLc5zeSprrvoLU1row255vWnw8uQhvc7EbwTg479p3k,1000,0.000001000,1,1729920136,1729920136,0.000000
AWPVG32yXo1dhxp6UyxDxWLBbg6cMrfyiUZFEqfvKCfJ,1000,0.000001000,1,1730109219,1730109219,0.000000
AWPVqQymDTLLakW7HChcDLtkbnTTbFU89cXRQTJZxsJ,1000,0.000001000,1,1730109321,1730109321,0.000000
AxMQAkBJpgSAWtVmdWerBu9WCkgVTDJBQuGHsy2GWD1u,1000,0.000001000,1,1729992555,1729992555,0.000000
AxMQovEC8sW32Kkvp8cFGWWXE52JtC8XBhcynDgqUWfu,1000,0.000001000,1,1729993483,1729993483,0.000000
AxrFSYQXXYk3NF2jFM6GkaapWVjJF9F3BbXXMrKxQ2ec,1000,0.000001000,1,1730118392,1730118392,0.000000
AXV76TPPGeFGWVtSH3KVtQUxNB4x4ReaWpZvPS2usSwM,1000,0.000001000,1,1730084825,1730084825,0.000000
AXV7V9jkyTPZTgTyf5MzeEgzURNRWZwhwGHcSNw9Qh6M,1000,0.000001000,1,1730084929,1730084929,0.000000
AXxGWkvB7hPitjXNFB3u54PAfPXKSSso8HucTv8Fye3n,1000,0.000001000,1,1730038734,1730038734,0.000000
AXzz7wjWzAYYQrnbSnB6XfA1maMMz8RWvvBoLUVurYgN,1000,0.000001000,1,1730117822,1730117822,0.000000
Ay9VfMEBW4DBYyX8w7D4sYDD4dV5poBcozy2C2cVCY1w,1000,0.000001000,1,1730037892,1730037892,0.000000
AyEjvRFENpWmfZzBappjPxcvfYAkPxNFeFRWSsrHyY4t,1000,0.000001000,1,1730118507,1730118507,0.000000
AYRrsxKNWjtmtyrsdhzhQRt3uUQB17Risi3H5s9KeEsw,1000,0.000001000,1,1729953375,1729953375,0.000000
AyxnzfaD5iC1mv9EmNSiEiGM9CmXvk8ie1RsYCfJRMrg,1000,0.000001000,1,1730119907,1730119907,0.000000
Az8KjYaUUxQDEmA9sKbh9dYnfvBsja7uew3wpRGFKNVD,1000,0.000001000,1,1730130396,1730130396,0.000000
AzC34x4xq5wZ3HggcnRwsrHx9kk7j9DzkxrVmEfQXYMC,1000,0.000001000,1,1730080588,1730080588,0.000000
AzcVbBCvRUgeEwbvtQ3MvaFM9Xcag26za5yLi3EPrtMZ,1000,0.000001000,1,1730063699,1730063699,0.000000
AZdKQFH5UJs6yvAp3p8XBpBtf37bvavxbc8jrog1uEd7,1000,0.000001000,1,1730121883,1730121883,0.000000
AZDMPzCDBXru6yZuoDhhxMP12myYeEMCpdqAS2zx63jC,1000,0.000001000,1,1730118011,1730118011,0.000000
AzURQgPCnGP6AKFbjip4wcbp9j3yk4v1fDsEZtHG92EU,1000,0.000001000,1,1730120298,1730120298,0.000000
B13HZcFrCtMX53ZeM6QdMdjY1KpjWB4JhT2BdFxhr81L,1000,0.000001000,1,1730124972,1730124972,0.000000
B27wqtXGS79cpHm9VcrmNza72g5PhCVatZKcXCyR2WyC,1000,0.000001000,1,1730120195,1730120195,0.000000
B2937XVpLBpPMMf1jHcb4k9BUV2xJDAFTJiryZo6AraJ,1000,0.000001000,1,1730120195,1730120195,0.000000
B2A1tRcbtt4wTC7Z4JKRbCDGpNZgYy6B9niXPWmPJwjG,1000,0.000001000,1,1730124291,1730124291,0.000000
B2b236uSVFmRRdLDpTtiyh6vdjhC24KCTKT4eRBQCp72,1000,0.000001000,1,1730126189,1730126189,0.000000
B2gaGGKmnUeuerRuDub2LntzVZk6sXxrfcHqnGihZy2C,1000,0.000001000,1,1730057235,1730057235,0.000000
B2J6mPETS6BHqyhW97sD669CavymkUQZR6tbJXoExv4P,1000,0.000001000,1,1729993240,1729993240,0.000000
B2YKnLVkQNxQoVGsgLE6snFC8tP1AZKiqKr4LWQVbr2e,1000,0.000001000,1,1730058328,1730058328,0.000000
B3aow1qn1Bf5hpuJTNdDdnGAuXwDKbTURTHCuSvBwyDq,1000,0.000001000,1,1730119120,1730119120,0.000000
B3fun2FHrpJpSfg2qooLX4ndhYRrv3DaaBm5ZimjiNxp,1000,0.000001000,1,1729876417,1729876417,0.000000
B3k3XDJJawr6ESq8F7pykFWDnHogJGPAb8BL2po6HKFj,1000,0.000001000,1,1729974070,1729974070,0.000000
B3qxZtGQQKpLTEZp9DnQTs6bLKH9zDcHXRUTojPV9y2S,1000,0.000001000,1,1729967723,1729967723,0.000000
B47AT4JKU1yRg1oumpxmsgByHd6wUCzQYrvSsYxMvSA,1000,0.000001000,1,1730082855,1730082855,0.000000
B4CmvXMYYhW1DtXNb1j7tdkRRryvZY2EouGmnEGF22Gv,1000,0.000001000,1,1730120545,1730120545,0.000000
B4Ejd2Gm143eEwuvQNe5JjgNrHhcdibfEYqAP4gEZw5S,1000,0.000001000,1,1730127135,1730127135,0.000000
B4EjESrzx94Z2caDzU3i1QxUEYrXH6vsynRgLkBm9EkS,1000,0.000001000,1,1730127295,1730127295,0.000000
B4HLoVUBXXp6HmQ6BNbGb1iRsDu9BAVnDGvwxeL2gMPQ,1000,0.000001000,1,1729892192,1729892192,0.000000
B4LwmdHwYnVw7QxQqvY1cbUnK3V4DmwU4cV22AqH757R,1000,0.000001000,1,1730120772,1730120772,0.000000
B4MEbnHntZX32szs55BhjCgDCw13wPBjC9XNHZhCtV6E,1000,0.000001000,1,1730120335,1730120335,0.000000
B4RQ3hyN1xnDLERTxYTUiQx8hJ4dned6Nmvk3fiXUgLT,1000,0.000001000,1,1730081313,1730081313,0.000000
B4w6R5wuCBrZ8VJ68rsCkW91AJYCrAPm6HEdbJSe3n1d,1000,0.000001000,1,1730082156,1730082156,0.000000
B4Zy4Sy4dc2aKojJqGzoFBvY3YEGLshaKxVLTjcwo55u,1000,0.000001000,1,1730039150,1730039150,0.000000
B67816VypRWhiDpuigiTnJmUBXi2jLG4G8zGEV6f239T,1000,0.000001000,1,1730123907,1730123907,0.000000
B6Miu1dwLnEkPzWPVHcQfmFVAAp1Bw3nxuZqooi3VwMb,1000,0.000001000,1,1730120815,1730120815,0.000000
B6t4akyiEZxNxTagX2BQNT3SmkqVPkPPqbsQS9rUgPYJ,1000,0.000001000,1,1729949091,1729949091,0.000000
B6uiFd4VQevmeFu38YLgAgX5kzRUmCGJe44uY6ioZb3g,1000,0.000001000,1,1730100074,1730100074,0.000000
B78kLiGNEE3AWzsRnvQ9wbDZ2n3Vi913v4189EPfA92Y,1000,0.000001000,1,1730120104,1730120104,0.000000
B7aFCFLg5DUYnmwKJoZBAbvSWxdYkPaz63gHbCF6QDio,1000,0.000001000,1,1730120394,1730120394,0.000000
B7FH8mVBFEEFGDkyxpYgaUqM5iDKYZeRZNWHwUWsZTRd,1000,0.000001000,1,1730125023,1730125023,0.000000
B7RD66279yLsCbBXfMay7UgY55UghijdFPg374HN8U8S,1000,0.000001000,1,1730123168,1730123168,0.000000
B8g2bMmt1VPynsUkt57s7xgkQEmW3uetrPWZ6sLsP62J,1000,0.000001000,1,1730115428,1730115428,0.000000
B8g2m5fLkSJiVwQTpZ2zDUJ1t28npys8M8yh2bxmTwNJ,1000,0.000001000,1,1730115263,1730115263,0.000000
B8VPKfJDpCzt1tmyP4ByYPHbKh28cyJDwGcwqfF4oXm5,1000,0.000001000,1,1730081360,1730081360,0.000000
B8VTY37YG7zLdK9niARBbYRZEVA6byVbehJzPs6avqo5,1000,0.000001000,1,1729889588,1729889588,0.000000
B99Tg1NHmiFRq7b4puxTLBN5GFTgrAncjC5YcvuioZWy,1000,0.000001000,1,1730118355,1730118355,0.000000
b9ZVHe5T6XJ9gYgoSyHVWut3Aj4kkYhuDqpATEy4REc,1000,0.000001000,1,1730098823,1730098823,0.000000
BA16MyZzpcZEohghL5Ym98cBnC8GTNkosUNktnDnfKEY,1000,0.000001000,1,1729894777,1729894777,0.000000
BA5r6g4JvnPgHwyjKCJYpXU7JUJPmmECFL8PkuYEKw3s,1000,0.000001000,1,1730108443,1730108443,0.000000
BAaDySAA8zdnKrbMBdDw83dw6Xthr126d69jd3EK5UUi,1000,0.000001000,1,1730080674,1730080674,0.000000
BAByUXXsUzdtDCxe3buX9Xk9dSjPqSKpuLepbGcZQNLz,1000,0.000001000,1,1730124335,1730124335,0.000000
BAHR6tFecafskcqSx4hXN2wcBDRSzYWB9zJTEHsQx9Xx,1000,0.000001000,1,1729929898,1729929898,0.000000
BAk2JFGWU4LPRFdj4XaND21Ft31SVetpEiHtok21PPjQ,1000,0.000001000,1,1729977080,1729977080,0.000000
BAk2VhqtV2jMBLyK45xwMYqGWfwb3h8uHgZJRyETax2Q,1000,0.000001000,1,1729976985,1729976985,0.000000
BaNzZbyYigaQmwxM226PMofXvaD7RBeFhfxTAtvqoLM9,1000,0.000001000,1,1730118418,1730118418,0.000000
Bapo2z2zMiwXKPLrfdAk9Rut6gDorQPJCAjctXQPJ62v,1000,0.000001000,1,1730120338,1730120338,0.000000
BAPym2cEJQr76oviH5nDp3ws7JveqUTVRiPW7kXNWEmn,1000,0.000001000,1,1730109610,1730109610,0.000000
BaR3A23HMzEvMPxVYb7F3agoJovFaykKU25sqKnUViwN,1000,0.000001000,1,1729948910,1729948910,0.000000
BAtgn91jmN5bdQR2VgLPXwrErksEKg99wM2686ZTDD86,1000,0.000001000,1,1729894585,1729894585,0.000000
BaXgY16xNwQaYKwbVgaTG6UjDWuguLh8PZAFvmUygzHJ,1000,0.000001000,1,1730119640,1730119640,0.000000
Bb3Y1WjUWareFXz258VSwcbYBCJekfuPhcjhgnfEKVXb,1000,0.000001000,1,1730072141,1730072141,0.000000
BB9SD8X2myQtiX2z1YvcofmABa2RrfQDrVo1FYJ7zs4Y,1000,0.000001000,1,1729952020,1729952020,0.000000
BbeXdD2D1atNMo2NXxRc6jERnVMiHSQZXc4me5awomJ3,1000,0.000001000,1,1730113618,1730113618,0.000000
BbeXq3aWvT18D1wVyxDAyQHabgn1DFQdbWLJM8AF9NJ3,1000,0.000001000,1,1730113724,1730113724,0.000000
BbKgcLwzvyT9bKZashXrr8AT27GKygHn1D2omWWCjZsy,1000,0.000001000,1,1730121807,1730121807,0.000000
BBnNGoWxGdVH8NVewzFUUuh1Y3dhY79m3D746MpWjx6G,1000,0.000001000,1,1729896943,1729896943,0.000000
BBrbStdc6rjGcw8zUThuRdMqss65MrfXg7MngWvbPyoe,1000,0.000001000,1,1730118406,1730118406,0.000000
BbxTs5vks153YhsPxMNmow3SDtV382kTrwJP3Fxc2HW9,1000,0.000001000,1,1730114135,1730114135,0.000000
BCEtWrC7AGMsbxz6iv1GE298wzB7LaXmjuGNp1NMuWSq,1000,0.000001000,1,1730126472,1730126472,0.000000
BcJxiJ8aciqQJUzer56oSTfRq5kDS7Q9aBmPa7QDxt4k,1000,0.000001000,1,1730124599,1730124599,0.000000
BCM56wPWWQWtTuzkXWMUWc7YTWAFB97hPSyzeocvJbFa,1000,0.000001000,1,1730115296,1730115296,0.000000
Bct6JGavik88EpUGscE4V77EvyUu9g6Fu4tc7JmCfs92,1000,0.000001000,1,1730058008,1730058008,0.000000
BcUAp5R3d8p4FjhMABkRebTivRQp4jmD8Q9YqmFBBW1G,1000,0.000001000,1,1730116786,1730116786,0.000000
BD5ZQDBTWrgnVMP3fQ5gyTZQ2maCP19bPdmvUQJRZTD7,1000,0.000001000,1,1729969815,1729969815,0.000000
BD8xpeHS8CbM5gCcaAF1eMorWPJ6YvyCBy5prTMNuEaR,1000,0.000001000,1,1730124554,1730124554,0.000000
BdCJJaeF8GmU2vd1b8ujF6NhQmgQgYM96KVMo5UC61B,1000,0.000001000,1,1730035620,1730035620,0.000000
BDJeF7SCcvQn8vVyvvnibRdiKfq7W9b5meJQox2JeM1E,1000,0.000001000,1,1730109152,1730109152,0.000000
BDL62VnX2EgkTmCZR8ynFP8TuiEVf9zARMHKQzAxTHNH,1000,0.000001000,1,1729984873,1729984873,0.000000
BDL6WxGba7fth8dkeHbSpMH8vEEewF6MZivVgvDH6H5H,1000,0.000001000,1,1729984780,1729984780,0.000000
BDMAiqD4RcyEHXqJqF7v95N1tZ3qLthHbjPnzc1znX7C,1000,0.000001000,1,1730120704,1730120704,0.000000
BDNAKcwGgcUwExCU8ME4dSWb9uqCkgtqkEDHsbV29uck,1000,0.000001000,1,1730118441,1730118441,0.000000
BdokDA3bixFfuyi1k6vstVfMideeLmpsQs3n12ZmCSiL,1000,0.000001000,1,1730119287,1730119287,0.000000
BdpVw8kfMgfJQK23fECBFB9c7WNsKvfJEisCkvp21sj3,1000,0.000001000,1,1730112873,1730112873,0.000000
BdTB8Ao2Yj2S1Goae6j9sfR4GmHoWwiDZZAGtFJsd8Zi,1000,0.000001000,1,1730122804,1730122804,0.000000
BdTBUzmP67GhCKkcv9S8tSLzPgEJ5VjU93BQRRKTzk2i,1000,0.000001000,1,1730122910,1730122910,0.000000
Bdu728GqRuqrjXE4sa6E7ab8x8LEUp4PBmByHV8qMpmU,1000,0.000001000,1,1730119117,1730119117,0.000000
BE9CxpBdpV5reYFgjRYZkHgQVQma4hJZVKF3yLf2yJtt,1000,0.000001000,1,1729891292,1729891292,0.000000
BECkmtRtJpCPr6svVNfJ7ZY3R4V6TA56g8scCz1tXEkJ,1000,0.000001000,1,1730124734,1730124734,0.000000
BeDLAHwxydsxe1hxc6wJxwuT8sSHj3J96nPLtpQGFTTF,1000,0.000001000,1,1729954009,1729954009,0.000000
BeDsHNkEKg2PNpHoc73nyzHEm2DcufiKDNThnXSFMc1q,1000,0.000001000,1,1730050643,1730050643,0.000000
BeUfYMQqEaGjs7WusPhoRXNszaadn9jbfQeWrpRE9FCU,1000,0.000001000,1,1730120335,1730120335,0.000000
BFEDNjwrvuB6ATqzcgoxFYuUG984zsJv5dMyVEfUpdnB,1000,0.000001000,1,1730119311,1730119311,0.000000
BFLZZJ3ksDqZsLigLi3HVs4LV4ChQGkxyxwJGLX1qZDZ,1000,0.000001000,1,1730120155,1730120155,0.000000
BFMvpUwr9PFgBGutexgBVv2hTzurzmcDuTMdEarwER1f,1000,0.000001000,1,1730003699,1730003699,0.000000
BFMvwcgSqiKxvoFd1MLkmu5RM5ENUw9veHZE9Bdr3gvf,1000,0.000001000,1,1730003760,1730003760,0.000000
BfTFJkBmbJEkT24yhjCpwR8MbBkorbuTfpumEDLkjdAo,1000,0.000001000,1,1730061281,1730061281,0.000000
BFtH7RFBJzpEuqv2TsUKg734tHP1caHt6E5MDRNYz9FJ,1000,0.000001000,1,1730117690,1730117690,0.000000
BgCdByHghcSK5dhepLuWuTaUYBVNqLMQqPgmBpuzSYzq,1000,0.000001000,1,1730117674,1730117674,0.000000
BGf9u8Te5Ry6PeJVA3trc9rFez7vsBReDKD3Uzw7aG8p,1000,0.000001000,1,1730124808,1730124808,0.000000
BgFJVGNsg7Hb5nvfBtags4rL4bSKcAqVMd15EqCPRLHj,1000,0.000001000,1,1729896523,1729896523,0.000000
BGFpCYFwKW7rvoGmfxDme9pWshfr3K2Me9NHZQfi3ERC,1000,0.000001000,1,1730118389,1730118389,0.000000
BgJMemoNGeJuHAmHRTNDzBnn3aJkWh5SMBa6aahkJqHo,1000,0.000001000,1,1730124963,1730124963,0.000000
BgJUH8uEn7614AiSYWsoZtJiG9PZXZL6PqDvWKotTU1r,1000,0.000001000,1,1729930964,1729930964,0.000000
BGsy7WC7D3MXdWiDPG1kLDj3ydyCSJcSK9nQfgUxS82e,1000,0.000001000,1,1730073084,1730073084,0.000000
BguzwREj2Zv5PxoKsoVYHWzLMUPC2wEw14TbLs5vGK2f,1000,0.000001000,1,1729920022,1729920022,0.000000
BgXBSGUBmRMc6FLERhPVPq6mjbf5tv41Rfd97jECoGTn,1000,0.000001000,1,1729886292,1729886292,0.000000
BgznaHNk7qaf5oL4c4zMMYh7fprzrSEpaN9bGEt33jk6,1000,0.000001000,1,1730120056,1730120056,0.000000
Bh2J7LZMXm3HSkzxnGgSxhQ2zKtW3NX88Kb8SDyN3YKE,1000,0.000001000,1,1730125482,1730125482,0.000000
Bh2JVevLrbQrcXn8QNyY3pHGQ3jn8xi4wFxpnhzd7xVE,1000,0.000001000,1,1730125368,1730125368,0.000000
BhvCSYSHuWqvKKUdM4LGqAN5dYsvmVFGA9xjefMVgHD5,1000,0.000001000,1,1730081418,1730081418,0.000000
BHvWpss1zDVE2vNcSzy7QhBT5mgey8LnVR11A4qtWqVF,1000,0.000001000,1,1729878083,1729878083,0.000000
BiDygnhSKPkE8Vkxsirqh13getBQSkcscNyXsSs3pxkd,1000,0.000001000,1,1730086942,1730086942,0.000000
Bis54rdH5JnrWp1uVUWcf1QKDAoNnjmTvzQoD1trT7fv,1000,0.000001000,1,1730117541,1730117541,0.000000
BiVJFQ3YLneVspnhR3gUGKmWp2RE6J8eG1uFuQ3kkv3A,1000,0.000001000,1,1730026084,1730026084,0.000000
BizkWRPFkXAPXrxsaN9c74VeMboRYa2NdwNKhm1PBT8e,1000,0.000001000,1,1730128584,1730128584,0.000000
Bj1S8r1zMWaD2YAgUn66ugueWZmB4Czd6d9bZrQBo63d,1000,0.000001000,1,1730113032,1730113032,0.000000
Bj1SJbNowHaJDNXSkPXHXrznXdqVJipDgTn8Pc3hBsLd,1000,0.000001000,1,1730112915,1730112915,0.000000
Bj6wYY46X9rzJ5b8kdC5mNGwXL7ZYHzwxKtRMqjPFBCs,1000,0.000001000,1,1730039984,1730039984,0.000000
BJEtKzoDsNGEuj1g67KXtRsYZuABS2dJSuxLuQKpDgay,1000,0.000001000,1,1730081485,1730081485,0.000000
BjfD7SamGUPDaUhzJE6rxbtsNFPSmvqb5QQmMEgoLh1k,1000,0.000001000,1,1730121605,1730121605,0.000000
BJFdsdtAtqmdFonBaYY2pnLQ8uN7osMfmUoX8MhpVDea,1000,0.000001000,1,1729899611,1729899611,0.000000
BjG7TKvvsoMMwfpiipT16qrXWrZwRkiKDXayFfcBYvsr,1000,0.000001000,1,1730119300,1730119300,0.000000
BJThHzduv5WyAAsTutuVfTsUqbMU2RTFDfGFewxYTa3s,1000,0.000001000,1,1730119869,1730119869,0.000000
BjtU4WZGgUK7JW9rQiam41yQFmSYG96SeFLJNSPSPBkA,1000,0.000001000,1,1730119605,1730119605,0.000000
BJxRmvKUBRzqNNryiGXECAX8Z2xsQu4TjifXcoy5wCNs,1000,0.000001000,1,1730129819,1730129819,0.000000
BKdVXbjQVqi8RQ9TsLbQppwPWahmdiZuwR1b5c6MzcHm,1000,0.000001000,1,1729989777,1729989777,0.000000
BKJ3NgqQ9ummNkrm6VR7HfTpnMSGKptGMeTPE4Wksgjw,1000,0.000001000,1,1730118535,1730118535,0.000000
BKm9hYJni7H1iBta2Gx42tUNiB82AZLm9mWeFY8xg2Mw,1000,0.000001000,1,1730117799,1730117799,0.000000
BKNCqE66LgMGCaTLvVCJJmKYdGit7ZAxKPcsARMQDJPc,1000,0.000001000,1,1729959166,1729959166,0.000000
BkQSRzYevWR2TKZwiCuQbvV67PxTW5d1FUwDAke61k2V,1000,0.000001000,1,1730120856,1730120856,0.000000
BKSX3fbCMJY76tAQeMfwNPWatbHz4DcQu5MxXBQdh5nD,1000,0.000001000,1,1730001488,1730001488,0.000000
BKSX61BpScxX8m2rQvUMMJWxQ9HxkzEUKD3dzE3Aq2KD,1000,0.000001000,1,1730001444,1730001444,0.000000
BKVtc3ZuSRqJjtznRZY7A2DKKGcJmuwLWBRgZsC9bDUL,1000,0.000001000,1,1730117886,1730117886,0.000000
BkxNV6tLzf2BeEMFJzsRm7fcyHLxsa971TRVkDB6jx9N,1000,0.000001000,1,1730120100,1730120100,0.000000
BLaxectZAv5KCLGTkvYqbmfx9zxRvBwkz6TqnKyCD8gu,1000,0.000001000,1,1730125942,1730125942,0.000000
BLCXPVkpZzvMNmUjawRA3VwermTjbqnRtWKY6D94AZCR,1000,0.000001000,1,1729875040,1729875040,0.000000
BLnwwpx97oSRr7bpj1xcpBKidvkhEBqoAt9iCb2xQ8TR,1000,0.000001000,1,1729945374,1729945374,0.000000
BM5aqy2jbeWV72yuPm8N4xYmibN3p5dw7TpYZ7qdWnMf,1000,0.000001000,1,1730114474,1730114474,0.000000
Bm9KB2Zhaw4WfeNdByf7m8PoKjxaRJZJ5F4aHbTSpcZt,1000,0.000001000,1,1730118480,1730118480,0.000000
Bm9PRkpE54WD6x2SnVJkUWtF5wvZgYQuhdbP48ZW5zwf,1000,0.000001000,1,1730076722,1730076722,0.000000
BMH51hbhFgEAtuwGfWa9gPS2q5uQw5p6txer1indR963,1000,0.000001000,1,1730074304,1730074304,0.000000
BmwrVGAWb7rcqGf4HSF43YLHi8Xzp3hJ6RfDjCDmPaB4,1000,0.000001000,1,1730119218,1730119218,0.000000
BMWtkuEmkKmYMZDH99syxntN5Fod9ncJ5CcE8Gdh5cnn,1000,0.000001000,1,1730123036,1730123036,0.000000
BMWttdEniWpHhyardnei9WWGveRTkNaMeHm7fARB8F5n,1000,0.000001000,1,1730123244,1730123244,0.000000
Bmy9FJkQH1843N3N751DBRcDEGu83KC3dGj5BmmbR7vx,1000,0.000001000,1,1730124628,1730124628,0.000000
BMYrayr1823Hvw5J6ZDEjhz16avZGeswcWHtTwUgb47F,1000,0.000001000,1,1730043478,1730043478,0.000000
BMYrg6LLSRdWVPzJ88cRPYRQUA3bYVgsj7bJyCu8BtCF,1000,0.000001000,1,1730043494,1730043494,0.000000
Bn9QR9Y6ZKHe896FBJpgN47aCWQCmvjo8veNYRBV8ExA,1000,0.000001000,1,1730096803,1730096803,0.000000
BncfjgAbAbhzH6gcEsBnrMwWSZvVyu1UMyeUiET7DUTn,1000,0.000001000,1,1729993516,1729993516,0.000000
BNe11RBbGvY4XvJ1nVU6FMTcR9a2LVDM3GiHaMk7Tg4R,1000,0.000001000,1,1730122136,1730122136,0.000000
BNohu171fhcdp5EjRLFHrCzh2VkrC2kpCwAoa1FNVhrX,1000,0.000001000,1,1729964681,1729964681,0.000000
BnwLQxvvXXhBEQB4AZ8DXctHbkSQDz6bZSREfjh9odKn,1000,0.000001000,1,1730114221,1730114221,0.000000
Bo5gFEt1kzdbPwHdfQqQ9QSYa6uYYvjd4mzstJZDeHVx,1000,0.000001000,1,1730121482,1730121482,0.000000
BoHGAVALhTWV3A9A8ET5KQwSA9ReRFFWfchmpjCsc3wc,1000,0.000001000,1,1730120519,1730120519,0.000000
BohnwwnpKq21wUTySTgYS7pCA1G4KBVwm5NrhJdwSkQj,1000,0.000001000,1,1730118521,1730118521,0.000000
BoTwVyC7PZpJW6sk8RDDCAfSkw2RZZTdF6adBNyvEKyD,1000,0.000001000,1,1730124466,1730124466,0.000000
BozpXxVHYtFmUdhkvSDDS7FcmamKDTiWtyK6iJpu1x4A,1000,0.000001000,1,1730120412,1730120412,0.000000
Bp86wAPPLzv9W5GWMVWkWE26U32gsayMvP4vbLgZ7YnL,1000,0.000001000,1,1730038566,1730038566,0.000000
BPin4hDVMCBP7mWRg6vDscHtfmRUv375x8q3TE7fPLCW,1000,0.000001000,1,1730128891,1730128891,0.000000
BPino5pQ6XK1yEDKERB8HTL9ZV6HX8WPiBmAxPybuJ3W,1000,0.000001000,1,1730129262,1730129262,0.000000
BPJmiRAEpRqQBt6ELXteCc6S5o6QiHGygbVGsrECDK5K,1000,0.000001000,1,1730129811,1730129811,0.000000
BPW8ioV3EpYKpvWpfT6Bd1uzsZXcQASFewecWMnHbh5q,1000,0.000001000,1,1730129109,1730129109,0.000000
BPW8tVg3z9rA6sW8QFRoWJXjyFjGANaUuFN1He9Fj8uq,1000,0.000001000,1,1730128963,1730128963,0.000000
BQ57NvMsbBBoL5BbXmabyrh1Kh4bMe1RzBFVaUJuCpKg,1000,0.000001000,1,1730124227,1730124227,0.000000
BqHZja2wKjR5EfZ5YEiA3FjnzneYSWQaGHD8Up96D28J,1000,0.000001000,1,1730038172,1730038172,0.000000
BqiH7xJR1jezb5AywtxSGqgixLbK1o4C37gNpFAzasEK,1000,0.000001000,1,1730120353,1730120353,0.000000
Bqs5GdSKjJ43qkXU1QWqgPH6Zu3RE4w3E1Y3NmL8Yhkn,1000,0.000001000,1,1730122163,1730122163,0.000000
BQz4QCMoTHqjKPD9Q3DqAzMPPGtEqJYth2sgPhFRdLk8,1000,0.000001000,1,1730081895,1730081895,0.000000
BQZQ9ke7zF2HDihW1NQ6zqCVBYH6UkD39eJLhvvuzj1,1000,0.000001000,1,1729935517,1729935517,0.000000
BQZQaRJjvDRLUJ2mmCDEF8jzM3T2SX3Eyw1AXJnMvF41,1000,0.000001000,1,1729935437,1729935437,0.000000
Br43p8tAxsAhFuSxm5fPGTeuyx5pbdFshtZqvfXTp71d,1000,0.000001000,1,1730127670,1730127670,0.000000
BrcEnUiRe6ETfvEeCqR5BEoTyFMYZangFmrd3MtqDqM8,1000,0.000001000,1,1730124554,1730124554,0.000000
Brdidar2NBnJ3QQVhSuhNYELnN9Qufy7WFzLajWun2BQ,1000,0.000001000,1,1730071141,1730071141,0.000000
BRG8HnYtsJawv2csM3hYLz2VUnB6nqMxmigD9iT7oVn4,1000,0.000001000,1,1730041520,1730041520,0.000000
BrnwQPzRufqXcWm7MSuqEH2C8HDqVhfH1c4oGWwbPY1q,1000,0.000001000,1,1730113769,1730113769,0.000000
BrnwT45oPw4SZc6oNgfdmm9MsqJht3MuGJqRJyskKSGq,1000,0.000001000,1,1730113671,1730113671,0.000000
Bs2uEXWe33NBggqyFFC1uNYUm25UQ1hR1Qp6xVFponiu,1000,0.000001000,1,1730126555,1730126555,0.000000
BSibPpdb3xQRrzSGdh2FnwkKM4C4ftdS73B4frdrZpxp,1000,0.000001000,1,1730117263,1730117263,0.000000
BSJjYpYF1x1fSve3BYiE4wFDQFaqiUC5Sjxn8AfGb4KV,1000,0.000001000,1,1730081297,1730081297,0.000000
BsxigaUq9nYcziWBaJLCEQky64ZqHQNwzMyHgk2Y37Au,1000,0.000001000,1,1730125142,1730125142,0.000000
Bt9iA837LM3DwCiLLDL4t9P5Mg6GEK29jmfyQTs9Girg,1000,0.000001000,1,1730080012,1730080012,0.000000
BTBD1FmJUfPg8JvTksUPAMeVyvpBnjcFVGbZT3WM1B1h,1000,0.000001000,1,1730124394,1730124394,0.000000
BThLobKKoSKY9DYeUXVi49Mx8UiYJvjfCmPQBTHAj6mq,1000,0.000001000,1,1730124599,1730124599,0.000000
BtK954aZQsuj4XuZXKEysZ5xxGG6W8tdDVbrakMJ2KKM,1000,0.000001000,1,1730130903,1730130903,0.000000
BTseQC7ETVwdroT31R6zC4ALWvMZdV1V7qyMVDvAsQn5,1000,0.000001000,1,1730083739,1730083739,0.000000
BTuhLAuxecZYESmhsUSX19aLcw893MjNUAR4xWnRN2sW,1000,0.000001000,1,1730118351,1730118351,0.000000
BTVxZAtd8p8neaUGfFaK9Fekunt9NHQAqFjecGXTdPND,1000,0.000001000,1,1730048281,1730048281,0.000000
BtZ2oLJSJP8QTbsboowPC1odqQ4P86m2TeNFyRT93pTG,1000,0.000001000,1,1729897762,1729897762,0.000000
BUdm81u3X3WBa3VMqgyWJLEZ3o4yEfUAajQsUdZWqXLv,1000,0.000001000,1,1729993201,1729993201,0.000000
BUEeCsbg4upyFWYJfv4TgaNMoKeyQBSHEoK5ZVHHiVq9,1000,0.000001000,1,1730047913,1730047913,0.000000
BUEeSPUF74GPKMuAAAaKh66Mk7wrTD5rcx7nHidLX219,1000,0.000001000,1,1730047836,1730047836,0.000000
Bug5U3jGwEgmpJTvA3UbUpYkac6imZ6iD3HB8j1iWm2t,1000,0.000001000,1,1730115819,1730115819,0.000000
BULFk7Gmpdwcy3UfWWNFKZJH6555Z3dinzYkcgP2Wrv1,1000,0.000001000,1,1730117841,1730117841,0.000000
BuWV54YjZH9APupWyA3ZwJhTbk4vHD8eQL72GTzuiGRu,1000,0.000001000,1,1730114837,1730114837,0.000000
Bv7TLW8N1wfVBcxnfK3f4hcevwdGnBwE9Zw4FyaATna,1000,0.000001000,1,1729959400,1729959400,0.000000
BvdDvXZ4F4Vs1DoP9q6YUcaK4gPqT7vjxWR3Dd9cdo9r,1000,0.000001000,1,1730119578,1730119578,0.000000
BvdYFZHEXT2gkeNgLMAE6mEJkPM2RDWaSctb1uRcgLBC,1000,0.000001000,1,1730090050,1730090050,0.000000
Bvh2SXMC32kbeiqef5koMj8znx6FV8ZXQoKZAEduaqwZ,1000,0.000001000,1,1730118427,1730118427,0.000000
Bvhmz6dbHhFxmKLRqwLWZtYEQWYzqsYws2XoMyp1ZbKX,1000,0.000001000,1,1729890081,1729890081,0.000000
BVm7WDLwDX3kVCekpfcA669i2fQoVR3V15SKgpkbe1Aw,1000,0.000001000,1,1730120092,1730120092,0.000000
BVMKkcVbmUdWLiyzbceJEXdmDPA4MdEH7RgchBG1kNT5,1000,0.000001000,1,1730118355,1730118355,0.000000
Bvq3dBjWz9ZJ8p4w3TZzD4rwj6v93cUHoiaBLiKFSf4J,1000,0.000001000,1,1730125949,1730125949,0.000000
BVVshFhT3Tw55RtfML4bb8XqVSg2Ht7qpYmp7gck6C6j,1000,0.000001000,1,1730043674,1730043674,0.000000
BvvuQLHdGbHBwjihuUGzn72rFnahXPeFMf1iyHTQC22B,1000,0.000001000,1,1730124325,1730124325,0.000000
BvxvpdRJS3CbRASYRtUG3MJpvW5TfSceQcF9FfVckLMo,1000,0.000001000,1,1729880989,1729880989,0.000000
Bw7e64UYbxCoy3YK1XKrFD8vtrtBF4KBA1VAGBqTjZ6X,1000,0.000001000,1,1730043648,1730043648,0.000000
BW8CFPwtNC3wZn3ho1ZdJB1XdsaB2UJUnhLHz1MEnxE3,1000,0.000001000,1,1730126038,1730126038,0.000000
Bw8jxxvsiKNrihRqW1GJTK3ZcZWJm42CHdQAqxiGXQ5t,1000,0.000001000,1,1730119782,1730119782,0.000000
BWBtcKTxkzYXKKz74nuV7sJALQ6oCuKz5ioYL29npaV7,1000,0.000001000,1,1729893688,1729893688,0.000000
BWfmoSD3nupRbs43HU8YK9kfr6cNFDQRsJfwkdE3a5S1,1000,0.000001000,1,1729891868,1729891868,0.000000
BwJLJJQ6b6nnt4HKNFbvGdqFEeiUmJBvCok6Snkzhi9c,1000,0.000001000,1,1730120717,1730120717,0.000000
BWMnMrJiYxfSuj7vyYo1mEGA5EV5xEGgLYQXGQURYkyT,1000,0.000001000,1,1730118473,1730118473,0.000000
BwrxEU9mrsyrtdiQngbKejg6FuTzH8YV6yfH9X9gKJce,1000,0.000001000,1,1729994362,1729994362,0.000000
BwxyVXkknCU38xnivCDMMpaV2RD4NQWxRavzVciTfz1Y,1000,0.000001000,1,1730120275,1730120275,0.000000
BxDw9frHnMpiGFJm7EQVxyU8UMkrhxZQz3k9ZiWRSkY1,1000,0.000001000,1,1730119396,1730119396,0.000000
BxkwgnfkrKPQstLwugECRBhn9oshm4Vsn3WejXk7AJDu,1000,0.000001000,1,1729895508,1729895508,0.000000
BxpwRttptGTeiQdxGmARg95F8kNdtV2iHXtQgeHRPa4E,1000,0.000001000,1,1730124361,1730124361,0.000000
BXREXW3AzAKUG2tVmyZuKQLD3wnQYRtnQ2ACKo7GfWnM,1000,0.000001000,1,1730118470,1730118470,0.000000
BXrUoR2HwQTmHkMT5c9sXxVEasj3vjUrmj7aJQfVrw26,1000,0.000001000,1,1729951268,1729951268,0.000000
BxVKxDJ1ViwH8TvjhUYHqMypvecUY9FpY71YcCDx1b8M,1000,0.000001000,1,1730119994,1730119994,0.000000
BxxhC1giWDRDi46C5oonVrk49Ej9RiUNAWwyqGqN4S3n,1000,0.000001000,1,1730027569,1730027569,0.000000
Bxzv18b38RizgQPRr4oy9zwLBUUY4otXqihoWTGzVQCM,1000,0.000001000,1,1730119468,1730119468,0.000000
By27eL6q1Fc2VJbmTPWccgfXTw839vrRpbLRw46sBgyb,1000,0.000001000,1,1730082040,1730082040,0.000000
BY3dgNBbr3eN4wZfDcWuSHZEKihX39dnmoPuugSpUa4v,1000,0.000001000,1,1730128646,1730128646,0.000000
ByaSv2q1mGHrzYoiyciCPssz3w94BHRgZiGqyJVWmufq,1000,0.000001000,1,1729873985,1729873985,0.000000
BYpeceNGUD7dpEmmz7AFvyHkhPSzEtmcfFivNveKsw8f,1000,0.000001000,1,1730122033,1730122033,0.000000
ByRmr23C2nPz1oXj3ShZkHMGJpH6GnxxX6fFkkEprDrQ,1000,0.000001000,1,1730124639,1730124639,0.000000
BYu8i2TEA6bSVSkcb9Ryhg7mHEKQQExWFpiqGy4BhdHu,1000,0.000001000,1,1730125983,1730125983,0.000000
BYZ4hznrE7BsKwLh27uqdFBbnM3eiifXsi5Lxy5tp8N,1000,0.000001000,1,1730124409,1730124409,0.000000
Bz24kjEBMPPuM7nTBBUpVGB982Wgi3YCGZASrNb2ag8C,1000,0.000001000,1,1730123799,1730123799,0.000000
BZ2uLk5FQx4GXDjztMw5CpmLysuLbA3wryUJzm5PqyyA,1000,0.000001000,1,1730119980,1730119980,0.000000
BZBhmp82hT2ATqafwFrtpiNhuUwWUKi73W2sZGV4XgAS,1000,0.000001000,1,1729948796,1729948796,0.000000
BzeC7FGMo4yq2cGDa65moK6JcX3chSd7vMSMiEdTWtrP,1000,0.000001000,1,1729873469,1729873469,0.000000
BZr5oi838Vd9ABeHSiowu7mQhWSZ1sqFShS2FmVaZkem,1000,0.000001000,1,1730130904,1730130904,0.000000
C1XgqrnCBD6dgdgpz2XaHbzaogawh5aEsaxCUvnXCdMG,1000,0.000001000,1,1730102800,1730102800,0.000000
C1XgtSwxdv3sUmZs28Ho6oBp7KfXGsxfm8Nnb62QpigG,1000,0.000001000,1,1730102693,1730102693,0.000000
C22ZGoat5VTDag7MBMJ5EUgV2AQtyyj1Dowr4zCij67D,1000,0.000001000,1,1730116847,1730116847,0.000000
C2tb4aBddo9uPv5nwFPXxFQNfgzANCYr8w1C19kRgc3T,1000,0.000001000,1,1730121798,1730121798,0.000000
C2tbJaLQ3YEjzG8tnn9pK3oyCYPQ4hVtzLYzHxJ3X6KT,1000,0.000001000,1,1730121487,1730121487,0.000000
C32tsih7U1GCdbTfaVU5HtZQafQo7Wa627rC5pC3qvoE,1000,0.000001000,1,1730096816,1730096816,0.000000
C3hPm3jwrEWYMoFDofJBBrDQrRjrGij2VL5nzYUhxaC9,1000,0.000001000,1,1730100710,1730100710,0.000000
C3hPURRCg2SEyNtPPxCm7Zdh4arqLbpgVFJ4eWEJGit9,1000,0.000001000,1,1730100628,1730100628,0.000000
C3LidpczsSdCWim3Say1bMA295VoHkrKg68LKyRz5b4J,1000,0.000001000,1,1730120539,1730120539,0.000000
C41aBTWfpLhraV1C9pgCNyqkpqVqd1YQvSMZ1ymrsiRW,1000,0.000001000,1,1730119998,1730119998,0.000000
C45tMCPLo9Z6B27YPukiDUnrWfNrzu3RJJX2dhJAoH2f,1000,0.000001000,1,1730074832,1730074832,0.000000
C5ccMJ6hGUcr5ZNsHKamufNsFkayYJXxSJUTSyamePE8,1000,0.000001000,1,1730119866,1730119866,0.000000
C5d7NZZagkF2cwditgzDSTRPYDx3H42CRcXN7TrukeQh,1000,0.000001000,1,1730126579,1730126579,0.000000
C5d7oA3ywFa4jjEdaQ77epEegqCjcfj4C4ULXn8naj5h,1000,0.000001000,1,1730126741,1730126741,0.000000
C5ee4vwkQz2tEcXD5JQ2oNzY5Kw5BKGLxeJEDxJ6i9hw,1000,0.000001000,1,1730129060,1730129060,0.000000
C5JGEQVvWwZMpEWRy9khWeYSP5dA8Q6UwMAQ5NdzoyFV,1000,0.000001000,1,1729908158,1729908158,0.000000
C5JGQZQkfn8BmuKHrekPERvvZsNVn7ruF3683XPCUeFV,1000,0.000001000,1,1729908109,1729908109,0.000000
C5Zj8ECCJfWcHYLDmXNZLNykvVQT3Hkatu92QTJnWKBF,1000,0.000001000,1,1730124348,1730124348,0.000000
C6HkV4e9FWkDtmi87uMkWoTsoKCd5s3SppHkkvyXF2KY,1000,0.000001000,1,1730118559,1730118559,0.000000
C6X5JdNTzu3ecYwdLoWzFVUR1aq1K7HNczbRy8ECDxnw,1000,0.000001000,1,1730124611,1730124611,0.000000
C73d2JiSR6hTNb2xWiCe2zGoJznqjzsLy4tg8jH4Pxpc,1000,0.000001000,1,1730080592,1730080592,0.000000
C7KYtF53bRN2bQLFa17gcKKo1YVPdFzXPhkUKBbba42T,1000,0.000001000,1,1730119422,1730119422,0.000000
C7rcH3s6UxuUU5GxVYTUosiXdpriZb1TPai3cmvVqqx6,1000,0.000001000,1,1730125045,1730125045,0.000000
C7w7xD7xSGgpVreJzqjz4EX72VzC1QWQeVcP4D1zmtZs,1000,0.000001000,1,1730082156,1730082156,0.000000
C8a8Joc9UNcqj5CGjrt4VGB1aTu78S598Sppesd5D9cD,1000,0.000001000,1,1729952870,1729952870,0.000000
C8auw2eFWuEyVEiZfwbjqxgRRkuqR44b3sZxv23i3NQj,1000,0.000001000,1,1730119428,1730119428,0.000000
c8kUzDWZAxHtLQAXdXxCsBjeMob91TnR4s4iVbtU7xT,1000,0.000001000,1,1730130834,1730130834,0.000000
C8niPrsaLETVCtDSfWxNA1oQDWNtqLHRZAZz3kjXjXjM,1000,0.000001000,1,1730127319,1730127319,0.000000
C8oaThjrs2bMb4eSKjoxqjApvbF7cvcippKwxiF61Y1v,1000,0.000001000,1,1730119986,1730119986,0.000000
C8QkRwbmfiFEZskSPkH69NDJBBGvpyKHr13FuRqohFPP,1000,0.000001000,1,1730125109,1730125109,0.000000
C8sryS5ErnaaATTJGu5URspc1JX1VZWxaiu255yueL8F,1000,0.000001000,1,1729892430,1729892430,0.000000
C9UrgpHekSSAsM6XJUEDTJVGM4A7yrxkJK5tNuS4Q1u6,1000,0.000001000,1,1730116778,1730116778,0.000000
C9YiKmZSv82dw742N374e7Uvo8XoHYvC4Jn2ZGGY4ZnC,1000,0.000001000,1,1730121171,1730121171,0.000000
C9yQ9kFF1AzM5PGsWHTmtyCpaRMYcZLed3jjQzKrzoQQ,1000,0.000001000,1,1730118455,1730118455,0.000000
Ca1hEvMGhQPixARKCwTbt5w5hbhQZNRevtHJUv5keSRg,1000,0.000001000,1,1729881535,1729881535,0.000000
CA2p6UhTDAY3rkhXci8C9xz3LVPUnuqUaBixjPRTeG1Q,1000,0.000001000,1,1730114732,1730114732,0.000000
CA2pw6gAAJKvfxguaEp2Pj6gAF1MVTMNGHvyQiH7MCsQ,1000,0.000001000,1,1730114609,1730114609,0.000000
CAfCEx3vZpzq9c7FK3PnhqGcZwt1aJX3XLGjYt5DK18Z,1000,0.000001000,1,1730125110,1730125110,0.000000
Cafv2t1AbE5HyDbyjcny4S93kVBP7HkyUcnzShKNFmuU,1000,0.000001000,1,1730125894,1730125894,0.000000
CAh2MFHxMcFUipg6KvqTxWGnZ43SHNvxvVsT69gM9cpq,1000,0.000001000,1,1730120031,1730120031,0.000000
Cajv17iYEbrUF3DVnJHS3RuXNWGzyL4q3dzuDNNkBB6E,1000,0.000001000,1,1729997365,1729997365,0.000000
Cajvzf7UKEMXSexhxD1sBMHiZaWBH1vDcH8Cx7Pd1uE,1000,0.000001000,1,1729997422,1729997422,0.000000
CapfqTNRHc2hTtXmFUmMDjmgp4Hxu7pMAh2UF2gBKjQL,1000,0.000001000,1,1730119985,1730119985,0.000000
CAQSxbHTKmbctngkEE6TdVeHt3y81gK9aDTephw7apmP,1000,0.000001000,1,1730090308,1730090308,0.000000
CAsh3DGS7jgtUpAZYb34GCpXWVHpkHyjipCxt29JMj4S,1000,0.000001000,1,1730122954,1730122954,0.000000
CAshQDEhFwQLuA4ZUhRQ3WEo7XFVD4AYpjqUasF89sMS,1000,0.000001000,1,1730122857,1730122857,0.000000
CAusb4MXASaekk19Nsq1k96G7GC8XkrScce4bZdRMj75,1000,0.000001000,1,1729996072,1729996072,0.000000
CAw7ForWmPrDdAFGZ4a3DGPBoY39EqcQ44h5ZePfMv4h,1000,0.000001000,1,1730131083,1730131083,0.000000
CAzoo7vhG1rrVcUMbdbZzHmAYRpS37gk3zkszbyT2hcY,1000,0.000001000,1,1730119338,1730119338,0.000000
CAzqTTznmtZSoEW2AqeR3Nfhk3BdDQpfCmMZtcG7Ya16,1000,0.000001000,1,1730118587,1730118587,0.000000
CB57Jai9inArqTuTTPTvZLECn7MhDZFwzeGiba5sNdiF,1000,0.000001000,1,1730124683,1730124683,0.000000
CbcPbQ3t6eAGHuGgW3aki7E8pGAvac1dLiu3qgmJ2eV6,1000,0.000001000,1,1730126591,1730126591,0.000000
CbfZfjtZR3YyoYMnQwqSJtmFX8ph8uujMHTGkiGC3ZYV,1000,0.000001000,1,1729966958,1729966958,0.000000
CbfZmy8YWKfeyrDWKmycQM5qEBem99HfiQvaq14Xtt5V,1000,0.000001000,1,1729967017,1729967017,0.000000
CBLLZ6eTG52LgsNRchijvnE78kiHoGAyyuK47L4DAtwo,1000,0.000001000,1,1730119530,1730119530,0.000000
CBP6Hf4PZPUqSFC1CqwFDxFWCH5F1rWRZ5weoVxJUhrx,1000,0.000001000,1,1730119786,1730119786,0.000000
CbRF1moNDPHiRG1eLAud9NSvzMXk22uSCnG17WnTfemS,1000,0.000001000,1,1730078302,1730078302,0.000000
CbRFQjDTkiG8M8K57bQYo5wRueUHmcDFJxf6KA8yE82S,1000,0.000001000,1,1730078405,1730078405,0.000000
CBSR5vWz1w9MiVAv5vHXe9fNHGQAAvg8Hix4ofFuvaSm,1000,0.000001000,1,1730124552,1730124552,0.000000
CbUPZMYAygCxSav4Sa397WdVNSNqGtSMUu92FsrzkQ2m,1000,0.000001000,1,1730125027,1730125027,0.000000
Cbyd6aQ94hDyk6qC2Z5SFDjPR1KDo71UpNdEEiStwKaF,1000,0.000001000,1,1730120673,1730120673,0.000000
Cca9LhgakKUfyzk9moEp5BT54RYg2q4EshV6tNke1ESb,1000,0.000001000,1,1730120811,1730120811,0.000000
CCCHD9RZCNkX1nRpeouBP5qi3TpUskfVirqwfxHTAzrg,1000,0.000001000,1,1729927958,1729927958,0.000000
CciBUYrgk6yGdaGCiq2A4oBiCF4KqexBhAPqCtSwHY8F,1000,0.000001000,1,1730120408,1730120408,0.000000
CcTC3UCfNs3WsoKa8dJnWzdAsNFr8bRqRRWQvmMXzx1u,1000,0.000001000,1,1730025251,1730025251,0.000000
Ccvjsbn3BDrj4Sqm6YT8cWxpDKzXGY4Zg3orC49nW92J,1000,0.000001000,1,1730040641,1730040641,0.000000
Cd86KP1Zx7YzdvQireaMKzG1SUUgYo7E6KzWZZqj5kzS,1000,0.000001000,1,1730120155,1730120155,0.000000
CDa1ntddGr16pNwoDJ7kNknD6WXgrbg8LJfMbQHemEU,1000,0.000001000,1,1729896609,1729896609,0.000000
CDBxbvtfpBidAUnVwb2MweGcWEUEYvTG5uNBUFmWnwoU,1000,0.000001000,1,1730113503,1730113503,0.000000
CDBxGGNDsMCmQxn9qfxH6iNV6eMJAgSWL2UFEcXbS81U,1000,0.000001000,1,1730113628,1730113628,0.000000
CDmaTz59zsgJ9KozvSYoDUgtvE2ov1DazhnUFANof2PW,1000,0.000001000,1,1730109552,1730109552,0.000000
CDnmvF795SE99nLVZKEqrNtV8RrbP9Chht58C9hpagF4,1000,0.000001000,1,1729947404,1729947404,0.000000
CDnwSez3G1z463158Zu4GDinsdCir1oGbe1TTax8N2J8,1000,0.000001000,1,1730120008,1730120008,0.000000
CDtepfP75uECcTznv6LdVhwwPwueqQV5owLzKUNKzm3V,1000,0.000001000,1,1730038361,1730038361,0.000000
CDU467gvga1f4Rq685jTvNCVAEAtnHNC1Ry1fx6Em7zC,1000,0.000001000,1,1729964393,1729964393,0.000000
Cdy7S39jcp8GLzpzwWRRycVjbAxmCLi5Um5rMLuRpvCR,1000,0.000001000,1,1729888450,1729888450,0.000000
CE9A7xEfUuKaF7AsZjJPs3w9NQgYeWbeqDG1oqtpukkd,1000,0.000001000,1,1730044618,1730044618,0.000000
CebxwQ8s3pMeG332GybjHPeaNaqxaBsBnuwTQWqqJqRG,1000,0.000001000,1,1730124486,1730124486,0.000000
CeN6Pdqq3H4zWC6XESVXzP8EuqSyKJKAcn5w2KegvQjP,1000,0.000001000,1,1730124466,1730124466,0.000000
Ceqx3Qvty5P6KBqpqPk9VkxZLaCw1fmi7mby1uJXhA5m,1000,0.000001000,1,1730109562,1730109562,0.000000
CEUQEeQB73qrj6UpSWpmzHCuQC51Rq8UeWvMwWZ1rA57,1000,0.000001000,1,1730128247,1730128247,0.000000
Cf4SpnUeHxxS5gnYhyNc4Z3ckbWEhFZM51UwSJxBqnUr,1000,0.000001000,1,1730119103,1730119103,0.000000
CfKPNjAGv5WcwKwaSWKUX8mKN2SmFwdT7CyJoJ6DPKqz,1000,0.000001000,1,1729890709,1729890709,0.000000
CfpJMTPeSfej7DvpWtMDLeqHpLZ8iDi2hqoSAUXs4oFw,1000,0.000001000,1,1729885985,1729885985,0.000000
CFquB8ezrR5JnhBbeMPTZko7184Pt5fEeMCWLWDrZhXj,1000,0.000001000,1,1730117423,1730117423,0.000000
CftJQfY9RpVL657ZWtQ2jUdEBXwuD5TNo9SpFyCRVWbW,1000,0.000001000,1,1730121113,1730121113,0.000000
CFxNykKxCJnokvHbMJcVU9Qju24JhNPTVWrAv3opk5YP,1000,0.000001000,1,1730120044,1730120044,0.000000
CG86TaEM7CvpVAxUCUfKoaXGCtXHD4SKXNyCrf8paY23,1000,0.000001000,1,1730125702,1730125702,0.000000
CGH7VzUhcKrQsPU7KM5Lqjq9FE2UMiJVt26DFAmL9KQ3,1000,0.000001000,1,1730118382,1730118382,0.000000
CgiXRZa2gscwXABzm1RUXrNwPnzVRdnEjN3VUQm6RDjU,1000,0.000001000,1,1730124980,1730124980,0.000000
CGjtEc6TreHukCakNZs557oqCjaHz5GCZWgs2GdWF9mM,1000,0.000001000,1,1730117584,1730117584,0.000000
CGkHqcELZYhFz3PKBryYzgTzcmpqrNxpsJJhexn35J3U,1000,0.000001000,1,1730131562,1730131562,0.000000
CgNHPyxQyAwH7g7oQ8opEotPbbm7TcKbDi8NL62agamh,1000,0.000001000,1,1730119161,1730119161,0.000000
CGtHxDiJgoTBKjPqK28ALibx9eeBJzsFUirVg6cYxb2X,1000,0.000001000,1,1730054375,1730054375,0.000000
Cgu12x3Xpv18fuGabFhJq31zirpZ4dShu2PierAR7CTa,1000,0.000001000,1,1729970165,1729970165,0.000000
CgUGEirxDiQ1Bz82aBmxRmYC2EtTrDvGmmzgNJrvD2hx,1000,0.000001000,1,1730124259,1730124259,0.000000
CgvUJ86bLvUqfpNmvPRhnoQPB5yBYWxP1De1fu7grq3b,1000,0.000001000,1,1730060504,1730060504,0.000000
CGYc9B4zizQWUvPiFarSLaeaJN4aceUEFhuSHwJjykdC,1000,0.000001000,1,1729872319,1729872319,0.000000
Ch24of8zFHVrd35PYBLcaNTP7PCXKqxp5FUVDqNu8Ker,1000,0.000001000,1,1729877770,1729877770,0.000000
Ch7UZ5z6NdiBzUHYR8Bgvchcioy82AG6z6F8u1xEsZxY,1000,0.000001000,1,1729880330,1729880330,0.000000
ChA8NdhH9pnkyJUkksHQURk3xQ6aXQ2GsUh6hDkH9F2r,1000,0.000001000,1,1730128799,1730128799,0.000000
CHC9YUYQcg1HPeuFVDdvXTkMyJBC8RWnUP9NeHQ6DY6y,1000,0.000001000,1,1730120782,1730120782,0.000000
ChEcDGJ3YLYLGr8P8ZZeQXa7JzmWSc48SrWsnfew4TUR,1000,0.000001000,1,1730083229,1730083229,0.000000
CHF4CpXjQXGsfqaZrhhNnocbJbFk4jp9j9ciqdUhBAkm,1000,0.000001000,1,1730119288,1730119288,0.000000
ChkgPurpfAaYFPTB7eZV3nCTnP8hnmaJbEV77dvF88Rg,1000,0.000001000,1,1730120566,1730120566,0.000000
CHMBVjPzhwe6uW1ty5eTqj3KWrFSpzc3DMWaL2XAJ4mg,1000,0.000001000,1,1729888141,1729888141,0.000000
ChMTBk8PrvQzfkzeUmxrfExYv6iRaT4CG26XAkLGjg1x,1000,0.000001000,1,1730087079,1730087079,0.000000
CHMY2bJ5iihngpsFJPWd377d5q8G57t6WTWsh66vCewi,1000,0.000001000,1,1730167302,1730167302,0.000000
ChYv9k8BQFjEdyE7QBvTGYEMFikiXAaAmU7pqGMev25i,1000,0.000001000,1,1730046389,1730046389,0.000000
ChYvteoZnFc9D8oMqsnowByr79ayCGQHoS9SZYnSLn3i,1000,0.000001000,1,1730046455,1730046455,0.000000
Ci43qpWFA8kRxYMe9kAEnK6ZZkzDKoXDBqGVwtMQ9mJ5,1000,0.000001000,1,1730116782,1730116782,0.000000
Ci43WVuEonZWLnKPHJGcTLEvoPvz6UD6w3Kqhdzajed5,1000,0.000001000,1,1730116884,1730116884,0.000000
CihoB6oLur3YkEfgaRmiqNhrTJmhtPvogZs2yvLWrpH6,1000,0.000001000,1,1730095797,1730095797,0.000000
ciVszCeq1WEyNV1YuB7r37rkBQUFEXoezZKYvT6cT6n,1000,0.000001000,1,1729959491,1729959491,0.000000
Cj6oncP2Rx9XW3qRzbWErJRXUAHYJ3x613QWFRdJq6Vv,1000,0.000001000,1,1730118399,1730118399,0.000000
CjJj6jBuJ3h8pC774B5tpbqHpZwo7TKbkknMfjAfGmHB,1000,0.000001000,1,1730082777,1730082777,0.000000
CJp1bHyShQob6GDNXksVDUHYGyA3nDKtezHdCNz7gPqu,1000,0.000001000,1,1729951832,1729951832,0.000000
CjTKNKnzyUrLzGoEa4ff5pftdcjUwCM9282DxsfWKG6s,1000,0.000001000,1,1730119567,1730119567,0.000000
CjvU22QvSXzABf7uXUubGJDSp4N7BZVBScb8zc21SwTf,1000,0.000001000,1,1730043743,1730043743,0.000000
CjvU3ZLuWzL8ZHA2TSXH3SWH58ro9sJmxSWaohYMJd5f,1000,0.000001000,1,1730043684,1730043684,0.000000
Cjw2ZgPUZBM2JZYw6VBNcuu8TXyL4FDteDYN1Kr4ugzG,1000,0.000001000,1,1730118444,1730118444,0.000000
CKapUuENNoy8Rpe4MRUfBrDPdV7ymZWxWV2MyZ1NByaX,1000,0.000001000,1,1729961516,1729961516,0.000000
CkDMvYouf2x7b5piXdx5uc1SK2cGb4cvDGGfRG66mnHx,1000,0.000001000,1,1730118267,1730118267,0.000000
CkFMPR7LFxhhcPvwUk734R3dnqmoBnUPTRMiNgSkSV2N,1000,0.000001000,1,1729997887,1729997887,0.000000
CkFMZmWDzMatqjXWRhY1yexBvqQBVxDwhmjyRxMoRMYN,1000,0.000001000,1,1729997887,1729997887,0.000000
Ckm4uZSfoypBPvYFepU2TMQ5zqVVyNxcRX6zYWoU5oBF,1000,0.000001000,1,1730095824,1730095824,0.000000
CkMpqLPAjeXSZKGrm3pKjSQ6oCS8HYzjitgqwwRWcK4R,1000,0.000001000,1,1730002716,1730002716,0.000000
CkoWks5beLZvpGn3y6ExmcvxQFe1HjCoJYru3Ars3i3,1000,0.000001000,1,1730041354,1730041354,0.000000
CkPgZroDQhWJ7EoBBiPoCTFQZ5Zh7MomvY58q3qcREPD,1000,0.000001000,1,1730097231,1730097231,0.000000
CKpVeVqT1mDqJxywB9bUsy8wgEdWyovhWLTSsTzYepcz,1000,0.000001000,1,1730118423,1730118423,0.000000
CksTs6U88SYYs6mC1CQrkfwzd8B53Ey9vaFPRY5p4a4R,1000,0.000001000,1,1730056745,1730056745,0.000000
CKtadQGfmFiYk1wk4XTsTiU3dLPmqFDYVhYbS38t4GaN,1000,0.000001000,1,1729879665,1729879665,0.000000
CKzBnYBRzppp3QTT2KcJxFCrfcEvzfBZDmtSfq2Wuh4E,1000,0.000001000,1,1730127995,1730127995,0.000000
CL1CqvmjPJjUnyZvfSvEj2c6ySnWXb69Ln7QDPjVZEjx,1000,0.000001000,1,1730120177,1730120177,0.000000
CL2zKmGAbyoK2hJBBKQPwLJT3W2TF5Fxd6gNoTd8uBjj,1000,0.000001000,1,1730124611,1730124611,0.000000
CL5m4MT7hhSX4zmLdYT3zc3fwaH26fKwiwuK2vZBG2N5,1000,0.000001000,1,1730119228,1730119228,0.000000
CLD23HMh9915zmZfCqQCnppxXkoshUJFV3onrfVUQmBC,1000,0.000001000,1,1729966670,1729966670,0.000000
CLh9Mcn5YHQoJPL1VpDqDSLQVcTY6WNEdkgTJ9133HvW,1000,0.000001000,1,1730119458,1730119458,0.000000
CLuqdApuCrhKWGZ5E31a9uSrcsf5CYiuhj98AKHwSdjX,1000,0.000001000,1,1730124227,1730124227,0.000000
Cm8qgEEooNDLZuZTCWBdvb4bBo42jzgvx5uaeZ3HeurE,1000,0.000001000,1,1730045811,1730045811,0.000000
CmBp7XqXMz1AwZHHbwoGeGRvSj7P57G6yqe4wbMh4Y59,1000,0.000001000,1,1730131845,1730131845,0.000000
CMBWqj4VKWZPXFftSi9HoqKEJ3ashVV6aSqk99VKJs8q,1000,0.000001000,1,1730120772,1730120772,0.000000
CMidjaT4sgwW8NAxtmDSXqrdZfnUxofLNn2apFWPLiEo,1000,0.000001000,1,1730120161,1730120161,0.000000
CmjehGfdnZUvPYuHF4fsP1juExomb71MWaS9FDmvb3P7,1000,0.000001000,1,1730011928,1730011928,0.000000
CmK5RJNm7ySEX2RJqqczhCP11c6UEFsYq4FYewZDwt15,1000,0.000001000,1,1730120470,1730120470,0.000000
CmndBcgoL27hnpErp2mXnRBBaqidP1RtNyB1ua5Ym9Ze,1000,0.000001000,1,1730129178,1730129178,0.000000
CmNQuoeRjnMWoEKyXsCgpWG9fCp3sbk4C3Xnb7zJChSY,1000,0.000001000,1,1730117863,1730117863,0.000000
CmtnGKcbhpMz3pxmboWH6LcQrvkrzV3aEJKYWEC2XGMm,1000,0.000001000,1,1730124466,1730124466,0.000000
CMWKjiSsUzeYstwzrqXwkKTJqnb5gEkLj9dM1rmrcjSz,1000,0.000001000,1,1729946616,1729946616,0.000000
CMWKRMXA5r71emTvwoR1BMMoPPHHs478KLAxtZMaaQ1z,1000,0.000001000,1,1729946497,1729946497,0.000000
CMysP9aMoGY3XC2krKFrtox5jd377Kaj8pY8ztefDtSY,1000,0.000001000,1,1730126277,1730126277,0.000000
CmZJwJUk2KayJGJarPCzh31butbhYWPagyWwut2yyS8d,1000,0.000001000,1,1729890081,1729890081,0.000000
CmzUBzy4TC2dxP7DLjiXkrSLMwdAAd8fDn9AJwquPUeb,1000,0.000001000,1,1730088804,1730088804,0.000000
CnmCuCt4EaBSPxevuCpFmXNg7zmA4RKXrLV4qY8Ard8B,1000,0.000001000,1,1729897315,1729897315,0.000000
CnQtjRyJyAxjDGt4foci8AhEMiWkE5jLvJemZ8v5skrQ,1000,0.000001000,1,1730118491,1730118491,0.000000
CnsKzzz3CBBpyvUYmCaAiiQapraELVsdJmyAxaKuQo7T,1000,0.000001000,1,1730118869,1730118869,0.000000
CnV8CVfaJ8bQHRyk8kEXsbdYTwnTLnBr1tCwf1DJUGMm,1000,0.000001000,1,1730124683,1730124683,0.000000
CnZpdiaX7uTgAZfkCPkSZpizxmhbQdMeP6iHcjGUjTYx,1000,0.000001000,1,1729877263,1729877263,0.000000
CocYmToFfBJrCCAWcpYaz6V6j9DhMUwcL9YTpmk6vq96,1000,0.000001000,1,1730125692,1730125692,0.000000
Couqc1MndpaBKeqMeATXyMNadSdbraErRpaYMi8yarqA,1000,0.000001000,1,1730118587,1730118587,0.000000
Cp6cpjwmcbNAeUG6oquKW3m4YX1qQG4yDGNZBKCQoDW5,1000,0.000001000,1,1730122854,1730122854,0.000000
Cp6oo9EjM6pXX4rBCc1ywjZ4Faf7TSMw8a6b69ZkqGDF,1000,0.000001000,1,1729876561,1729876561,0.000000
CP6u4krkHEFUSXeXmm5RwSNtGvTvCcJZZ9g1tyDdBi5z,1000,0.000001000,1,1730001152,1730001152,0.000000
CP8upoNB2D3sFjfFUGxKU3No198GE8GSyp2Sjw7rNdDN,1000,0.000001000,1,1730080306,1730080306,0.000000
CpfVAZiTYUhMpp24YEJUETnpkVnmeWxN2gwkAmuGo9Sw,1000,0.000001000,1,1730124345,1730124345,0.000000
CpgdcUMZWHEJjt7eBXrj26T62WqAaJysjzQd1iVwQzHf,1000,0.000001000,1,1730118536,1730118536,0.000000
CPWNJR9VM4NQugbMEmGt8VK7L3tpc5gETuDq4Ve7aZSY,1000,0.000001000,1,1730117881,1730117881,0.000000
CpXuZELKv7RmJJMbBd8SRcbwewnB1NbfmA44pQN9SatV,1000,0.000001000,1,1730125597,1730125597,0.000000
CQ3wMGPTiuTqSe1Vh4Nu7C1t3HFLjGdkn2M1qp4yp2DA,1000,0.000001000,1,1730115840,1730115840,0.000000
CQGQB9f1kodtgJi1645fwAgLjFaTV8btz6TDnuJ6qrDT,1000,0.000001000,1,1729993929,1729993929,0.000000
CQgSQUpGfCjodPbpgpjKMs1DaV4hHS8idnvcPRRQMdTs,1000,0.000001000,1,1730120155,1730120155,0.000000
CQKPzQZNWvEvBh9X9WHomsiPinML8maZJQ333dc14ct,1000,0.000001000,1,1729889350,1729889350,0.000000
CqkS5iNgzZDeDQVNKv6ut7RR6QaxrzjjHyjrwPDe2D8j,1000,0.000001000,1,1729994749,1729994749,0.000000
CqkSb3CSStDKgtWka7rNNBFXPpm9LjM241E5re6s4Nj,1000,0.000001000,1,1729994728,1729994728,0.000000
CQmyv5wMyGsQtzsjrTQtNpC3dZnJUep5ey2XPzYtkS2p,1000,0.000001000,1,1730124965,1730124965,0.000000
CrJri3oRJo36fAjuWhJtZS3ZMp96mbuLsAvjm17U4AE6,1000,0.000001000,1,1730125106,1730125106,0.000000
CrnMLTC4CgWbZZYH8bGbs7sZadTDBtGqzV842Gd3dN4H,1000,0.000001000,1,1729942879,1729942879,0.000000
CrQMjaFirKpz3q6ZenqsgmKSVzWVN9ikXScz8tXBpCcY,1000,0.000001000,1,1730129311,1730129311,0.000000
CrrjhStNu4wtrB3KLhCVxXcFCFHgs37WZRVKgwNQsTc1,1000,0.000001000,1,1730118606,1730118606,0.000000
CRt6JQ1go6jABTBV1cAuySkKqwRUKMKYZUKWQocG93uw,1000,0.000001000,1,1730120849,1730120849,0.000000
CRxvJcjkdkFvLPmHniQXFauUvYGi35PiGMHgtGne5t7F,1000,0.000001000,1,1730088295,1730088295,0.000000
CRzkttZhzdfrjRPddvTWk6AEBEBaFGfzHy6bUC1saKJ2,1000,0.000001000,1,1730086882,1730086882,0.000000
Cs3eGHMQo2A56VxRaQxFd8BpUynBwiFG6HQF2ACsEYqh,1000,0.000001000,1,1730121926,1730121926,0.000000
CSd2dENUSyk7BHdWEdKrkRPRWoJAzhj4kzXAgQ3rSWZ2,1000,0.000001000,1,1730124487,1730124487,0.000000
CSLUBdseu5S4CEmtAomCyeShSv82etkvw9gjirFMGC53,1000,0.000001000,1,1730040079,1730040079,0.000000
CSmWtap7kYxV3stpzao7835py4a2wCngpuYtjikehQj3,1000,0.000001000,1,1730119697,1730119697,0.000000
CstprESgECbYbwYyfR3PJqcBC6t2Yypa77YsAG5A2vGf,1000,0.000001000,1,1730119483,1730119483,0.000000
CSU7Bc95yiS4yGpgRDwbu5BruRMpvfvqEPaHnJk97d4W,1000,0.000001000,1,1730124569,1730124569,0.000000
CSWx8vhwjDyG2zQEodtVSKwU5jAcFe2VzTtRRDRvrdqT,1000,0.000001000,1,1729947898,1729947898,0.000000
CTbbaRivHnGK6AR7vfRqkbrcoADQBypVbY8D4NwGtr9v,1000,0.000001000,1,1730117876,1730117876,0.000000
CtbFxpxdXGBZALtHwzntf7Wd7NSihBszkWjQSa94wjai,1000,0.000001000,1,1729912277,1729912277,0.000000
CTeT5xa8nGtdvpZnkyveMx8SCEAdysfGz793Hf3daFAq,1000,0.000001000,1,1729972899,1729972899,0.000000
CTeTWvFkUkdkbQXBZvHgmMJ2Nk2ycUUsLyKU132J5C7q,1000,0.000001000,1,1729973185,1729973185,0.000000
CTgW3Nn7pXsR8zwHbfCrBXkLdyAkpMNHuWxUXf8DGQBG,1000,0.000001000,1,1729959960,1729959960,0.000000
CTNsWogZRV3s7N4Vhbs5KViDpa54cGu4fFFTu9R2Qcjj,1000,0.000001000,1,1730120075,1730120075,0.000000
CTopuXqobRfEHFjCVMb26iReq9uoUmbVNhnRWQ8g4V2P,1000,0.000001000,1,1730043127,1730043127,0.000000
CTV3ZegLqRg1J1M12EAv1yj1dQg6jQtDpaBREhpek42S,1000,0.000001000,1,1730107223,1730107223,0.000000
CU4MuLr4P6qD9cJayVZDSiCd7vjWpPDwWciGqKpyGHSV,1000,0.000001000,1,1730120539,1730120539,0.000000
Cu9JZjMqCAiHzuxeYqUJnVwyaWo5pEUGTZviW7Zggo58,1000,0.000001000,1,1730117746,1730117746,0.000000
CuDK1iNBhQ1bvZ7DH2o9RdaPkDTSBT9ReMfFFUTzkPQm,1000,0.000001000,1,1730118441,1730118441,0.000000
CuLLp9MYHvpd6yMPT8x8LmJ5zzvo1kVMzPr8axPt2Rxa,1000,0.000001000,1,1729879022,1729879022,0.000000
CunXFWQuRnXBQNayMztSAwHaKcqCtenNxVF2JdoxZi87,1000,0.000001000,1,1730131032,1730131032,0.000000
CvcVBBuiiAPyqfHrWwsnQzTKurH1VoznD3DtSAcnQGHp,1000,0.000001000,1,1729896523,1729896523,0.000000
CvdUvPUhDuJFCFFta3F2vsJi6jBAUcUCS8BkvVgNWs4U,1000,0.000001000,1,1729945146,1729945146,0.000000
Cvj6bj7XYULq7T2YFgUx43sqYbZNxP9pXgMDfUFB1Heg,1000,0.000001000,1,1730124553,1730124553,0.000000
CVPt2jPDhUntzLHWNrMjbpHRSvD27gFdtVxtTN4uqWmL,1000,0.000001000,1,1730119385,1730119385,0.000000
CvU1tLfuWBusRDGuB1iTYX5UeQrfgyKfeVDmWsUXw59v,1000,0.000001000,1,1730093239,1730093239,0.000000
CvUrr34k7q97PqSmXhkgkWtBABtPBHMEJ1RnaNM6qJ2Y,1000,0.000001000,1,1730128917,1730128917,0.000000
CvWCGFH4NuKbrmwUfEMZrFzJVNjWT9QqVeUoLQSx7EFZ,1000,0.000001000,1,1730123088,1730123088,0.000000
Cvwi6ctb2FQbKiuWRfQhQBcDjmdM3jKCGaAMs5W9Tn4f,1000,0.000001000,1,1730119224,1730119224,0.000000
CVwLJpSHrUrvkUVAsoAkyrJo8iKaLninkTGAdzfY4k1W,1000,0.000001000,1,1730120401,1730120401,0.000000
CW2mwohuvF2SSQYazJCAQqTW2YrrB49Ek1TzxqkDALQ3,1000,0.000001000,1,1729933548,1729933548,0.000000
CWdLBTQ4mBzMnKXa2LQ4K4UNqcB4RwMdhKh3SLMLi932,1000,0.000001000,1,1730119378,1730119378,0.000000
CWefziLGrA2nwYoFdeT55FMPxTD8hcdRjNmbRRZyeFUj,1000,0.000001000,1,1730120097,1730120097,0.000000
CwMv5RaijFzmUQ3K2jJpu628F4xYzpnfVcAu9K7g1VmX,1000,0.000001000,1,1730128298,1730128298,0.000000
CWnFrHorPxjc2oyJaKoLJZqB1qzYu3rGEfH42jWDU46Q,1000,0.000001000,1,1730130396,1730130396,0.000000
Cx5WbA9ZKsLwfBzyW4KEhPjQGDcdNsVtKBUUtomyTfge,1000,0.000001000,1,1730081576,1730081576,0.000000
CXbRXJsHjsSmAGNvqo3T6ypqRBMFvTM7ggFzwncZhD86,1000,0.000001000,1,1730119413,1730119413,0.000000
CXC3QqPR1fDGHAcygo4LEYqh173NrEDaezDAvR8gKP8z,1000,0.000001000,1,1730119185,1730119185,0.000000
CxC6pq2FVEWsX9tmB3AWTEkfLFpd96hrBCeycH2CDGYB,1000,0.000001000,1,1729878179,1729878179,0.000000
CXcrXPL6jL4MumDv2gLzcKr4ccm9nBUYMZ19TZevtGJm,1000,0.000001000,1,1730044596,1730044596,0.000000
CxEHMBpQaQMgXJutsSjBnYxihrYCYLtiwp8hY8oE3Rtj,1000,0.000001000,1,1730124753,1730124753,0.000000
CXFNxe5AoDMED5GsdjXiVGRRuQKsAWJkEm6uwzuf4EJB,1000,0.000001000,1,1730122176,1730122176,0.000000
CXo8cDWY8WkyxP3n3T1MymmawX8ePQ1D7BpCthwpaZ2w,1000,0.000001000,1,1729939576,1729939576,0.000000
CXoawA6QEdKaTB1WZLPXQQosSbWQm4BeqR6t7kMQNb5y,1000,0.000001000,1,1730119600,1730119600,0.000000
CXQGarPfRdMtnFqr8PmdyKVR2t7VMSFq7MJG5Scx87Jc,1000,0.000001000,1,1730078485,1730078485,0.000000
CxTab4f1esiD8g6PW5KaXPHVnpXrVQpJtucFXNfVSEE6,1000,0.000001000,1,1729897552,1729897552,0.000000
CxuoBR3hSAdVMhLbfVW3fjLBnTNcAkyAUtyEKVH3UV3u,1000,0.000001000,1,1730102059,1730102059,0.000000
CxUrGQFP5pxsTLJQ97k39oaVX4ZHN6MBnLmBa1EwDt67,1000,0.000001000,1,1730120885,1730120885,0.000000
CYctKQryUjeXrus49SZ4sjeVTFF7RG7fmBgVtVaeX7R4,1000,0.000001000,1,1730119556,1730119556,0.000000
CYctmdDrrUPtrm7gesGV91gyZ6XhwhvR2M2YEF2yuka4,1000,0.000001000,1,1730119670,1730119670,0.000000
CygYBmh2APQfaiAG5AFfrqu5cz3px23xn3ps5LEoaTpF,1000,0.000001000,1,1730127384,1730127384,0.000000
CYiAmNmyJBYMz2KnTRnWWmhRo4zHYWwVYaBKKCjSjy2o,1000,0.000001000,1,1730131641,1730131641,0.000000
CyJgjNAbUEVfvT61pqCudiUaXJMaYaU5r3XiF1PY6B62,1000,0.000001000,1,1730120067,1730120067,0.000000
CYmWopwsct7fkhzfu9f3G6kZQF4gi4UqGsCSp2qCkRNk,1000,0.000001000,1,1730125045,1730125045,0.000000
CYnkAceTs2r65GgCHaba5pLsZnwobNd4KVyc4wcvK44n,1000,0.000001000,1,1730120375,1730120375,0.000000
CyP15PJVJpS6RKju23Nfjm4vnhcLe5qcbjTcJ7DtbF1C,1000,0.000001000,1,1730131028,1730131028,0.000000
CzC3LzHtp2SoFm8V2SVy8jW4beiXwMLZ3BwGsVZjPb3F,1000,0.000001000,1,1730012105,1730012105,0.000000
CZcgjUnuceKJtCfXzAYabbFsqrTEHE24fJV6BF6D1zQq,1000,0.000001000,1,1730084560,1730084560,0.000000
CZcgphy9qgq61FtRn4heRWiEK4xcMxbvc2RygVe2Mf1q,1000,0.000001000,1,1730014201,1730014201,0.000000
CZfoHVfEq1CgFppLKskz7Lt5NQrZQx75jce7yfWseUiF,1000,0.000001000,1,1729874104,1729874104,0.000000
CzkRnXjXbpCf2ZN2LRZaERhxun6u4VrG4RoZaAieKSbc,1000,0.000001000,1,1730119418,1730119418,0.000000
CZmGwvR5WzRtCY6h9VQdHcxSGvLBmZYkSGU8mFyqaV2h,1000,0.000001000,1,1730081991,1730081991,0.000000
CzUfJYA9RokoFKbzySZs4Ug5hPNeHbgW96aiPC1R89FM,1000,0.000001000,1,1730118507,1730118507,0.000000
CzXC3c2CKDbd6y2Wew6RfbPqDnYUShe8sBBEK44Q8r6b,1000,0.000001000,1,1729874565,1729874565,0.000000
CZxECc8sgaBykWKhroquxoYMCdfwEWjBUmzSr527boaf,1000,0.000001000,1,1729906502,1729906502,0.000000
D1bdUmBgoVZMTbGqQjS2LqFWpUpMoHRzZAMUu8aDGLSx,1000,0.000001000,1,1729970294,1729970294,0.000000
D1NiwaNAGuo2fvJ6e1fUEMH4HjUygcT6tp1Aqu55bKMo,1000,0.000001000,1,1730010087,1730010087,0.000000
D1pQFZsgFM8MBfZKhKya1FjYoDNFWXRHijnX93vHYb8w,1000,0.000001000,1,1730072178,1730072178,0.000000
D1Ts5VjQovwsbWCLgntEs8CMkSX5LUUjvrYNyqCYSro4,1000,0.000001000,1,1730001045,1730001045,0.000000
D22dbyETNXGTKoQgPhhvr4ASdrYrGGP9XcY2pYcbW47N,1000,0.000001000,1,1729874188,1729874188,0.000000
D23U5S8AQAKvBEDxx7wbMdVLiRUqRtP6E3L5zhnLk8nA,1000,0.000001000,1,1729934981,1729934981,0.000000
D24iw13f9ZFzeJJCREHvK9smt42DMeFQbYNzRNiML56o,1000,0.000001000,1,1730120372,1730120372,0.000000
D2BxsAMK559TWs17QKtJKkxLQkTgoTsqavx2YZfbTa1S,1000,0.000001000,1,1729963470,1729963470,0.000000
D2gKGufrNK1P34HszcbFcm9GKorHGjtpD1ghPWpyiCir,1000,0.000001000,1,1730122200,1730122200,0.000000
D2mHb8BvbvGH4eS5X8Y1SGrPp2CrhKaFgZoLJERUfem1,1000,0.000001000,1,1729872332,1729872332,0.000000
D2PsUGtYqBTQhgPMdfzREox4D5JJyw6h8eFTY2RRGR6P,1000,0.000001000,1,1730039307,1730039307,0.000000
D2PsuVt9tMPvpnSy5Cuw6kgQJo394FNtPtQvraBpDLoP,1000,0.000001000,1,1730039359,1730039359,0.000000
D2uJywRbM29wpyZx5h321BYda2iMNvDXMw2xidMmeECQ,1000,0.000001000,1,1730120297,1730120297,0.000000
D34cWvThq6WnoTzCQQEvpJWadw7eow3FLLm5dSnqWFsQ,1000,0.000001000,1,1730119643,1730119643,0.000000
D3vHZmrYS5cmCnYmUmVtJrCkKjLAekDenHtczce8LPvF,1000,0.000001000,1,1730124963,1730124963,0.000000
D4qhvY6ScfkvjudA3dnodPWAFWDTfiH5mRv3MoqZo6sR,1000,0.000001000,1,1730078661,1730078661,0.000000
D4vf9HiKiW2wvSrr6qSaRzt3cGUU3HHuLmNwjpAt2wNY,1000,0.000001000,1,1730108064,1730108064,0.000000
D4vfZ1ngZ3XnzidvPKeYEVi7Cpv436H9VrJzEbrNCFCY,1000,0.000001000,1,1730108164,1730108164,0.000000
D511DqDsnqZviAsnEe8EpJpGukZ1V2PwnBdXSKEmy4Le,1000,0.000001000,1,1730120285,1730120285,0.000000
D57Rdiq9uyfkXdfPuVfBbzUTFCiRCqnhAaeDHLmKMdoC,1000,0.000001000,1,1730117773,1730117773,0.000000
D5A15VGPZCjHZ6rcjYQZTtDSZv1WybY1rtFAvb3eBMRC,1000,0.000001000,1,1730125131,1730125131,0.000000
D5oUrt7sTuYKuy5GVDp4hzH5RxR7yZzTQaTUzbAHKydA,1000,0.000001000,1,1730125178,1730125178,0.000000
D5RpsZ6QUoXPA1sJK6ZAkMCz2fnB4AUryPJDDd1rmgU4,1000,0.000001000,1,1730124385,1730124385,0.000000
D6AVe1EPtb5X897L2cZ4MBHRYi8KiQUjXCLmNvj84auw,1000,0.000001000,1,1730114624,1730114624,0.000000
D6UGaUNhwY14cTxh8hpejjJ1DwYcRex69715HpfnTCQK,1000,0.000001000,1,1730128298,1730128298,0.000000
D6ytj9mBZFgC77fMucaYJ3K45EjqguXQaje4EgU3JUsL,1000,0.000001000,1,1730118353,1730118353,0.000000
D7q4dSKUGttLQdaeNRWeeXM58wQome3nt7j5s9c2weX7,1000,0.000001000,1,1729959014,1729959014,0.000000
D7WDQzHMZ3LAmu98sHw2ZhtHgz2jc3g5W3yw6PKReUXJ,1000,0.000001000,1,1730106056,1730106056,0.000000
D7X98MZ4iPuvaJK315YktpUfyiX9oecpcyZZ4A95bK8s,1000,0.000001000,1,1730124325,1730124325,0.000000
D7XY4kx77HQXPH7Wev72nXz5sgT5UHskifMPsRooZiYN,1000,0.000001000,1,1730124874,1730124874,0.000000
D8MiH7DEQ1FZr4KnKNTHjs8uU7FwREytCyyUm56h8MWa,1000,0.000001000,1,1730120470,1730120470,0.000000
D8mSgfkJCGxzmnesuYuB8JTkUHz634Prm8t2YKDuujHc,1000,0.000001000,1,1730121395,1730121395,0.000000
D8S88QL1ycjrGTJfy2aa33D6dJNBfb1Yb2rvAMA8tB1o,1000,0.000001000,1,1730126923,1730126923,0.000000
DA3y4UBkhw9QwXN17P3ZQ9RLiR2bFxFmu83tNfGtCzAR,1000,0.000001000,1,1730072366,1730072366,0.000000
Da7KYsXd25BAerBZLvjQgSST187PYrEgeUoRc8RTLkwh,1000,0.000001000,1,1729911860,1729911860,0.000000
DabQ1ZA6gHmiYGBzTJ5TtjoD6w3Ngm6wLTSWfTsK2bd1,1000,0.000001000,1,1730114318,1730114318,0.000000
DabQEkXLpezpYWBkmQDhY7NGrHQD6q337ob846B4jTz1,1000,0.000001000,1,1730114391,1730114391,0.000000
DACxT5cqS8VthLbD1gggu4oForRi39JVawgyKb7DrpyY,1000,0.000001000,1,1730130043,1730130043,0.000000
DaRVJekN64Q8KR8n76AvzKjmE137kSikTNBsk7mtwFSd,1000,0.000001000,1,1730118699,1730118699,0.000000
DaRVnMd7YvztuJ4mtHKgDB4hUQffwUo65aYiUk4CBUpd,1000,0.000001000,1,1730118794,1730118794,0.000000
DAT6zyLYP8b7CrArEX3Sss5WzwimJykFkHwtsioeNso4,1000,0.000001000,1,1730120704,1730120704,0.000000
DB4YGFep2noB5jKEuz2kQP2ThN5T2CcJjvLRTSNFMYz,1000,0.000001000,1,1730120015,1730120015,0.000000
Db6oDX2yzFkUsaDWm4PtsxKRmcMHACcu2tFEPiF9HyYy,1000,0.000001000,1,1730110487,1730110487,0.000000
DBCLUQ2z4ZcNeGMFuFLKEaqvuR2jGsD4NBrd7eE2hk8x,1000,0.000001000,1,1729913872,1729913872,0.000000
DBCLXnKMeAwY2ZHEMjHurjAXncF3ghmZBmXeH1T5923x,1000,0.000001000,1,1729917076,1729917076,0.000000
DbDiYsYcDBfVoUG1XhpPaFYcfaSVL4iE9Ut9xDA8YfjN,1000,0.000001000,1,1729977427,1729977427,0.000000
DbFCsRiUTzf6E6rLxYRhhh4CfnmxudMVnAfaAysBTkGz,1000,0.000001000,1,1729952298,1729952298,0.000000
DBo8FDnEfEFDAgAYbjy3iBPKwCzhUi393VKWL2XxpP2v,1000,0.000001000,1,1729938871,1729938871,0.000000
DBo8Sc4xcwgLaz2YTt9cyTmfJH1jcqowreKznZTkwguv,1000,0.000001000,1,1729938964,1729938964,0.000000
DbSkn1BQx4AepWKwiDACCNCHpmY5tGJ97WEXw3xxnvxi,1000,0.000001000,1,1730095249,1730095249,0.000000
DBSxzow8LpV1UpdDf2vgcNLuEn1dELsHG2DWZvjRNdZ7,1000,0.000001000,1,1730126907,1730126907,0.000000
DccGoAzL2HG7LFVvdnUHSYnz5Nh6QcaDHqSijw5ZJ1NP,1000,0.000001000,1,1730124271,1730124271,0.000000
DCEY6fjWJuSDx337dp6BuYqXN8smk3GF4N3A5cGmt27k,1000,0.000001000,1,1730118531,1730118531,0.000000
DCgtVgK1ujWAyhtS2nhmRDMtAvxCmgXqVMvw95LHq4LG,1000,0.000001000,1,1729945021,1729945021,0.000000
Dckq8AUPPmmYNZ4ZbB2JtrZcnRYBmupgcqoUZGrjRz24,1000,0.000001000,1,1729874831,1729874831,0.000000
DCqR9YT3TnszaEtwdrWj396U1HGEmSSsohWc2hRm3LFo,1000,0.000001000,1,1729890848,1729890848,0.000000
DdEkqSR9zBfmPkENAjGxY2aBUKAFCnFAFAtr3jwyEkDx,1000,0.000001000,1,1729950304,1729950304,0.000000
DdpsJy3gdMc59Xz4LUW7qNswe8bAH7KZx8qtqfEUJFij,1000,0.000001000,1,1730119522,1730119522,0.000000
DeArE52Pdngpm9DaeoNGGRJqjB9y8RZjzDmoJJLh2jff,1000,0.000001000,1,1730112835,1730112835,0.000000
DeFrtDF8U4N7VDSirMJyyCyGvcrckmaLVGuC3gTv9LA,1000,0.000001000,1,1730072657,1730072657,0.000000
DEmxFbez3Sf94Z5NvzBwkUjKFhHCwGam37JJS5Yh51jy,1000,0.000001000,1,1730119579,1730119579,0.000000
DeoF1HNV8MaBxwdvMrLzZGSn18XE27b3J2BWpc5HehjU,1000,0.000001000,1,1730118948,1730118948,0.000000
DeoYoMpLcFFDfreLpfSwcnuGZM9FNR7MxfXfJFPUXWtj,1000,0.000001000,1,1729983511,1729983511,0.000000
DeoYTjoXyDbneF1QgaKJGzpdEifRmgNnVBJqQW3WrhHj,1000,0.000001000,1,1729983412,1729983412,0.000000
DERrRxZ1viYYg8T7xAysgBRahjJZG8fHckpKxg3XKqr8,1000,0.000001000,1,1730133430,1730133430,0.000000
DesbCckzrMzMGHJh8QQEdsjiXgJJGxHYGHpdFe77Xa4D,1000,0.000001000,1,1730130943,1730130943,0.000000
DeZqGwL5XzoYHtFHKYNf3tmBcCqo5UTb7cAtyctN61m,1000,0.000001000,1,1729934650,1729934650,0.000000
DF6FFmtenCMoSZSBf8iSxjGQzydU95JPsWzpcQztLXHB,1000,0.000001000,1,1730117613,1730117613,0.000000
DFaiYZi5dupf5WbdMgHUAijRYwjwKg5jUdbRpfHurVtQ,1000,0.000001000,1,1730120793,1730120793,0.000000
DfFBg9T6rgkEkGKJHtPHyPKK8qwSfoV61kB9HK5hdk3i,1000,0.000001000,1,1729929915,1729929915,0.000000
DFLnYbbz5JD73Bgyuyz4vNsday9xJ1qt4HH4HuSgsfnz,1000,0.000001000,1,1730130011,1730130011,0.000000
DGbXTmvdR7c9kJdWhepkD96Z5weLFKrsNAJoP7Ednh1U,1000,0.000001000,1,1730097086,1730097086,0.000000
DGbXXtLi4XdygV2HJv3Kv2o1NZQjTBRRLngbJDisQLaU,1000,0.000001000,1,1730097033,1730097033,0.000000
Dgdiq2ECG7uywXG2VzCGDZnS3KkD81GtV6p7impDipAC,1000,0.000001000,1,1730114461,1730114461,0.000000
DggGJSnnJ9RstkEGLjU9qG5Y3S9PkfEkcjhyLhdWN1Je,1000,0.000001000,1,1730118360,1730118360,0.000000
DGj1qgEH9gRyL8xyv9wzYbrZT9i4M6KNUVgaicS3MwLJ,1000,0.000001000,1,1729964600,1729964600,0.000000
DGL3qrrtmBKhnBeZ52QPgA1xhH6CJ4uvZYXXq5BBjRkh,1000,0.000001000,1,1729878325,1729878325,0.000000
Dgqrsv6GtAVuQQdPpawyEZ5jUumG1JWYzBKrJ2NVBhMT,1000,0.000001000,1,1729945993,1729945993,0.000000
DgyB6HbhDea6HhVdKG6XvHnzoi5A2byLY9yT6Lnzow5w,1000,0.000001000,1,1730083858,1730083858,0.000000
DGYUPGLbJXZysajY5JTtvStqMfndbumXgN26hBf5zX2a,1000,0.000001000,1,1729932371,1729932371,0.000000
DGYURTeba9H9zTZKWPpE111PMmgQPaV1MXjftn2CBE1a,1000,0.000001000,1,1729932572,1729932572,0.000000
Dh8Si7UWZdqH4Q2vdApm58QN9ajYWfzyK2Azefwqq643,1000,0.000001000,1,1730062608,1730062608,0.000000
Dhe1gGKVYw2ngwhRP9vsemopxr1a8cCHjzsfYoJApHd8,1000,0.000001000,1,1730047909,1730047909,0.000000
Dhe1wWefUCvo2xDPrgbFtALx4fGqVVLHTFtKqFzPNc68,1000,0.000001000,1,1730048812,1730048812,0.000000
DHgqymGe2JKduJyqAKbev4i4GvX5HVX4zbXjCfmpfADg,1000,0.000001000,1,1729892324,1729892324,0.000000
Dhh5WHejKAUYaSXXbERskxmTGmM9jdMUNbHa53waxsax,1000,0.000001000,1,1730000359,1730000359,0.000000
DhhzG8M1UE2L2T1f47zson5NJXU2h3KggD9FmiF8oZFV,1000,0.000001000,1,1730124291,1730124291,0.000000
DhJRuEiv1gJCkzTePCTE9bx7W5cfTMHZJmMgwCWg4U5W,1000,0.000001000,1,1730025327,1730025327,0.000000
DHK599EsLi4ypybnkj8qNYUhL3muZxNScc4E6kunHSwF,1000,0.000001000,1,1730120342,1730120342,0.000000
DHL5k5RaNMYCwzRBLU7WaE4BT1nRS92Gjc1mjVfjTC15,1000,0.000001000,1,1730123127,1730123127,0.000000
DHL5m4wbASumwgyCg5BUBXG1BdCLRJyM5SVdNtpEvvb5,1000,0.000001000,1,1730123001,1730123001,0.000000
DHPmfbpvWzJWsUnhvQqFLTPCuZeY3LSi1iXNkhhWDC3B,1000,0.000001000,1,1730131382,1730131382,0.000000
DHVhc42vnNTwy39pueLk6KYdxDpGmhfYqTZ6hJbviyBU,1000,0.000001000,1,1729949246,1729949246,0.000000
DHVVZoN5UVBzjfSgAr3yJRNWM2VYZhsumRhi2CMcpHJW,1000,0.000001000,1,1730124878,1730124878,0.000000
DHyuR6jAEZsGY4Mb63PbDHqANUvJhJbsUhtLhQTGLDyD,1000,0.000001000,1,1730119136,1730119136,0.000000
DicGQu9jzkJaNVX6cu69ADbvsmiAectnoLsDW3EMhAP,1000,0.000001000,1,1729889520,1729889520,0.000000
DizrvZf9msc3EqzLCiFFqzPRiWcMKouKVR1EJtCp7Q4X,1000,0.000001000,1,1730060810,1730060810,0.000000
DJ493kZLiSoMfSa6EyiJCQwqVNFQNJ5p7e5QMpi8X24w,1000,0.000001000,1,1730120795,1730120795,0.000000
DJPt47az1w8fKM11yzoZQuTpqscGydkTZyRffvLwfjVV,1000,0.000001000,1,1729873294,1729873294,0.000000
DJRddLmC6TEt8DDHqLoG3GtPoXGPQG7QpcCjjStQ2r5h,1000,0.000001000,1,1730040629,1730040629,0.000000
DJY4sCrRNnKaBETWYPmm19vSe3E3ckwzQgyj8vcReEP7,1000,0.000001000,1,1730120518,1730120518,0.000000
Dk3yH21XWgRSxWWfLHwkrUvDo9mMQ3wS9q7jJLHAmpB1,1000,0.000001000,1,1729964479,1729964479,0.000000
Dk7dS6rgbhGKRyGvBi7dz2tWrMTDGKchTTGSY9dsBtqz,1000,0.000001000,1,1730118555,1730118555,0.000000
Dk9zgC1PfN2xkjiKLQSPA1DEqgn8kNXM7gwJxVnRJn5K,1000,0.000001000,1,1730119771,1730119771,0.000000
DkaHg8ZcB4Hy2qaDCuvdiqVq3rTebW5ebD7MfJQoA51S,1000,0.000001000,1,1730126702,1730126702,0.000000
DkajBe6RG9Rj4BZP2E8Hp8vM8DecoSpoVgrg25iGnJh1,1000,0.000001000,1,1729956793,1729956793,0.000000
Dkajwtxw4mXb9xGnaYQnpK1NHTaCcu5qHqFoeuK6dMr1,1000,0.000001000,1,1729956667,1729956667,0.000000
DkkCKYczqizNCXTw527xSL9oxVGU39UaqC7wVz1CymTW,1000,0.000001000,1,1730129308,1730129308,0.000000
DKLymQPommGgs3CToYz6WsEFpoJTvijXGwTk2V11RRwS,1000,0.000001000,1,1730120522,1730120522,0.000000
DKojFhapzvWYSAHUVNBfx236sp4Mp6SBaXA3ifUwzu43,1000,0.000001000,1,1730120470,1730120470,0.000000
DkqMSzZ8qcCqM8Rtkrw8BqurXYhnThQKrfMhN5Wqo1SF,1000,0.000001000,1,1730120438,1730120438,0.000000
DkuC4HvatVJoPbborwKHQU67ve5CMykpAfrvGSUWwXBF,1000,0.000001000,1,1730092044,1730092044,0.000000
DkuCSZz2PdC6ttDZQcF6mhBPwBJSpZZFtdZD5wcqZLJF,1000,0.000001000,1,1730092021,1730092021,0.000000
DKwCkdPRoGzUbN7bkoy4jxkDH7rKeB9aGLo6XWLVXMaF,1000,0.000001000,1,1730124285,1730124285,0.000000
DLRNrYqhicKAG5hB97SjMt5qvSFtGf8iM2H91EyH5x1F,1000,0.000001000,1,1730122359,1730122359,0.000000
DM5qQ3XZivRECgHhm5RJjnLNurwtAJcRYAqqaZ1qXTPX,1000,0.000001000,1,1729970671,1729970671,0.000000
DMGaJ4pnHdqYm2Lgw4qS5KvQezwdMn5J2ZFnjSMbBe1N,1000,0.000001000,1,1730060506,1730060506,0.000000
Dmjho8u8msTU5ZnsyvhWL4BBoQApxsY78AXxaEZNpx6d,1000,0.000001000,1,1729958577,1729958577,0.000000
DMKBki5cyXB6nXJnkcoEskVVPrwwgBbutHKZtezkqUBh,1000,0.000001000,1,1730124317,1730124317,0.000000
DMq2dFRpVYhAAHQLBQSLGnBySMwwqyLmxT73qbGmC2iJ,1000,0.000001000,1,1730120444,1730120444,0.000000
Dmz5ccBrVLYkbb3HjFRcztXsCtFXkGvP7Fcoh2Lnrjtn,1000,0.000001000,1,1730120637,1730120637,0.000000
Dn9BhwEoFXYuDmsUYge8tff2rjJhVJnci9f939Vzmu1T,1000,0.000001000,1,1729965472,1729965472,0.000000
DNAMwHa9TUaUt21QAGaGHgGDWiWRAK3P6romDda4BCiK,1000,0.000001000,1,1730117817,1730117817,0.000000
DNeAbh18JkvfG3H3ZG2Gm6rfRDdtc6YRKp3rq4DNmkP,1000,0.000001000,1,1729892804,1729892804,0.000000
DnJWANviXkPqo4UUj6dmSWRVMmMs5RB7RURpr6PCqm2i,1000,0.000001000,1,1730120311,1730120311,0.000000
DNm829U4hNeUKApLWJ1GdmHmfA9y7Yiax9sDP8NP4pzc,1000,0.000001000,1,1730120616,1730120616,0.000000
DnmKDYaSQzqrEAA3LK6FzaMQBydCGJfT8xphEuMMCWVy,1000,0.000001000,1,1730092215,1730092215,0.000000
DnnugtJGrhVDCpNHgmLfzA6JWCP9mnzCZNkPi7PnqdqW,1000,0.000001000,1,1730120364,1730120364,0.000000
DNQuJMCCQ179WPKz7Q3jF1Lgk5mEM52WA96DabjuLLML,1000,0.000001000,1,1730120372,1730120372,0.000000
DntzUTcji62ASgdkdonWU1KGRMzuqoaV6mXCVrRFbfhP,1000,0.000001000,1,1730124683,1730124683,0.000000
Dnveh1VRHT9XVzDgUkPLt8yLJdKetLLVbAGjGrBcnR5e,1000,0.000001000,1,1730130764,1730130764,0.000000
DnYWuZ9f98g3DGUEZPfnFqCJ7MgDP1jRsvuMteZgPvvq,1000,0.000001000,1,1729978205,1729978205,0.000000
Do9nsyzbFppLaAnxGebzyFfZZSsNhXGUSFA25teoA9kj,1000,0.000001000,1,1729898516,1729898516,0.000000
DobzhFcBVeE4nT484TgmGjLSguS8k4vtKUsuvv8RfUuj,1000,0.000001000,1,1730110724,1730110724,0.000000
DokVdEzsnZduwVwTKQh7L2MiNuRWigYfpkNSN6X5pe51,1000,0.000001000,1,1730062392,1730062392,0.000000
DonaRkvZvq3cv9S1WARTjaZwYa6LoF3XFNUMmTnPhwvh,1000,0.000001000,1,1729878210,1729878210,0.000000
DoWBSxhsYYEDg7MhnehPeifkmQm42MA2Eo8DHgo2h4M,1000,0.000001000,1,1730124858,1730124858,0.000000
Dp4iZRs4gXtEeij5hmFk6S2CbnFEvfuAvX5AnhUqn4vv,1000,0.000001000,1,1729956420,1729956420,0.000000
Dp78a1Ne2fKsVT29o3RFEp2EZf34uSwZn6ZUHZwyndL6,1000,0.000001000,1,1730123024,1730123024,0.000000
Dp78HfG81FXCTpnLrext1HP2wofznDPkTaqhrnm2Fri6,1000,0.000001000,1,1730122868,1730122868,0.000000
DpkELPgssA183uKzwri9GTbVF3L6rgvd7exwJ9NvBp66,1000,0.000001000,1,1730124660,1730124660,0.000000
Dpp9CTkpMjQcc83qQLTtNcphW3U8NT6HUBeYcJoGJo7r,1000,0.000001000,1,1730120605,1730120605,0.000000
DpwKa7L15MQtkDaA41bMGAts64tdMwywdrxgKr2ZgVUD,1000,0.000001000,1,1730119790,1730119790,0.000000
DpwSbVMsTKPRoTbF7a282wh8oGzQMxF9tiGg6LJrwKRy,1000,0.000001000,1,1730118488,1730118488,0.000000
DQ2rDoUr6qmnf2Ji3qiA19fEw8toLCf739A4zpbb3PZS,1000,0.000001000,1,1730119715,1730119715,0.000000
Dq4sZkQJpZXfqHbg9RP1Y4yTTC2kTDyvj1SjaY2jrAe1,1000,0.000001000,1,1730124276,1730124276,0.000000
DQaPoEhWGnDmSTrFf8wFC9QandyKrkhzxUjzFK9vuxMQ,1000,0.000001000,1,1730121484,1730121484,0.000000
DQaPpxrQG9VfYm3UevgAN2PEzqXNg7RK84q4GKdLci1Q,1000,0.000001000,1,1730121585,1730121585,0.000000
DQMVbaQbNLTSMC7oBu8HaSHqhRLDo4yk2v1SvpSepCEE,1000,0.000001000,1,1730127667,1730127667,0.000000
DR1accaXV4aR8yvxsVa8TBvFCzZGQUFWkdgcJJdnRNj2,1000,0.000001000,1,1730124980,1730124980,0.000000
Dr3H8cAus1mtCjLahLWzWBTXGKHfLnXQMhoRgbbF2WRf,1000,0.000001000,1,1730042920,1730042920,0.000000
DrhfPjYXi6oZS8WRBfxWersmHUQbn6i2asGxeS1nc6yV,1000,0.000001000,1,1730119579,1730119579,0.000000
DRp8Zc8CX9UaqPfkwrzA8buLRC8LAHjGuv6Fhudd8f8Q,1000,0.000001000,1,1730035668,1730035668,0.000000
DrpUpVWgu8b1PZ1G1SyUExhdmZJrbE9YKH186f3t8v1t,1000,0.000001000,1,1730087649,1730087649,0.000000
Drv1MrCgPuX9nj4T8emZysTiaYVUvzdvykQmE4Qbi2zV,1000,0.000001000,1,1730117673,1730117673,0.000000
DrydTVxUSrrE3SK95dLTwASnNE5Ax9hxYUiU6ufmXuWM,1000,0.000001000,1,1730083913,1730083913,0.000000
DrZx3mZEBxhVqBKztFUs1fJp96tM2u77mBpVRRBsW7tF,1000,0.000001000,1,1729890542,1729890542,0.000000
DshPYckrCuSzpgEnLbe2kqmqZyZWzV2FZJ9RUcN2NPzR,1000,0.000001000,1,1730047503,1730047503,0.000000
DSkGsJFkrzASCyt8zhqLRZq61FgmQjzzVtZzgNUyrNmN,1000,0.000001000,1,1730048746,1730048746,0.000000
DSmbk9Y1yJZfF51rc8GCMjMYFgN4CcaDhogS4xS84tNZ,1000,0.000001000,1,1729969959,1729969959,0.000000
DsndJxqAkNMfjJx66UXptmqrzebrtCroeYfQsfFqFpZa,1000,0.000001000,1,1730116950,1730116950,0.000000
DT3xMEFB42pam4b3tGyyDfLZEJtGnfDGVLZqd28UDCsr,1000,0.000001000,1,1730124715,1730124715,0.000000
dTHu5cbCjEbRh5unBzgr6Kkuf8L5zkAQ64hoyj9Ue4W,1000,0.000001000,1,1730117785,1730117785,0.000000
DTkbcZ2wF22t1xFZEpBmxjD5Vk7TpXnxs7Kzaufc22BL,1000,0.000001000,1,1730130633,1730130633,0.000000
DTMrNMJNnUDWfPvE1jmbrTKfLWMZhi6fQT5fjxozpu3n,1000,0.000001000,1,1730108300,1730108300,0.000000
DtxSJMR4xhk6WF6avJvkVPh1i4DTUiqWMkQ8nViQ8smD,1000,0.000001000,1,1730119753,1730119753,0.000000
DuAhX8VQSsNGFUkhSNErXb99XJbtBSJ3oQURgpEfLcpp,1000,0.000001000,1,1729955856,1729955856,0.000000
DuF1qrmZZTMDBPNhZEaUkNVhPbLyCoNxanzceGH8Z82W,1000,0.000001000,1,1729897681,1729897681,0.000000
DULWMgMVQkGGHKhxfwJGrpAs7dosdUtYe1FzfUrvEhx2,1000,0.000001000,1,1730119766,1730119766,0.000000
DuWzSaRvyFviRCpF4FubXK9kyiW2QPBbKf96bdPxkoq7,1000,0.000001000,1,1729871797,1729871797,0.000000
DUZwFpyy8ee9Biwcs6MVFpF3ZjzStMsbaAyj9Y6ccpC1,1000,0.000001000,1,1730120717,1730120717,0.000000
Dv5z12W9mmFFGmL5MQaqmD9Ren1rpTXJJun7E54ax2WZ,1000,0.000001000,1,1730121850,1730121850,0.000000
DVpQ7F9wQbkNq8y7gr88TpGmSnR5j1VRWyKzbp6ptX19,1000,0.000001000,1,1729885054,1729885054,0.000000
DvU6FPxYDVQfPw1cufPFAG8DHXxH45wjNphTTpYJVfSU,1000,0.000001000,1,1730125136,1730125136,0.000000
DVWFZYbdAkognd7hdNA9VM9VDSwLVgcxcuX3N1Mj8Rk8,1000,0.000001000,1,1730120439,1730120439,0.000000
DW4qXxQ99npdmuYhgR7oxbwYDt4Fv9EBsGD9QD9Az5pL,1000,0.000001000,1,1730100022,1730100022,0.000000
DWBikJcPTHZ6J2nriwcsGKHjdXSV89mfrsuYFLAqxsbk,1000,0.000001000,1,1730118405,1730118405,0.000000
DWbxkXJQv4pfpY8JkoZMK3ZPdapigKX1DrErToq3Q4kg,1000,0.000001000,1,1730115777,1730115777,0.000000
DwEjothCMV1xRPktCZr3fRqiuZSzuB3eoBc1tLNQSmiU,1000,0.000001000,1,1730124467,1730124467,0.000000
DwEWbmc3gs7AuvSLXzq9JzcTKrExJi2jDienBqXYsiqh,1000,0.000001000,1,1730127552,1730127552,0.000000
DwnVUbiWYrGNiKMSfaUJMF362RCUfGb72SvokPA3dybR,1000,0.000001000,1,1730048690,1730048690,0.000000
DwqWxEgaYkoQjj33A9K6mcbSiyu7vAcN4Y5oAQgoJx8L,1000,0.000001000,1,1730121850,1730121850,0.000000
DwT8X7Ges93k6DGYcFdKyRhEQwZLSJshD6YJ9PeDaU8S,1000,0.000001000,1,1730123298,1730123298,0.000000
DwT8Yq7xm4r7BCJ2xFwsxNGpqrnHWmBioxKaRRN2Xv5S,1000,0.000001000,1,1730123136,1730123136,0.000000
DWxb1RMgpythAt3D7kd1qA3H5MafjmjFVXYBpz7jdNra,1000,0.000001000,1,1730119308,1730119308,0.000000
DwxM5aS9zTkqyxhybjrAps7JWaQYA77fB32vPhMnuW43,1000,0.000001000,1,1730114433,1730114433,0.000000
DxBXsrxwMxQ2BxFxnhMrak36VHTpJkcA99Me9JLYsbft,1000,0.000001000,1,1730124466,1730124466,0.000000
Dxc2myGcCvbybnU7yFpZYsSjNaUrG5TzaCL1AbBzr74D,1000,0.000001000,1,1730130087,1730130087,0.000000
DY8PtRuCdTgQtpptxXVEJD5NyLHoXMiPbM6Cha7pMD7N,1000,0.000001000,1,1729884542,1729884542,0.000000
DyAUR8t5mYrGvQiRtCNzC4CwnFjftcYsDLUzYaQde2JG,1000,0.000001000,1,1730119441,1730119441,0.000000
DYdLCdwP5RvAni8yn5aMrNxFBQ4mccwi1uHNrt5AtoRG,1000,0.000001000,1,1729970169,1729970169,0.000000
DYDQwoMbCzsL2LPdrBraVTVWYjG932jmnaSfSEtTHkrj,1000,0.000001000,1,1729880577,1729880577,0.000000
DYgheGg8MQy3neSWWkJZPuxa9YLfYkPKivEWFGTnKtdm,1000,0.000001000,1,1729898042,1729898042,0.000000
DytpyU2KXtkccNGyKj6qisnMsQ4rSiAzinZpAPE4cRo,1000,0.000001000,1,1730095849,1730095849,0.000000
DyX5wuHnpWL4wZdPQP9KCmVv5xSogNZitT5jPh34jPkA,1000,0.000001000,1,1729924020,1729924020,0.000000
DzCd7cu9SXze8KP8H3SDaTEb2Se5BugJw4RDYbMfwt5u,1000,0.000001000,1,1730131071,1730131071,0.000000
DZhi871t1Cgqh3fsXsgdM9fi6X93tqzH4Frdo5B8b97t,1000,0.000001000,1,1730041078,1730041078,0.000000
DzHkyRKdSeP14VkRmoEmt7McS5Zow9sQUq2vmy1uKVtX,1000,0.000001000,1,1730125132,1730125132,0.000000
DzhtqEKwYnw43z29ZFd9x1AXn2wGoaQFv2y1FuZFkVWS,1000,0.000001000,1,1730120711,1730120711,0.000000
DzkhS8oTvm1X3cvzo9GG2EpYLEAXNBSrELxVkKPRPwHS,1000,0.000001000,1,1730128889,1730128889,0.000000
DzM9xnuFCfiGGtLFvdwT1BcWR66YkppwFt8DzfuZwSmG,1000,0.000001000,1,1729887371,1729887371,0.000000
DzPCYqjPY5KZSACeLb2FaEzt7CqZu5PbA6yV8ZLrucbH,1000,0.000001000,1,1730124601,1730124601,0.000000
DzWwHMmv8urL3tVYk8SUMs3GKTzX1ubaBBQzyS5jZGXL,1000,0.000001000,1,1730119915,1730119915,0.000000
E15F41DmrpBtvLMa6YRaDtNojUsn3tDSpMgdE4JgdvG1,1000,0.000001000,1,1729943455,1729943455,0.000000
E1CGrwFCtiEg57ww2NpjuxttLpjkVjuhFVJCxTw5mEyU,1000,0.000001000,1,1730119528,1730119528,0.000000
E1ucs6tHD66ttBLcr19eQ2Qasmn51g8G8hn9n1ELnxmy,1000,0.000001000,1,1730124814,1730124814,0.000000
E1VffLgYmyVEYjq8EoASyDrENuARDnexr68H3yrqZJgN,1000,0.000001000,1,1730124262,1730124262,0.000000
E1wTgcdQU1Yb3am1hGxfWPJLZPWkME6F62pgKJt8LUJR,1000,0.000001000,1,1730041252,1730041252,0.000000
E2f8TkYc8j7i6zgHAsidv5ZEfHWaqf4wPSeWVBskJE5F,1000,0.000001000,1,1730106082,1730106082,0.000000
E2fpvPHhAwVGAFPqBrL6n3gnX7RUzfKaX99Jz19rZGCX,1000,0.000001000,1,1730108285,1730108285,0.000000
E3c7nNgTbLgT7NpJeHDQYiyGBBgfBCWjqYmCmjK6Q926,1000,0.000001000,1,1730040497,1730040497,0.000000
E3e2wb8usxku7nQFi92Fb9MuqoiheNxz2t6vNto3d7nZ,1000,0.000001000,1,1730122018,1730122018,0.000000
E3iJMtG9gMAiNUvsb9FmRcgEkKJeqkKjDD3jWdoeemAG,1000,0.000001000,1,1730124612,1730124612,0.000000
E3pyRUZ7wZZwYx6xNMYDhP9ocHVWrspRNa2ZUmFr2k1V,1000,0.000001000,1,1730118456,1730118456,0.000000
E4duL2Xz6qy5SYLF6Ff5ut2ajZSpcm2KTgU5DaqUwHoD,1000,0.000001000,1,1730092386,1730092386,0.000000
E4duNYhVCvkQTqzRjtRG1QuWa2Ddcq5TCTemrHVas8zD,1000,0.000001000,1,1730092312,1730092312,0.000000
E4gA3k23X35ztqugN8gnpdQofke2pb6bBU39hyfDzJVP,1000,0.000001000,1,1730120551,1730120551,0.000000
E4hYZKChHWM1DmGiuZH3KvLG4UdK11on6SDfaznjgFBZ,1000,0.000001000,1,1730128901,1730128901,0.000000
E4TroVq4Tyj5w57fRQgFoJWdtpsd8cmcmizd2158HNsC,1000,0.000001000,1,1730119398,1730119398,0.000000
E5fRJRDhWCNnSt4zKviPTLtfMu432Mzdb2wHCCBcrUh9,1000,0.000001000,1,1730120155,1730120155,0.000000
E5vB5h5vvNqTP7KZprRTT9i9pKTnGrDZUP3X2XTA9cck,1000,0.000001000,1,1729905672,1729905672,0.000000
E5vBdC8rqCqaiENrG5m1hAMtW5HYWaWKrrUz1uYZzHck,1000,0.000001000,1,1729905635,1729905635,0.000000
E6PFLMaTsYBSVeUHhzbSpyfgs3UtPUsEXvUKqKyCPuhL,1000,0.000001000,1,1730117420,1730117420,0.000000
E6QFADxaFJLYxnSU1iGxvF7aGUVE6Yf3eTb7NebAQ7P4,1000,0.000001000,1,1730120511,1730120511,0.000000
E6sLpAAkrMZ5h9cKLyNVLzTe6LxGgBLgAXD7wgGPNhbi,1000,0.000001000,1,1730119327,1730119327,0.000000
E6XywQ5U4GPF2iCh3MQb77uSQJXKV6AzJkAmwF4s4SFo,1000,0.000001000,1,1730124763,1730124763,0.000000
E7pBbHhLdg7dGMTSpeBkmjResyoxAzADxvtprCo5uLCX,1000,0.000001000,1,1729959330,1729959330,0.000000
E7PtqbWSaqKkqmJ2QWu8nugprt9LJNpamjt3XKZ718Nu,1000,0.000001000,1,1730121783,1730121783,0.000000
E7U2WtupaWNBsNYuKCRex3ZEqrvaYVR4XoxD6YGqatmR,1000,0.000001000,1,1730130293,1730130293,0.000000
E7UHbyTgLKiYPfm9FFnFMWde1FmzJRQjDEMsXKYBi98A,1000,0.000001000,1,1730081951,1730081951,0.000000
E7UHN2ZXnCAHMXX3uTJs7QLfAi3vgy48K7Ceq17LF2eA,1000,0.000001000,1,1730081846,1730081846,0.000000
E7wfwXpHjNZpHeAFB5kpSm3HVwTmmtgjKpU5FQGq8X8S,1000,0.000001000,1,1729940988,1729940988,0.000000
E7YxfDzX2g5tqkdtihWbKtKcREXiUTavMMrB6z1uBcpn,1000,0.000001000,1,1730118194,1730118194,0.000000
E867vjQQYDako77AnaiAEcUqENNJTFNyt8Q5tpUBYXv5,1000,0.000001000,1,1730120885,1730120885,0.000000
E8E8De31tHs3zZQEX8T1ktmndWvuCEgLMiF9KrFTQrHD,1000,0.000001000,1,1730125231,1730125231,0.000000
E8gJ2tjn5V9Q95yLs7N6y7EBdBwjb1DERfPAKPChWfYd,1000,0.000001000,1,1730119441,1730119441,0.000000
E8iUk6eTWTkJkwMGryNqdjrvG1BZca2BW87AtpRcFKG1,1000,0.000001000,1,1730120897,1730120897,0.000000
E8W1w9gM1rqayK1hZXvKCyVWANNy7BneaWEyehD4eZR9,1000,0.000001000,1,1730131678,1730131678,0.000000
E98YWb1j4yJzv6RauKmY3WPzsW2bV4egd4mrDoFYxc4E,1000,0.000001000,1,1729996841,1729996841,0.000000
EacViugumaZKqwxgyNszCaVyYMBEZk33DkiNTKSQ4gwm,1000,0.000001000,1,1729898857,1729898857,0.000000
EaDcY6BeccohufVqJ2ZiGVgKiAxFVzgnhmXAFrXWgu3g,1000,0.000001000,1,1730129291,1730129291,0.000000
EAnpgoDsKo3vdqx31tmkJVBm9Q6XuCoTusfVD3Rn3n8M,1000,0.000001000,1,1729970323,1729970323,0.000000
EAvaAejvjvXGjrU62aEPnuNENm9byhLPxsKCSXdTyU8f,1000,0.000001000,1,1730121071,1730121071,0.000000
EAxiFepB4vU81uFxFDvAqcQhDUJkvaKwyTwmqxusUr3c,1000,0.000001000,1,1730127060,1730127060,0.000000
EAyjkQBUv4fpda2dkEt8KPDotHKDyewJm3TK1H8G9A6Y,1000,0.000001000,1,1729874300,1729874300,0.000000
eaYMPUMwubNuREgAm1qf4UwsEaLQ1bovUsEE9kw85BJ,1000,0.000001000,1,1730124761,1730124761,0.000000
EB7SYTA81apW1Bj7r8G7gEGmapTr1DHNXX5VpBxQi7kx,1000,0.000001000,1,1730081144,1730081144,0.000000
EbDz1zKiMBa1Sd1EwHZ5SYAzhJqtGo6TZV1Ny5fsK1St,1000,0.000001000,1,1730122177,1730122177,0.000000
EBe1somtF1FeHBRBHKDP3CQf9Qm8Fw8HwTP75b7rpmLM,1000,0.000001000,1,1730085773,1730085773,0.000000
EBgLmGkedH2i23Qa64cVKbHWNeac5U9jsn5qVC3BdU8x,1000,0.000001000,1,1730096844,1730096844,0.000000
EBquMFZwyVBYfs9HvsyXbet4FAeoih6Mne5wi9JPRnun,1000,0.000001000,1,1730125599,1730125599,0.000000
EC549aDn6QDoWnyUbZgd7y1ZXGZzTcZxMzutyztjB2ec,1000,0.000001000,1,1729875427,1729875427,0.000000
EcLMQH87zJ6WGEyJ2i9ao39shgEF6DkP4yV4ER56ozWp,1000,0.000001000,1,1730085606,1730085606,0.000000
EcM3LHH2DSfdD8BcNzygu8EZdSEACqGhpbN4LoZ9NA9Y,1000,0.000001000,1,1730114592,1730114592,0.000000
Ecq8rmuerQ2CGYfxgy3YuxGVXbQMLvMw5NtJwWrNArKi,1000,0.000001000,1,1729958326,1729958326,0.000000
EcsywGBeAYmX6B1y1tTEeUBLg8ZgYLJbtUj58up6in2a,1000,0.000001000,1,1730042234,1730042234,0.000000
EdfNRE4WBh67WAqZTGJ5T9P2qAXiHXkTcrrf79CjFkEG,1000,0.000001000,1,1730078260,1730078260,0.000000
EdhK6bmgwb5bpFM6ZRF4S6HXf7ki4APGNHv6ZUC5GqZx,1000,0.000001000,1,1730119630,1730119630,0.000000
EDpm2HndX7oz4yoyEgtuHxS5o74BPmNxzA7TdneKpC9M,1000,0.000001000,1,1729994915,1729994915,0.000000
EDpmvAPQTcZinJidYfHzTJFijssLuj2UCNKTLa87ZN2M,1000,0.000001000,1,1729994849,1729994849,0.000000
EdqgdjzakNcjcHQdM3UcL6P6EToBDSrciPB8sThCnTVD,1000,0.000001000,1,1730130636,1730130636,0.000000
EDw24AcLVkPKZZEJBxwmdStwKvFUhuSkJYxskv9uwQ1x,1000,0.000001000,1,1730006533,1730006533,0.000000
EDw2t5K1WkpJDgvcPJGVQJnqLMUW8fpc3PEwEA6CXapx,1000,0.000001000,1,1730006640,1730006640,0.000000
EE53JHgfAi8WjFKzo5qBYTjYZGfSxDCmPzQvzVzKaMB6,1000,0.000001000,1,1730128886,1730128886,0.000000
EEaShKtrATWxcia6XMuG32uvE4NZoswUHXas6PFLZAWt,1000,0.000001000,1,1730126452,1730126452,0.000000
EEaSyMuDwdW1Cy7rkiwCC84bxvuyEstW5sc59azWFXAt,1000,0.000001000,1,1730126559,1730126559,0.000000
EEJ2ur9EAtyFuHdm2v1NPfYv2zNZgzuMPqCX5Rk1aov3,1000,0.000001000,1,1730118801,1730118801,0.000000
EezThJgAzv6kr8vnoforub2h6nzcMiGHQj61f8MmbYxL,1000,0.000001000,1,1730119648,1730119648,0.000000
Ef926QrKfxzV7d7XL2pWWqBZqoTcerzccYw7u7K2SL3N,1000,0.000001000,1,1730119337,1730119337,0.000000
EFde9JMvXxn9EMqrzMgEuRkwSBSt4wW9nhMgCGg8Do7z,1000,0.000001000,1,1730073300,1730073300,0.000000
EFjwkUQRAXU9pAgS7HLDDPcmteGd2CtdDjZqMtDBtx38,1000,0.000001000,1,1729958364,1729958364,0.000000
EfqzB3mCHMbU7n3PGWFWQmowW37YBmNJmG2BQ2vyMotu,1000,0.000001000,1,1730124989,1730124989,0.000000
EFrNMCZEpSbMRXuiujvwWChXg3muTp7mP7E4n8ishiAZ,1000,0.000001000,1,1730119736,1730119736,0.000000
EFVhoV6fCDUbECkVgeX9dPjiFExACZz5rhUkJE7YC6Ra,1000,0.000001000,1,1730119201,1730119201,0.000000
EFYGU3oDBCeFzkwr6oRMZL4DqccgSTwfsUQSfQArpXf8,1000,0.000001000,1,1730128224,1730128224,0.000000
EG58ECmH4fmcGTjrBgFin2JPvM5uui7mDH17PPqQqPUk,1000,0.000001000,1,1730127312,1730127312,0.000000
EG6huKjJ2E6BTf1pgpY6MobGBGT7jvjYeJd7ZuaAgdSj,1000,0.000001000,1,1729874629,1729874629,0.000000
EG6xh54ooE7W5psQrw482EJuxXhh5eTqTZLPtzyKWgPZ,1000,0.000001000,1,1730126389,1730126389,0.000000
EgjYiHPVHgrwhqq1G7JPePMXXeRTEU2Fk5gdPRD5x9r2,1000,0.000001000,1,1730004016,1730004016,0.000000
EGrDYtiGWF7jGhwXfWXUp653eQPmJ3cJGAvkXCpDv45q,1000,0.000001000,1,1730080901,1730080901,0.000000
EGwdRhAp855QRLWAberpHNinDKCJLk6CVApahUi1i8w6,1000,0.000001000,1,1730124553,1730124553,0.000000
EHAL2EsnadGfVReAu1vnKqtsaMaRJxagNX8aVyaZkFty,1000,0.000001000,1,1730124335,1730124335,0.000000
EHQT6Jzt2bzBC8ryA278VvYNyGSN54ddW5KK19CH16XL,1000,0.000001000,1,1730112635,1730112635,0.000000
EHwkeHykLr6usnkRC5y1G31qeAWJ93deYdM34fMQpJx,1000,0.000001000,1,1730116013,1730116013,0.000000
EHwkNPkycdNoL597mEuiUfCuF6Gau5KLTHcfH9mXAX4x,1000,0.000001000,1,1730116107,1730116107,0.000000
EhXHqwmyuL9gbnJcLrUQTHV2jen4mvetV273Ntjhh52q,1000,0.000001000,1,1730105685,1730105685,0.000000
EHzPbMN58gDLBgJvio7unDjn9hmDkWpdFnyjDJAE6qcC,1000,0.000001000,1,1730119359,1730119359,0.000000
EJ1kZvrCWtun32gMZyjmW32dVWwdNPj9Mp8XoRjhng1D,1000,0.000001000,1,1730119782,1730119782,0.000000
Ej9KFtD7nnWt6H2w89AKkfnLUm9vboeoqpEPsbiRD9js,1000,0.000001000,1,1730119782,1730119782,0.000000
EjMudd52Hmd9N81d7b1LD36EfpcQoJmQfPfBcsQEo1rm,1000,0.000001000,1,1730119861,1730119861,0.000000
EJv6L1BsZrSqCzy4fohRaKwc8EeP4kLN6MWES1DT5WY2,1000,0.000001000,1,1730118510,1730118510,0.000000
EjzKdpFLvDbLwuysJbaxWgKJ4nQK1FpZuVfiThBk3dZQ,1000,0.000001000,1,1729957707,1729957707,0.000000
EjZvbgWHmKgoZv4tgMqLQdfHiPHVABQgkYK8mmVoNusP,1000,0.000001000,1,1730095956,1730095956,0.000000
EKmTP9LAzjehesLFUQntDAZWYMHQNXLsVxHUn61qLt4q,1000,0.000001000,1,1730046229,1730046229,0.000000
EKrGcJ8nCZThvsZJEzpCDsvTkULTg4EPYSFoMSbvggEz,1000,0.000001000,1,1730121247,1730121247,0.000000
EKSeCR24zUUdmuJxCULYaKnspRK61JfNvX1hBSPUPw3B,1000,0.000001000,1,1730129895,1730129895,0.000000
EKTwuUru3Exr5u3JbR6vrQDpKxAfHn4UVaK4ViU2yHJE,1000,0.000001000,1,1730004076,1730004076,0.000000
EL9ZyEzCRrZcuNfpJ9gPkCVujxLPDhfYr7QkrwLmZ16u,1000,0.000001000,1,1730105716,1730105716,0.000000
ELGa8WWDHb4NHvkdjMhzmtJ1SdH2C699anXFGqwmME4H,1000,0.000001000,1,1729993053,1729993053,0.000000
Em3Z4e7ksnyefyFzqD4fiRYq9W3Qz4JdHuSmJEzSeLoG,1000,0.000001000,1,1730089829,1730089829,0.000000
EM76vnVHTakN1fzfQKiXCz8sgYfRRjVGkZuasdBEbwsK,1000,0.000001000,1,1730130076,1730130076,0.000000
Em9c4P8g1RECMemBGYGwcZYooodxtNwBuCeUqprXAsR8,1000,0.000001000,1,1730118507,1730118507,0.000000
EMLZEwG1iYJciWRiBvWVsHMDCzCzmmU2mg8LZP2yXweD,1000,0.000001000,1,1730119679,1730119679,0.000000
EMnByjY6wK4EAwvLQt28rxkXkejvW6dao3X9d6KMNUnL,1000,0.000001000,1,1730124466,1730124466,0.000000
EMQZnfaEb76rGJRfF36zwod529xZjStTXWjexM8iTvob,1000,0.000001000,1,1730119889,1730119889,0.000000
EMTxW6kV3BjvGMkU8vJ9sQnuzqfo2JdFicgWf6wDVGiA,1000,0.000001000,1,1730117786,1730117786,0.000000
EMUWJkt3eQjfSFTUyiqsz8DCrDW62BoEY54AdySFfFyB,1000,0.000001000,1,1730128664,1730128664,0.000000
En3e1YhszxTJmMEKmfU6hEfpNd7BNwrFn2KyFdR466NW,1000,0.000001000,1,1730122733,1730122733,0.000000
EN5FWFo8Q1pLQ9RAt3tUzMkaAE43q41b6ozCqbYnLkgP,1000,0.000001000,1,1730118738,1730118738,0.000000
EnozVD5ggsHrSeCbuw7CyKD4pWSKzTisHXBXyEtu3TTe,1000,0.000001000,1,1730082456,1730082456,0.000000
EnozYxcaXBpqedVSkoJPdYgmHHVFZuXSZyZpDq5SGk8e,1000,0.000001000,1,1730082548,1730082548,0.000000
ENTQnCoUHsYdwFzRa2UYTiD1nzztWehRHHr4ykPkyB1P,1000,0.000001000,1,1730130434,1730130434,0.000000
ENuwV8asxjqwrVDAfhdgHE8dQCQ7tzqnWcyPw8PJhyxG,1000,0.000001000,1,1730044761,1730044761,0.000000
EoAyw5W8QDA6MYDKVDxRFDemJCxeQ6JRt6TgRatjTnzK,1000,0.000001000,1,1729958423,1729958423,0.000000
EogWu8Gdm6HtjPSzPjKD47ttQAvrbHqCheJZ2q46Yo2S,1000,0.000001000,1,1729974084,1729974084,0.000000
EomiDxjYyab1eeLg8mB8WghEWBAZwjQ1o4VUb8n4iWu9,1000,0.000001000,1,1729889299,1729889299,0.000000
EPFD94cy8QJRC4a75CqfsQdwN9sLUJ1rg3Zva9P9dF6a,1000,0.000001000,1,1729965340,1729965340,0.000000
EPGaSTLPvysjndFvX79pd8YdKZMcHRwdxRzXajZU3g55,1000,0.000001000,1,1730119953,1730119953,0.000000
EPjSe9yGpELxAYRo1So98NgQdT5UyYzcckT8eaUWeevj,1000,0.000001000,1,1730117687,1730117687,0.000000
EPtadtmsgSkWHGqPNQmmcZcRY6pkSG2FZJoAvMVphNaF,1000,0.000001000,1,1730124897,1730124897,0.000000
EpV7LDWEig38ose64FT1b361gkewe1WGJW2tq35C7yLJ,1000,0.000001000,1,1730120293,1730120293,0.000000
Epw9jjyqtVMeZ2GQ81wobek6YSq7guP4X7FehMMHWjhz,1000,0.000001000,1,1730124728,1730124728,0.000000
EpX5HrsBjDCLzrRyZ8SHrUXBhKbaKFXeW2HMujwWKT17,1000,0.000001000,1,1730053887,1730053887,0.000000
EQG369uAkVM3HJbEJzJg3pnTn2LUEAjGWWjNio2ECCpN,1000,0.000001000,1,1730124728,1730124728,0.000000
EQLLwJm7qHQbMkDcUAUJFXvqJh9yPBtyG66Ym9vfNu7y,1000,0.000001000,1,1729929892,1729929892,0.000000
Eqnv91WeBt3ZUEAbYdpjTMg5UdHEC6qug71ZGi6k78pj,1000,0.000001000,1,1729920658,1729920658,0.000000
Eqnvd8kx5WLfSqEqN7PUQCTNt77jK1J485YefN142x1j,1000,0.000001000,1,1729920683,1729920683,0.000000
EQodFrVxBdkXnahvhkvY9sQ8ZuKTeuZFWiHpwXMBigR5,1000,0.000001000,1,1730120387,1730120387,0.000000
EqVoAwZEgQj6NzsFXnSz8BUR71HKsEHh74oHe5ZvDAiW,1000,0.000001000,1,1730120869,1730120869,0.000000
EqVR23vtWhrcs7x6wkUf2DEmDz2WZD8QmSTbYGHfg5UE,1000,0.000001000,1,1730127017,1730127017,0.000000
EqxrmAh7nr3BGFZzNZ1WystP9J7trkpW9Lmdn9TppAoZ,1000,0.000001000,1,1729959412,1729959412,0.000000
EqZF2CgLkDLfxNUtvJJ1PNA5TtiyVYe8KJL6hX4yXc6c,1000,0.000001000,1,1729976861,1729976861,0.000000
Er89PfiNpwqsqmMMF82jrKW72KGi3FkwjPxzcJ5Cw59j,1000,0.000001000,1,1730117817,1730117817,0.000000
ErJJj41aYzEpSFaGdwqYvvWr5ybzV6LnJi9kqNgdsyyo,1000,0.000001000,1,1729952947,1729952947,0.000000
ERkqXsU31RTe9FsfyMWGjM2F4qovagpdhEZo4gL9drbg,1000,0.000001000,1,1730110675,1730110675,0.000000
ErnvcNKf7sAYMdRL6Z4hX3sUQ4SddiCquC8u3huEceg1,1000,0.000001000,1,1729872337,1729872337,0.000000
ErqFVh3rFQbUg9wM322ELxhVAwaZ8cut8YiGmTeXuhPM,1000,0.000001000,1,1730125050,1730125050,0.000000
ERSsgUAegXCLHfsQ9JxBMbhZVjpzUtvUYxYvPEw4Qk16,1000,0.000001000,1,1730052257,1730052257,0.000000
ErvB9iAALa1QEebfcfhc4H6tEpniaczqe8tpD5iVY3Lr,1000,0.000001000,1,1730114013,1730114013,0.000000
ERvoR3tkn6M4kE7N8NefdMGbRpz85ySGLZDjYZbLoPW6,1000,0.000001000,1,1730081250,1730081250,0.000000
ErYKxqyb8q7RZ9Puh9CynLrGU9NwrFwBEbMUyqWXeTHw,1000,0.000001000,1,1730120663,1730120663,0.000000
ERzaacgYR7MrCd5aiJmAxNmwWzoXVR7jLptyWhMCiUym,1000,0.000001000,1,1730130396,1730130396,0.000000
Es65hFoSBpgcQF4ewSHmZggrUqCLYHiXba5d3TpoPHWL,1000,0.000001000,1,1730129235,1730129235,0.000000
Esbtzt7oMqzFaC9Mhq5A7vDqthx6ivK9TjWb6YGpKt9e,1000,0.000001000,1,1730125868,1730125868,0.000000
ESMDMEcVcdg3uXN9VenTRd43q8xm7eHaeY86iJcdtTeQ,1000,0.000001000,1,1730103550,1730103550,0.000000
ESuLECKQiAF4Jw6jaaoVUyoAAdH9rhBMLi7a2Th2Pqb1,1000,0.000001000,1,1730119311,1730119311,0.000000
ESY3SuAuqwTJDKVWjnDJs9fQcqvYwNpTqoxx4dqQKM2X,1000,0.000001000,1,1730120518,1730120518,0.000000
ESZ97bQMtd2ZkBRVsskNofg6cMaMBGVhKYs71ocTLuay,1000,0.000001000,1,1730119528,1730119528,0.000000
Et2MWQT49NVqV8tiFRPVCGqN2T9bPEifRZQT95zCYtK2,1000,0.000001000,1,1730124873,1730124873,0.000000
EtjNhGAVPpjK1DH89qAm4MybWF5YAEbAS8z17Z7ayHbC,1000,0.000001000,1,1730124467,1730124467,0.000000
ETKTGY1gX4QZPyrB1yHLTwcaGbF6SaujysciLuoZR312,1000,0.000001000,1,1730042305,1730042305,0.000000
ETm6pUFtLho3hiXCAAejcTtSjn1vAHsvV29gCDCuCnsk,1000,0.000001000,1,1730094586,1730094586,0.000000
EToscBE86sbctqaXfiGk1HsEKNbLipU5p9w7o4yGbVnV,1000,0.000001000,1,1729887280,1729887280,0.000000
ETRhYTVY5gPU65dUF13q3MJnqMnnVdyxQiojVZLKD8M7,1000,0.000001000,1,1730119847,1730119847,0.000000
EtvXTiQbr88iNV1RvLVJZpVfP3yqHSpaV9YfJigJJq79,1000,0.000001000,1,1730123732,1730123732,0.000000
EtvXZVktTyQ8qqjDd19dVdF72baM8zGJSjhHrcSGWnC9,1000,0.000001000,1,1730123579,1730123579,0.000000
Eu7D7E6QdfNNUop8i8Yv2KEkjwaZ956FXtZMYDmk5THw,1000,0.000001000,1,1730124417,1730124417,0.000000
EU9dAouXvi2tqNouohuf4a2pQtGczmnA3jaR9yfoKnnP,1000,0.000001000,1,1730093996,1730093996,0.000000
EuBef73QAJfN2npMQtTEgfHFkrPZciV8NJvREHbuxbDp,1000,0.000001000,1,1730108446,1730108446,0.000000
EUDJmnMF11A3PiZDeMEMCqKL3Wv94u29qVqbikbQrM9N,1000,0.000001000,1,1729922278,1729922278,0.000000
EufXciY8MkzvdzGAxTw3DDZZGxhvgyGW8L6mLeEzBMJs,1000,0.000001000,1,1730118594,1730118594,0.000000
EuKuSaHhupxkE9ksQnHuiscMSisEwCNwipcFggGvKTRE,1000,0.000001000,1,1730041926,1730041926,0.000000
EUMJxGGLJBDopyEWDnuddPaCdctKh4ARgGFy1MTVGRPa,1000,0.000001000,1,1730127600,1730127600,0.000000
EUmk9crDxPBZy6JNNB2uuaT4YMnGocZTQa758MZsomAZ,1000,0.000001000,1,1729976706,1729976706,0.000000
EUmkb5v8sQFsF5jMWdZc53HTHtNnmMLbaj27T1J1dLrZ,1000,0.000001000,1,1729976718,1729976718,0.000000
EUtWZ2aNtUZbcowrwu9TqHXgWzJFFF3YKvgCm4RLGE3C,1000,0.000001000,1,1730062548,1730062548,0.000000
EUzAXHZi9vVabaSdqoycumpGAsKJFiLtBCRMYx5Y7Ww1,1000,0.000001000,1,1730095872,1730095872,0.000000
EuZNKPJkWYdUWnaAm5yMPc2VMpb1HAz457aVBgDGR12M,1000,0.000001000,1,1730046119,1730046119,0.000000
EvAA9aSmjgzfaZ7PJXSuknx2x99R4gVt7AkEV36h28ag,1000,0.000001000,1,1730108828,1730108828,0.000000
EvBUWXrr8diTZ3rL1nGqpFzxR6KUySPfS47u7gSGts1d,1000,0.000001000,1,1730131610,1730131610,0.000000
EVDLmtxSm3HZyEe5xPK1Ws9QyinJB2ivVnwGifRH6HCv,1000,0.000001000,1,1730129005,1730129005,0.000000
EvhcWLCHzwia1gHZ1bFBRVYoNzueiWd7p61qfsRfcDLq,1000,0.000001000,1,1730120248,1730120248,0.000000
EvuXrNt5M1Wrf9P9ufwMc6nQ8ub19bTwMziWqbHVEv4q,1000,0.000001000,1,1730126424,1730126424,0.000000
EvVDihnoAM6soVtJuaxusueb2DAWD1RZZsRH81b4cxWN,1000,0.000001000,1,1730124980,1730124980,0.000000
EW5pPVdVvDsS3dct6XUD2GNdAStjbifPLUtWAycALp9f,1000,0.000001000,1,1730095993,1730095993,0.000000
Ew7FFFSSP9jLnfSGhpXu8qg3XpQ6LryijRZQbofUr2qa,1000,0.000001000,1,1730119810,1730119810,0.000000
Ewg1odGXsKFNioL9zCkLPM4qrPqsabP8he1M77NcWx61,1000,0.000001000,1,1730120158,1730120158,0.000000
Ewig6YgyFVKMnVSX4HUCoc5og8CSRjpqpvJguSpwHy4P,1000,0.000001000,1,1730031204,1730031204,0.000000
Ewp7rnZuvD5c2FcyLxau6F1FqxKMdhwNk8hsQjVxt9Fx,1000,0.000001000,1,1730120060,1730120060,0.000000
EWyjbCqYSKTpWpoFb4uyT4SuftXKjqGs2ck5KgG4B1Bn,1000,0.000001000,1,1730118483,1730118483,0.000000
Ex4Z5ichZFWZUPY2uWaoBy3r5uK3x4MuMQB19WQPxemJ,1000,0.000001000,1,1730124683,1730124683,0.000000
EX9FMorz4sNaRuiT1MJ2aS8GrexdNSeLYpsV2HJfZhbu,1000,0.000001000,1,1730050543,1730050543,0.000000
EXM4GxNnvEJFJSysTigGmcKzqFAFaPF9jgWG9ZbNLfnh,1000,0.000001000,1,1730079632,1730079632,0.000000
EXM4Jo3RVEF2cj1GK1vJTxLQNXNDGtUNqFNptToqMm4h,1000,0.000001000,1,1730079745,1730079745,0.000000
ExrmDnJmaLjt3wFtQNhLbNPS5rpzozyt1U8KFpoDkwDL,1000,0.000001000,1,1730081127,1730081127,0.000000
EY5ZVM7ufVqJdc3LFNbzHkKXdeZmNrqxeCfBFbboJZ24,1000,0.000001000,1,1730092547,1730092547,0.000000
EyafE8KraGQqZw7wcvVHBViUtVdxUwWLRjdpJadH6dSg,1000,0.000001000,1,1729889968,1729889968,0.000000
EYArnQzFZSc9tZBUo3t7iVXMxKbxr7H9a5Gb2E8LJi7t,1000,0.000001000,1,1729875238,1729875238,0.000000
EYArQffDwvUqVbf8uWyLzvQns1iNE8xFhgE3xvadrd1t,1000,0.000001000,1,1730129916,1730129916,0.000000
EYhef7DAmYETNFL7hDjFSbLQ4FKEdNaSKgpPog8qwc46,1000,0.000001000,1,1729957408,1729957408,0.000000
EYheJeADKMP1H9spPS2HekWysm4VsTiimBbaszpEkjU6,1000,0.000001000,1,1729957496,1729957496,0.000000
EYz3cdMrfHQqmFnRFk8bzKHKgeVs1Hzmpg6aEhkJWUcr,1000,0.000001000,1,1729999238,1729999238,0.000000
EzaFN2VdB2VfHTRtx41S6bumsADXfxdFaPvXQrRVTJET,1000,0.000001000,1,1730125158,1730125158,0.000000
EzgvtvtW8j75s8VzBbKuDp3QDkpr9UDCcimMMzB1tqAJ,1000,0.000001000,1,1730117640,1730117640,0.000000
EZh7QZXvQY6MwuLtY1etDhVjAJpkJ4PE8XbBSt89arzS,1000,0.000001000,1,1730047190,1730047190,0.000000
Ezm9HozZR1EBnriemTEkWLaMiewaZHxaSkFzjkvnnJcL,1000,0.000001000,1,1730122829,1730122829,0.000000
EZnfv7MCGBfF1keE9braMNgxgL5suXBPrrRnRp6YRKgw,1000,0.000001000,1,1730119327,1730119327,0.000000
EzrSyfFDBhLSuUaWMxTh2f7bTKp5x4KXm5ipj6ioshq3,1000,0.000001000,1,1730123906,1730123906,0.000000
Ezs6YsZUAMxuRFkDYUxw5AnRHYUbuqbCwaHtjpuZnUDn,1000,0.000001000,1,1730118463,1730118463,0.000000
EZYvgAEDaCUqy6Bgt8D37WHcPCXpYxoqSuxNdMEQDQ4P,1000,0.000001000,1,1729969976,1729969976,0.000000
F14rruMMN5zsECmkvgx627C8gZSPPuLN7LVULs9CMXA7,1000,0.000001000,1,1730128426,1730128426,0.000000
F1A9k7mF2b4bcBWquqjkEFSrQkE9jbUdLfeikcJEC3W7,1000,0.000001000,1,1730027919,1730027919,0.000000
F1RLGQeb4sXueKHwiCMcxjSoBkbUzj8vczceig79o81D,1000,0.000001000,1,1730118474,1730118474,0.000000
F1sopFXfGAHZVF9uLyZNFJWUn11D4T4qDesFiQ4FsYko,1000,0.000001000,1,1730129235,1730129235,0.000000
F22WYrQGoqDqvTeA1gxWZam8tfaGPpDuJWeoiB1fW8N4,1000,0.000001000,1,1730088070,1730088070,0.000000
F27vastTrp1Mc4BMiqGqFgTC7ZixXWjXL6ZbT5pi9tbT,1000,0.000001000,1,1730001041,1730001041,0.000000
F27vto5TYKkeATRY6ZxFMK3P7WNDSkV4FesMjnQCPD3T,1000,0.000001000,1,1730000996,1730000996,0.000000
f2GRJ5Gf1YoWAHRciF4vAJ5cdeV4jAhQ5dgueRHCQFZ,1000,0.000001000,1,1730120055,1730120055,0.000000
F2wF7EJS9VqJVGiCh6z77Jb4Qcj8U6D4SiZ7JKrvZ22k,1000,0.000001000,1,1729905381,1729905381,0.000000
F2wFqRXD91xE1SZH7k4ou5oGLkaMYvDQUt47mE93ubxk,1000,0.000001000,1,1729905357,1729905357,0.000000
F2xeeECsfRJ2386D8DXmfVm8nU4Wqv9xgA66MsmuAF16,1000,0.000001000,1,1730060029,1730060029,0.000000
F38wh4r2mCEGtsvirGxZ2XgXtzHUnBubihiTfsW8uDDT,1000,0.000001000,1,1730132107,1730132107,0.000000
F3aA3uVCTN6uTp8wLCt4NP9uCQKFJptaSr1quXoTggmd,1000,0.000001000,1,1730121628,1730121628,0.000000
F3REw1pbvYdKDpJeP8HVmTwTzeESTx4ke4yHNxiCmJX1,1000,0.000001000,1,1730115535,1730115535,0.000000
F3suTM5ADdQ1yTsHE9zvs4gyFgTYxvfdPiR9687QK6ye,1000,0.000001000,1,1729952901,1729952901,0.000000
F47WJX9injCkRDTcJSbc26SuXgwvTSojWteoU56dmDm5,1000,0.000001000,1,1730128646,1730128646,0.000000
F4doMAsJgghW5HSMSGph2YKKbGVw38R4dPjf8UKbo15z,1000,0.000001000,1,1730117676,1730117676,0.000000
F4mo16aHnufeCtL3AV4jRnQ6sJYfwaW7axQqSbNmfMQW,1000,0.000001000,1,1729890838,1729890838,0.000000
F4nYxCfe5RpEsn8hXaH67NhTz1PRm5psbEL2Szb6NL12,1000,0.000001000,1,1729965195,1729965195,0.000000
F4vjT8QaA45FvQPpK12v74fwuRxA4GaWhbWLvSmTPgRp,1000,0.000001000,1,1730118555,1730118555,0.000000
F5oruweZMe27JhpNDv3MfctVq9ro2NQeALLo6ymv4nRJ,1000,0.000001000,1,1730044836,1730044836,0.000000
f5xLt7HAj6gJGfFrZmttCAEwV2A1XwEEHyjb8jZs5XF,1000,0.000001000,1,1730138306,1730138306,0.000000
F6eocJGTgNaeKuf18B7oTaMAfYW7VnrT9zn2HvkE2RsR,1000,0.000001000,1,1730119921,1730119921,0.000000
F6fWpnaxEWAGX42mtUr49bLLhHr1vqjMKh8MZsxtcdRW,1000,0.000001000,1,1730120412,1730120412,0.000000
f6gTDSCucxAT4dQU3Xfc7XoR1jagmPpNKfUTw4UZKnB,1000,0.000001000,1,1730119441,1730119441,0.000000
F6HyCiNKfW8DKtoEAdNGkmxGm4EogvXq5H7tUbAcKqGP,1000,0.000001000,1,1729875451,1729875451,0.000000
F6MmJDeTHZMnZpYv8u73M6RCtxfh6wpHfD5DYUPtZ23P,1000,0.000001000,1,1729958437,1729958437,0.000000
F6rFHBLJ1EzWAUbhf1FrcQjkkShvuBrJXCbQjwAgrXfP,1000,0.000001000,1,1730125196,1730125196,0.000000
F6xCmG9vGtQkvkv9f69syThcsmW1wmUL27Rc4YK9YA2x,1000,0.000001000,1,1730132749,1730132749,0.000000
F7Cb2KbmBwFBfYNYA8khEeCMCYt2M6rNaSrJUdhgUahk,1000,0.000001000,1,1730121888,1730121888,0.000000
F84fAv4gM7G1xdt573JZcJuieRqmBkqiaoJLEtwTeZ1o,1000,0.000001000,1,1730129307,1730129307,0.000000
F86gDwLcGPupa6zmQXrGEHYU6mixEuqgWGfoPEEvd3QH,1000,0.000001000,1,1730119998,1730119998,0.000000
F8Lo4NzsPEDrVbLMGCc8TpKwyzN1GXK3go6Wf6vvqhWC,1000,0.000001000,1,1730124313,1730124313,0.000000
F8pfkQM8P4Ck3YASNZyaahYM3wvRkjxErMHuyetTKmCn,1000,0.000001000,1,1729958830,1729958830,0.000000
F8X4tz9FBWGrf5ByiGEuKd2kwitA7meH13fT5GngxRGk,1000,0.000001000,1,1730122031,1730122031,0.000000
F9Mvw5xtPCJNTr7mqkpGfrEXE3hs4v2LcAr5oS4kcZkK,1000,0.000001000,1,1729880763,1729880763,0.000000
F9PVTRLu4fFdypsbb8xLPMG5DEpb4by34hkxvihgoBB9,1000,0.000001000,1,1730118839,1730118839,0.000000
F9yQ6nXM4iKSjMQPgQ1Kyc12jK38cdk1yYz5gKfejqJV,1000,0.000001000,1,1730119198,1730119198,0.000000
F9yQQvy96JdVRxYKZ9FA5w1uAHANPz9DfefqXXZcMd1V,1000,0.000001000,1,1730119293,1730119293,0.000000
FaAqVaMTNzd1QmxrdFGw2ZMn5rvXPEKM3BSvhbjFpYiB,1000,0.000001000,1,1730048452,1730048452,0.000000
FaAXDhK7ddKqMaU7aaNg3DFCQXGkC5CrHNWSep8RpKxq,1000,0.000001000,1,1730046444,1730046444,0.000000
FaAXuWSLvnSYKZ15si8ppaZC1Qgdw1RBjf26BjpBY9Sq,1000,0.000001000,1,1730046568,1730046568,0.000000
FAGCcfts9cXZUYx5HnPfvauTm9FobswYWQH7wSkuL1Ea,1000,0.000001000,1,1729962637,1729962637,0.000000
Fah5qo7bRzXDTUwzYk5iUDYu7z32fdad5zCEJB9n7ynk,1000,0.000001000,1,1729993761,1729993761,0.000000
Faiastf9f7vjw1BrGHUvJPRH48y6pL1b3qRraAWA7yiG,1000,0.000001000,1,1730124417,1730124417,0.000000
FAxYhtpZFKv9qh1vwTkbDGE5GSH5TmvjNmcouS9T8DB4,1000,0.000001000,1,1730110315,1730110315,0.000000
fb25f3Aq16ofTmRAU9fhxJY9arWMBa6rJmMQst3zzYo,1000,0.000001000,1,1730120757,1730120757,0.000000
Fb5xcaHGnnDronMjRfLZMyfdJwwUmNUtuY2UCwrFRmDQ,1000,0.000001000,1,1730083431,1730083431,0.000000
Fb8A8a13Q8FKnBxujYGKcsbQH7v6npNMuydcsKXASYVX,1000,0.000001000,1,1730126193,1730126193,0.000000
FBea3jqrXnCfXvGcAoxHBquK8gNBgc8GK7mSuNudcg16,1000,0.000001000,1,1730048466,1730048466,0.000000
FBeaiiFQbrNevSMEkmd6xDP79yJnZ453kTJf1ynxzr26,1000,0.000001000,1,1730048672,1730048672,0.000000
FBi3rX9NaTJri5n4cJzhpaLkayNEQHqVYyMsWEmGrmUu,1000,0.000001000,1,1730120786,1730120786,0.000000
FbKPuyuE1bx5uo2VpwPmQNn5jzY4bceVASP9CVhx9ZpW,1000,0.000001000,1,1729961796,1729961796,0.000000
FBmRQPqz7asLHUPTK7L2Z8F3R2pa7BNsELhmMhDMUN1v,1000,0.000001000,1,1730125748,1730125748,0.000000
FBPpCDa41qasNJFyELfXUenZsbRRVRJTtqEKjyPpcgY8,1000,0.000001000,1,1730124203,1730124203,0.000000
FC3xBnMfUKuarmisEQV68xAN5HsTQF1dJcnG36y1duiW,1000,0.000001000,1,1730125207,1730125207,0.000000
Fcbg73JgPBdJMk6UqHjDfTasSt4xKCkVs9RLBtyWHY1k,1000,0.000001000,1,1729896972,1729896972,0.000000
FcbqbkrLxi8QFBNwVs3ib6H4xTKDmRwEhYAc9W3rZqEZ,1000,0.000001000,1,1730081210,1730081210,0.000000
FCigpQmFsZbCKwMdVG3iqk83Cv1MMWkmzof68rCX6Kf4,1000,0.000001000,1,1730124217,1730124217,0.000000
FCoi7SJS7TtFibCKphqRNYHqvUdEnYmzMSzW737mRh8F,1000,0.000001000,1,1730117766,1730117766,0.000000
FcXz8x5At4MDvY9jAC7JzwpvR1ctZAop1h8WipLkfJUP,1000,0.000001000,1,1729958100,1729958100,0.000000
FczxPB8ypsm1E4hiidkTBZBRTvknAf4gvsbfgsY56aWH,1000,0.000001000,1,1730121987,1730121987,0.000000
FD5UYYE7J9CU7LTTTJXLF8GVoiXXhUaGp7CTiae1GHmc,1000,0.000001000,1,1730117251,1730117251,0.000000
Fdbrx1BFqUTryYq8BLnsf5CjJCDrsu3vCF5iN4E7Ue3Q,1000,0.000001000,1,1729921713,1729921713,0.000000
FdGmB1vfJthxhdrCcPHYjx8Wv52vqD4nqBz93JYpH7ry,1000,0.000001000,1,1730128450,1730128450,0.000000
FdJRR2RuPCPw7G1NT4M71mfiGT6bzGjU64GY3hLQA5VT,1000,0.000001000,1,1730119679,1730119679,0.000000
FdUrsoTAW9ZcXLZECiqwEg9cYfvKFLTgkifYsmce7R4j,1000,0.000001000,1,1730129737,1730129737,0.000000
FDvCazpiqGuRWsadjfCAPKxq7knPpxWKieQwPvE2hyhY,1000,0.000001000,1,1730124753,1730124753,0.000000
FdVsys3s4xAFwYJrsBJXmxR6iQqxxHjoiZcJeGimuygx,1000,0.000001000,1,1730120143,1730120143,0.000000
FDydd6KcH76RuQzF4wpSeyEab9TSNXa3JU62fsBAYwc1,1000,0.000001000,1,1729881356,1729881356,0.000000
FEBUsV7NtskeLRqEvo6FDEZyXdLTc76wihqrN7Mqzrqi,1000,0.000001000,1,1729940203,1729940203,0.000000
FEeT13HG7DNMXwjJ8dX3hbEYq7Bu1RJcvLLuR51icPrd,1000,0.000001000,1,1729893976,1729893976,0.000000
FEPe8uMfbjfUajkxE4bynYtdSs2jCC2QLTMwrFvVLK18,1000,0.000001000,1,1730130201,1730130201,0.000000
FerbuUwrQUMAngiVJT4FnzD5LErDfKG9YKCi6nKbaRiW,1000,0.000001000,1,1729887813,1729887813,0.000000
FerQw68PEWX5M43qDuFZwcNhpCSKD1kDMPuswZw7wvh6,1000,0.000001000,1,1730119735,1730119735,0.000000
FEsAsAqjRnwFdUP5GG9hZAefU3LiMRW5ieMjcWXFRr7w,1000,0.000001000,1,1730119500,1730119500,0.000000
FeZH9Ureo8obNoY95WisUVfg6Tpu8b3poLnr2y1czZ1K,1000,0.000001000,1,1730118566,1730118566,0.000000
FF1B6wztTJTZqWMvjwNY9BuD9QQjsXBMmvGMbqPMzzvs,1000,0.000001000,1,1730120545,1730120545,0.000000
Ff3qmZVVtQVYAwoAtcJ4XhAesknh88PJb9F83aSEVxgd,1000,0.000001000,1,1730117655,1730117655,0.000000
FfApTAQsMhB774W6ecAZz3pnsPYXBRa4e3sh4boBDpnt,1000,0.000001000,1,1730119565,1730119565,0.000000
FfQUECBJpTNgS8LUNPNVEs9bonVBTbbC9nVPYycxssyK,1000,0.000001000,1,1730110803,1730110803,0.000000
FFtfEhhDTdAUSfxm4uuPA6k8Hshwnrf2E9ENakutqhXP,1000,0.000001000,1,1730119362,1730119362,0.000000
FfvHf4YEidopdxGRh42RfCpDSnC3zdPorTUdu6Zjage5,1000,0.000001000,1,1730115095,1730115095,0.000000
FfvHGnDCEBunPadup7tzsxZYWzHoHrFCwaJGcvLQ3b75,1000,0.000001000,1,1730115286,1730115286,0.000000
FfyJnm5PiDNPBjzv9W9iWxWocfDauxhJkCdWUnKJd5Y2,1000,0.000001000,1,1730084324,1730084324,0.000000
Ffyt2uNw2sY5AE3pZMRih5WM8BTTu11PfK2sAAXHZnnE,1000,0.000001000,1,1730127170,1730127170,0.000000
FgEZ53DL9GMx9DMgKWzymNBGh5QWCd3AcAWra5HPSBNo,1000,0.000001000,1,1730077239,1730077239,0.000000
FgMBaxGVYyiafFSc68vJ11siqpH8WiJifYVxxbiL853m,1000,0.000001000,1,1730117857,1730117857,0.000000
FGn7V3i29gHxYE5DesRwFQuncBVsP9NEvbr1qDZbmaiH,1000,0.000001000,1,1729902578,1729902578,0.000000
FGnHA9kmRKCB13iUVhHFG6rpErDkUaFYLBkKqtiguoJG,1000,0.000001000,1,1730124341,1730124341,0.000000
FGSi7GW9XG4G19nk9iZ6ppVQ1WQRpzRbyQjeWr6sMV4N,1000,0.000001000,1,1730107443,1730107443,0.000000
FGSiEQvrWqwmNyiiKv9vw1g7oNVHK88jRs9baghkgZRN,1000,0.000001000,1,1730107338,1730107338,0.000000
FHCZUmzH49z89LeXmEbpxeMSZ7x9PcFDKu9eDMhMkjhp,1000,0.000001000,1,1730124227,1730124227,0.000000
FhFm4mfZ2GCfURGTbeXsiFMsFqD9mt7Akm2zLogHbRjX,1000,0.000001000,1,1730118487,1730118487,0.000000
FhkB82Lhuk2vG62FG3QQR7zXDQ1z3Fg1QWznGtM9bgMo,1000,0.000001000,1,1730104480,1730104480,0.000000
FhkBJ6r61CmDrwFUtBYPf9E6WCBdEuZFZYS1wr7UKGoo,1000,0.000001000,1,1730104560,1730104560,0.000000
FHXYiLqmQ1oxMEYGhdiKv6UG6NX6vAb8E1gpYxJkoiQc,1000,0.000001000,1,1729874353,1729874353,0.000000
FhZXoh8wAEgCTy5s7uUyPre3e5eH6xNCd861KXfuwxyM,1000,0.000001000,1,1729943813,1729943813,0.000000
FiBYVGZJbDTeqJUVw1RMbbPXwQ5XAFnWFQRD3cPnDkeT,1000,0.000001000,1,1729998872,1729998872,0.000000
FiSunYcfG1rdScykuwWxwtWLAAf1DHXA3Eq4DGZ2DjMx,1000,0.000001000,1,1730127462,1730127462,0.000000
Fj81WH7srAh6RGupk1LMqGSspZrPJwdoXGyZsidADPg4,1000,0.000001000,1,1729886297,1729886297,0.000000
FjBQtNVbKSCCiLgYiKSwDvQ78hjhhDzJJMe5iirqX6cq,1000,0.000001000,1,1730124838,1730124838,0.000000
FjF7SByFqpHfKxTEqVwcu8iS3doowfjuEGBx89sLnpP1,1000,0.000001000,1,1730078193,1730078193,0.000000
FJpYj6G18Kiz1ZtWF2RZdsTzdJw8XNvvWGNcTv3XbByn,1000,0.000001000,1,1730123937,1730123937,0.000000
FJpYsTFzsUX5eaz22Ve8c6JMpXxPTLHS8Q424D7z7n3n,1000,0.000001000,1,1730124132,1730124132,0.000000
FjQfz28qfuej2s8FuoZ1zn8X9ZyvmZbcvxH3zFSCSME4,1000,0.000001000,1,1730120728,1730120728,0.000000
FJt6HbfGh3BZNNnrbdy5PgvhVjCwrzyVHDKA3T6YK25C,1000,0.000001000,1,1730124361,1730124361,0.000000
FjtZa5gt4c6pfkENi2gffZqTKno3GsSHAwvs9mTLWJqU,1000,0.000001000,1,1730120618,1730120618,0.000000
FjtZCGZRP1qVQGrJipHhy4r46pVhyNEG4tv7461F1q1U,1000,0.000001000,1,1730120746,1730120746,0.000000
FjV9Hus1DwP5TotE4Fg3keNW7ENe7yztyLTQ3oK5xU66,1000,0.000001000,1,1730117318,1730117318,0.000000
FjV9SQ84R32Jc3bNra2484Ar8nG1wTjkZ21qtLQVSJY6,1000,0.000001000,1,1730117437,1730117437,0.000000
Fk6sQ9faeuNvwrSS9jvEjWGENeqo84ykDnPxUxMH1Y1c,1000,0.000001000,1,1730119300,1730119300,0.000000
FkAsUMcWm67cm4YjKfX1ZYJWsTERY625oHSDjs5cta1j,1000,0.000001000,1,1729940248,1729940248,0.000000
FkDkaF9c68MCsfVwsABENjddxtSbCUTpvpgJcaGCTJ2r,1000,0.000001000,1,1729928789,1729928789,0.000000
FkDkQUo5KL1oA5NNPaysq35qSK3ZoKja2y2qmA34zXNr,1000,0.000001000,1,1729928662,1729928662,0.000000
FKEjH1kHQB4RPKeyoFq87mpYSzjjbdNkaWf53ukuZ18G,1000,0.000001000,1,1730132818,1730132818,0.000000
FKEjz8FjBUiyMtapiP4nn3N3dFR7gUyy9wbS7M1PcWNG,1000,0.000001000,1,1730132671,1730132671,0.000000
FknzUeaz9CGF2scHSnCsiGz12N6krRaU8BkRz3Te5LgJ,1000,0.000001000,1,1730038928,1730038928,0.000000
Fkox64qwK7LAj3iybGLDchyyTJSXxa7WL12H6g6v3i1y,1000,0.000001000,1,1729881544,1729881544,0.000000
Fkoxsh2eKWm7nAj3hJarEedaQrh1RqRRDtdo1QtQ7RJy,1000,0.000001000,1,1729881536,1729881536,0.000000
FkqvNB5v47raPotKmvCUimDG37aJ933tndrNRi7nfL4F,1000,0.000001000,1,1730119594,1730119594,0.000000
FksUs4LC8Qgt6aJ3d5wpayrZz4EqKVCTcBVAQJWQz9Bt,1000,0.000001000,1,1730120578,1730120578,0.000000
FL66itVZkdrF3eHs53p38ZV673WaUf3eGuRKQo6BgrnS,1000,0.000001000,1,1729874663,1729874663,0.000000
FLqYzB1YsbUixr4fw1s2Ho57CN6N9MVxhwdyeGLpbJms,1000,0.000001000,1,1729878424,1729878424,0.000000
FLyxw7QqAHTq9x6ix45LMMM2w9Trb16NvsvnHririz2C,1000,0.000001000,1,1730131562,1730131562,0.000000
Fm9QH4nVHvHomszeELks8341LGrgUGRGD1VN3oSNMUB5,1000,0.000001000,1,1730124248,1730124248,0.000000
FmdaxUyvebbL89KdN7jp5P5QMGjUL1eXQRdyjBsyRcoD,1000,0.000001000,1,1730078389,1730078389,0.000000
FmEEGtiHsfPgUcq1wjR1jarcT8JxowRHFWTnVtG1DTX7,1000,0.000001000,1,1729889178,1729889178,0.000000
FmEEpaCdSiNQAouaFvA8vovZSBnc74iNdpfCe1CgLB17,1000,0.000001000,1,1730040121,1730040121,0.000000
FN2Kg8EWeGtixUPZciBPj8YUEW8SuVjQ8hYw6Txnj8Rc,1000,0.000001000,1,1730117968,1730117968,0.000000
Fn2ZKaiXV12gZaYzqY8f3qKM16M8FYqv6wjY76JyxWG2,1000,0.000001000,1,1729933735,1729933735,0.000000
FN5ZaSXFQfhGsYZyNAVdie5J2H291kBTKqPhcGtT3HbA,1000,0.000001000,1,1730124243,1730124243,0.000000
FNbVSaehjWnD19Kr12ARP89hUQhTeLRXy28mutCWPD36,1000,0.000001000,1,1730038718,1730038718,0.000000
FNc7KBNkSTvoUkVzjT31heAPGiuJLEUcR55Ba4fbyVJP,1000,0.000001000,1,1730096851,1730096851,0.000000
FNcrE7vabsUYBYVqWMTdCUg5hHZ4s5b71UzrWPNgyzxu,1000,0.000001000,1,1729894305,1729894305,0.000000
FnQK8NoqasT3cjabTSn4bnyW2u2PP9nfcoRKjaY2rss6,1000,0.000001000,1,1730128520,1730128520,0.000000
Fns16aLustpFMBF4A7gJfKEoUjJd7FuVqCqdxrWPXaJM,1000,0.000001000,1,1730118555,1730118555,0.000000
FnYDK3wPzDU1LAWeLpFvrXTvEPLbNDC2Jb5WypsHNGTw,1000,0.000001000,1,1730124217,1730124217,0.000000
FnZpdVkXUhXCa9YdfJ1Ja9NzHHpujkowPKVdHji5HG6c,1000,0.000001000,1,1729945161,1729945161,0.000000
FnZpQaXVrbSsRv9JyWtuQ5ydc9xhrsJwor7kFVR3GCDc,1000,0.000001000,1,1729945165,1729945165,0.000000
FopVMkRahrTG8uKcGBGh59kHbPupZf6DPA13t7oprWEB,1000,0.000001000,1,1730119915,1730119915,0.000000
Fp1v6qmydv17MJHndjQJd2PJUKLVBES7Lsf6gt6dRrV9,1000,0.000001000,1,1730112378,1730112378,0.000000
Fp1v9KP9p57ivDZ9xhXN3zcA1xDzZq1Phy2MsxfyHx29,1000,0.000001000,1,1730110196,1730110196,0.000000
FPbWSyEACBEdwJgsmRTegwecR3NygwjKPz3BtK1KP4NC,1000,0.000001000,1,1730124965,1730124965,0.000000
FpRWnVbDLtYbe8pXrXc6dFWfZzfjmFR8QtYUgbCLrdN,1000,0.000001000,1,1730129938,1730129938,0.000000
FpSmoQ9p2xqa1dQurXhNeMrTFaaqwzFAKW5MA6rKt6wH,1000,0.000001000,1,1730115927,1730115927,0.000000
FpSmyKPFE3ZUGYzgXoRrNeeiqxhFqmrWJFpTdznHrkGH,1000,0.000001000,1,1730116024,1730116024,0.000000
FQaEmLUeb4WQivWnMiyaEVPuB5QkFxtKrvhx1AEH5aN4,1000,0.000001000,1,1730119630,1730119630,0.000000
FQaKmNJDw657XHrxc7ENLGwcEj2YAVUgQmknVvsYdpTd,1000,0.000001000,1,1730105830,1730105830,0.000000
FQbeM6dozsF1Eu2f8u43UyKdcwVyBou3vdZQ8DU7MoD5,1000,0.000001000,1,1730120083,1730120083,0.000000
FqHwTQNcsDBeLowDZRGfq6Q6ACyMhm1o5wp4JypDCAqr,1000,0.000001000,1,1729890966,1729890966,0.000000
FqJcDfg2Yk4EdqCsGDnZZaKx1gHQxnvJwrDeb78ueX3W,1000,0.000001000,1,1730119698,1730119698,0.000000
FqrWDx5LGaCMM56BXciSickuKrZzKpYCPRgzNJFCPxrB,1000,0.000001000,1,1729972503,1729972503,0.000000
FQrX2wgeNGZzTrtJEttGsu2N5nRffzLhtLRKFhCVDn4X,1000,0.000001000,1,1729886882,1729886882,0.000000
FqUzrcNHKYLEnHLgSCAQboKnyuZySKhTqtRp4bqvXs5Z,1000,0.000001000,1,1729886481,1729886481,0.000000
FR7F4Afqx1ddyD2JZhCpCyR8tnBcsenRXXwhvgcFKTFu,1000,0.000001000,1,1729964378,1729964378,0.000000
FrhHYxUm2jYQ5DCo8wsXRie5MkppPhDxYNYfAAK8hUcP,1000,0.000001000,1,1730120351,1730120351,0.000000
FRNmFthBQhjC3gvowyxuCx6sXD1sys7pmk5NFSn5khwQ,1000,0.000001000,1,1730125023,1730125023,0.000000
FRQGPimkyXBuu2akQezP4E1aboP73Gb3pkKrxZFjDyW3,1000,0.000001000,1,1729886469,1729886469,0.000000
Fs9AmZGLZ6YhorWG3AqG3ygjRUd3HVhY2xv2vpwUiD13,1000,0.000001000,1,1729897815,1729897815,0.000000
FSBsmY1DJNHS3N7pb6ys1tCvReaMQRKyqeoJo18vo1qZ,1000,0.000001000,1,1730112051,1730112051,0.000000
FSBswH3gtSYbprFZ4m2E25iUnKEfd8i5C3VMae1EdniZ,1000,0.000001000,1,1730112164,1730112164,0.000000
FsDzc5gJij3z3vtwPy7hPoAXRH64DPCXJ66xgZ7yu71N,1000,0.000001000,1,1729928571,1729928571,0.000000
FsExDhC2PKP3kdzxjvY7ZJZCY74RjCSfT4o2HMLFVuZw,1000,0.000001000,1,1730099485,1730099485,0.000000
FSfE8UrAt8yw35pnhY1fDLJBWjswaepg5sgGgAv1m8mc,1000,0.000001000,1,1730120518,1730120518,0.000000
FskaBs8Ty3EPVDS9TJGcVfo21W2js27QvovAGcfFV6Rg,1000,0.000001000,1,1730115943,1730115943,0.000000
Fsu7cZQMsTwXKQaBXA41tegJog19WtcGVDPd1uprHNSV,1000,0.000001000,1,1730132585,1730132585,0.000000
FsuKQwpjfmN6WV1FC3Ykb7oWAY17jsX6j7E4QFMVCvRg,1000,0.000001000,1,1729879581,1729879581,0.000000
FT6CFpzCTovnvzMhuNonreSCGCsUUCgE5zKQ96hNx1JB,1000,0.000001000,1,1730117624,1730117624,0.000000
FtFnAxewfDagzM3n59XDgvz7TRKv62vLKN4LRxq2RtMV,1000,0.000001000,1,1730094890,1730094890,0.000000
FTFRnBCMg2A5QRqrbe4bE7Sdhg7omi1XYcEho2he2MGS,1000,0.000001000,1,1730124361,1730124361,0.000000
FtHXWKJaVg4eLhBj9z5XSjgGSsrsmB9n3qREWAN9i29p,1000,0.000001000,1,1730119185,1730119185,0.000000
FTkY4DoW1rHNwP8psfgz498gQFNcTHWC3t4eWex82kUe,1000,0.000001000,1,1729959016,1729959016,0.000000
FtPN7MEUSZA6Pd9XnjdNMRdQXiS6dNsYdAYcFBksfCfY,1000,0.000001000,1,1730119846,1730119846,0.000000
FTPUA6HqivXJaX7jzf4DNhBoogwTp7m1CrM59CyeKzPZ,1000,0.000001000,1,1730115663,1730115663,0.000000
FTPUAUuQbxyWBxGtgARN95nLK2DmJj2Jq1CRFW2F8BdZ,1000,0.000001000,1,1730115541,1730115541,0.000000
FTrUk4bEuHYCY3WXxXU6dxHmhy3mgpTd6tJQb7BkeNUx,1000,0.000001000,1,1730124900,1730124900,0.000000
FTRXU9eNn3qDTg7QLMRSaPEnKHWWEQoeivNsuVnfTxcU,1000,0.000001000,1,1730117841,1730117841,0.000000
FtUywpFSeEKLeSrMGbnupk1nHqb9c4VXHfsoWe47ZFiZ,1000,0.000001000,1,1729946562,1729946562,0.000000
FTxCNKxpy8X5YQEwNV1oeuff1PkriizQQGzYsiiDPudE,1000,0.000001000,1,1730117858,1730117858,0.000000
FTZqhx3NJgp3jmG9ETMYHycyw7Hd4MRznt7sZd6Wf6Vv,1000,0.000001000,1,1730081437,1730081437,0.000000
FuDhstw5MaCzQm5qKh9gNbGQ3KaoNMvGBde38Vv6QePj,1000,0.000001000,1,1729985555,1729985555,0.000000
FUj3umH3ByjJmjWYzQFaTXz4iNkiSULPSyKZKGAWr434,1000,0.000001000,1,1729898379,1729898379,0.000000
FuJV4YCu2jfc9AKL9GoC1WHu6WzXnxpYh6fSsJReyjAk,1000,0.000001000,1,1730118460,1730118460,0.000000
FuM68hGgGqxKA86c5ZgUkVL7Epdj5W2YwpA7uNGQ7V9e,1000,0.000001000,1,1730119117,1730119117,0.000000
fUPj3P2mhjNT9JszcGiCvMBH6WtuFqD5N6xucNkFRrR,1000,0.000001000,1,1730124628,1730124628,0.000000
FuqH6UkySorPkQih1qGksW8FTMiqbnhfHxQA3YE2MHoT,1000,0.000001000,1,1730117576,1730117576,0.000000
FuqHnwV8TWUdAXx17nmbTm48Cp9vJwyvBwGjZK3gAaPT,1000,0.000001000,1,1730117530,1730117530,0.000000
FUQTeL4v9gTzjeyMJZNvPyAr1Ft5VWgZnayUNsJFK6Tf,1000,0.000001000,1,1730111444,1730111444,0.000000
FUy4s7PoieuAxx2YriSFnSDvb18pQ3bNA6DKKTHamgnC,1000,0.000001000,1,1730118365,1730118365,0.000000
FvejssX5ebvx1XysNgj41cpgBgAP13PgwFSdMwjQK53k,1000,0.000001000,1,1730112096,1730112096,0.000000
FVX1aZPdn239KxEN6jSjk6WKjQ9JuYsmm5WhcvzU6VBw,1000,0.000001000,1,1730113129,1730113129,0.000000
FVX1xqozFJFaVjW895kh7z2Y2iaWcR63zwsH4dV9nSw,1000,0.000001000,1,1730113018,1730113018,0.000000
Fw15j3aLUr9C5amX2qZqxNUizXUui1dpAwREVJk5DzVL,1000,0.000001000,1,1729889350,1729889350,0.000000
Fw4hEXKL4PszK7uNVNx99nDMxjjvBkHfvNiMQaqRfwQ4,1000,0.000001000,1,1730120775,1730120775,0.000000
FWBNEaVZDyopxrtbKqBwS1iedoFep3uUMfxCtQiNBs5q,1000,0.000001000,1,1730083374,1730083374,0.000000
FWGgQ2eVACGBbnWkj9KPaVeH72VmC8awe3ifE2YZxycY,1000,0.000001000,1,1730124484,1730124484,0.000000
FwidAEUETqpXtrCMuqUubKjmMu455MhMGXZcwC9P3VhE,1000,0.000001000,1,1730125115,1730125115,0.000000
FwNQrTq2fScANPaq7XP7bRHbdkGyPkgBKrQGdMVonRzk,1000,0.000001000,1,1730119287,1730119287,0.000000
Fwvsw5QqCrQRPeMZTSsiyrDs1PY1nHzxqMqELCdd9tUM,1000,0.000001000,1,1730119679,1730119679,0.000000
FwXFJSCTZTYuKyAC1HTYGcfoDzDss2Z4fRj4g5LL5N1A,1000,0.000001000,1,1730119801,1730119801,0.000000
Fx27sR2pmsNsD9k6RcoQKa9X5Um1NVDNWvzTNyYNhD5S,1000,0.000001000,1,1730091270,1730091270,0.000000
FX64M8GpUYy2fR9qjy6jjwdq5h6otb3szsnYiLKKvQ2f,1000,0.000001000,1,1730119338,1730119338,0.000000
FXaMrNan6YoZXgJXNvXPet57qXj3UhmC46Xt7uyPfBFc,1000,0.000001000,1,1730117770,1730117770,0.000000
FxAnw62G5dW5UyqRvivcPNDdmLAJm6qpEYSt6jE3xP9P,1000,0.000001000,1,1730122848,1730122848,0.000000
FXPcVzJMTWekWtfXJdTmmdqHxywuTtU3i6BSt7gAgLep,1000,0.000001000,1,1730110321,1730110321,0.000000
FxVdDF3B4J6RZgSy6qQwRvrNqN9KcjjmRRFA6jFfeuAd,1000,0.000001000,1,1730124738,1730124738,0.000000
Fy32GRHA2cbc98cxHhXfRgQJXLad9Gczcu6tTJLmpwv5,1000,0.000001000,1,1730124738,1730124738,0.000000
FYdWUvUwexNKaN4jqbgQg62Ptakkbnke32ncwhxmbCTb,1000,0.000001000,1,1730117799,1730117799,0.000000
FyrnJrpNiosxzNPL8QoA5i6gTMU2yAWfmsZzQ1tN6Ndn,1000,0.000001000,1,1730119203,1730119203,0.000000
FyseKuAtMbrJeCxZrLFVxLkZbraMou9PfeTjNKXoQVi4,1000,0.000001000,1,1730124597,1730124597,0.000000
FYX6AyRToUJ8R3ZTVbACjz57wBtsKgpYMgAjhKfN7868,1000,0.000001000,1,1730088818,1730088818,0.000000
FZ27Tmj9JuMHMxvidEn67pVLK9SDMKfjraSYSRwtrd99,1000,0.000001000,1,1730120129,1730120129,0.000000
FzaCmb4MpQHkabWnMUjpQx9daEmmgEb2uWU1Jf6QrJmE,1000,0.000001000,1,1729890969,1729890969,0.000000
FzHWNawt3zaYmSmGmMMh3ssJr8F2VgzxdfB5aXzFAFL3,1000,0.000001000,1,1730124248,1730124248,0.000000
FZLGcSBNoKJNiuneeq528Pdxn6s4WJQEQaDz4iHKLiKQ,1000,0.000001000,1,1730107598,1730107598,0.000000
FZLGHE1x8WKfdkGmr2YiGpungDiPNNaYVeCfS89XpH8Q,1000,0.000001000,1,1730956336,1730956336,0.000000
FzoyauRMVMSz4BzcngugnAFYYHAY9uUk37U1ySuTVW3n,1000,0.000001000,1,1730130707,1730130707,0.000000
Fzts6jAoXSCxthLJ2mTcwXSQzChRb4bNbNC1WEGn5Hma,1000,0.000001000,1,1730118444,1730118444,0.000000
G1a6VM2B6aHzXUPs4Pwev3JMueQV4oET4mzukbxrUqTU,1000,0.000001000,1,1730124915,1730124915,0.000000
G1spWqDZH6X3fkvxe2kLb8AQtqhDTnLF3Ysp8Xq5cde4,1000,0.000001000,1,1730119826,1730119826,0.000000
G1StoN6B4binYhpYx8iuEDcNqUdwuZkXWRZdLZuRLL2o,1000,0.000001000,1,1730104447,1730104447,0.000000
G1xSc6zgEmQu81EPR77nK2tTvEPGUK7zSEpmhqzXJxHG,1000,0.000001000,1,1730123092,1730123092,0.000000
G1xSjz2iApnfx9DxycoyCw3BqkZEgAE9vtXBjg5jTb1G,1000,0.000001000,1,1730123239,1730123239,0.000000
G2DJANtJbacnQTEWSnxo7Y6zVwNPC4BP7nPapTYa4r2J,1000,0.000001000,1,1730096698,1730096698,0.000000
G2DJSUNUZm6x5BxhboLgkPoEdmT1S9mWgSwS2smX3AaJ,1000,0.000001000,1,1730096760,1730096760,0.000000
G2DUvuFvhbnvW7YdgLxugZWmVFofeSqfYb5bM431TRCG,1000,0.000001000,1,1730131911,1730131911,0.000000
G2hoUcawPEwqyzewsDw11V1eydpU5khjWd79nFDQLA22,1000,0.000001000,1,1730132420,1730132420,0.000000
G3M4oZKW36CimLT5NTdK5CEqXTT6tuk14RMRpFQ6nPSH,1000,0.000001000,1,1730088615,1730088615,0.000000
G3pcrm17g7GfZZfHG9VRHuQ3aP7LVyJ2D2ytaimYVdz,1000,0.000001000,1,1730115672,1730115672,0.000000
G3wJFQzd3c21MPZ7pDJYcdvjRDZHGnziPSBXaiGCwSBK,1000,0.000001000,1,1730129814,1730129814,0.000000
G3wJX1c9xqAgGoxc5wmucjaUCgkk7XELSqJU1GcGS9VK,1000,0.000001000,1,1730048498,1730048498,0.000000
G43k1ASwmvfcFw4sdvwkocf8PicQ343CNr32VSSw9Po4,1000,0.000001000,1,1730120693,1730120693,0.000000
G4P4zuZLEG34hTmnzTssiTdWd4DKzfN2MvcAcM73d3sa,1000,0.000001000,1,1730120693,1730120693,0.000000
G4Vq8MeuADi58gwnrhf2c54bemNwjQ7Hg8wDjnFRCfBx,1000,0.000001000,1,1730081097,1730081097,0.000000
G5cGt1zErU1T5NCMzLZydSMrVTWib7GmYCgNtHPjUwHQ,1000,0.000001000,1,1730124795,1730124795,0.000000
G5mbmuf7bexnCyiJnBrKVyPvwzJm24zNBWXBVBd1KsFq,1000,0.000001000,1,1730117490,1730117490,0.000000
G5YEstreoL6wqH4ASRaAw5ay8AgHqtJyPRgTCviiWjdp,1000,0.000001000,1,1730125219,1730125219,0.000000
G5YU5d15NrpugBCNKAE5UAPgHUMKM8bmzXUEyQ35iswt,1000,0.000001000,1,1729946137,1729946137,0.000000
G5zumBydKCcbdyyDB9wMx8mV4RZCbvNtFeQ5X98TM7Pj,1000,0.000001000,1,1729978465,1729978465,0.000000
G6Y1w6V4kpoSxafvzvVS3CoYP52aCVgyrgCgWebJPUrx,1000,0.000001000,1,1730125066,1730125066,0.000000
G6yCQcxYpAkmPwQ5M4qFxksvK6okHSSwWHB1KRGEYrVT,1000,0.000001000,1,1730080662,1730080662,0.000000
G73amAjJicCRVjb6KgeQeYcVecZ9HvwnyRy5PEAQX7Cp,1000,0.000001000,1,1729958220,1729958220,0.000000
G7A6cN4qELwMs9fkLWQoHcRFvhhBqeDuEnDYC9wJ9PMM,1000,0.000001000,1,1730117777,1730117777,0.000000
G7A6GEfhfAtPdVstK5Krs9ga9aCCbWaUQa4xitfinTHM,1000,0.000001000,1,1730117711,1730117711,0.000000
G7iU1S7dxcZGatV1ZxkK8fGybh1wazDa7V8GacuWcRoJ,1000,0.000001000,1,1729876354,1729876354,0.000000
G7mrywoH9vsXTTxUAcFXdz6JufYjpjnNjC7rAwrBGU4b,1000,0.000001000,1,1730130011,1730130011,0.000000
G7nxo5PZQUdFrBsPa3rR5PZM5UoGDvNtKqmS23RhBsuP,1000,0.000001000,1,1729877298,1729877298,0.000000
G7xZr5Hycz2R7DygYCQfHW9xvchQ7jHQpGMgFMHhng4F,1000,0.000001000,1,1730131104,1730131104,0.000000
G8FKXcnfTpZQJxq1Lm4LxRJ3yB3ghEuReESoXXTp36zY,1000,0.000001000,1,1730124674,1730124674,0.000000
G8xV6covgxx7Y43Cqaw94wsW3HzdiqQomZheSRKBxWAb,1000,0.000001000,1,1730119856,1730119856,0.000000
G9arHqsjKMeYSseakUp4oP9UxVS3MHkqdadMSzCu2uSs,1000,0.000001000,1,1730118606,1730118606,0.000000
G9fNAGKnaScMgyseQnZEwpVBXYDUQfWt4mPvPHSNeim3,1000,0.000001000,1,1730119513,1730119513,0.000000
G9v8V3pu7cwNHTrS3jtx7VtB5jRj9NifNwUnhyXUmWKj,1000,0.000001000,1,1729997545,1729997545,0.000000
G9VK4uAnFuhYzqKm4pdt7HGS23f99GGXXn4kynF49biV,1000,0.000001000,1,1730124593,1730124593,0.000000
G9xn12K9ms74CQZ6k9cFb3shSV84rLnBvWub8BRynSa,1000,0.000001000,1,1729956301,1729956301,0.000000
GaeLMVn9DWdLTiRMhHyFNY2pX8paK2YFbzTy9ncemj7P,1000,0.000001000,1,1730124553,1730124553,0.000000
Gafx5dnHWhEyY7G3Z4A4TuYMH3TWEmdV1xexUKM9sxrS,1000,0.000001000,1,1730124923,1730124923,0.000000
GAHL83SHf65fU8KZNse9o3msS9swdBoWZHeuqPn4mCgs,1000,0.000001000,1,1730123496,1730123496,0.000000
GAjeXS1ZRKrjggZtKKjL845fJHU4VsN68B92QfN11h2U,1000,0.000001000,1,1730013375,1730013375,0.000000
GAma3FC7auDCqiLB3kuJYYWLGahhgUPRC1oHwVVuJtVc,1000,0.000001000,1,1730124795,1730124795,0.000000
GamyZsQkdSSnxYtNCSCUDSNSmhUSqbQGYvY38aHxncQv,1000,0.000001000,1,1730124554,1730124554,0.000000
GArRnVXg6EeiC5xRH36aNi3ZBLQVK6VNmvSdvagaPfYs,1000,0.000001000,1,1730119342,1730119342,0.000000
Gb7zgGTHWesEzRg19UqgSvPZcBVh8HBJ3TsqNEs9861P,1000,0.000001000,1,1730079526,1730079526,0.000000
Gb7zYewFG9qNsCc6z6d5x4mwGJaTwkLBLfn4bA2qTKQP,1000,0.000001000,1,1730079458,1730079458,0.000000
GbDmXEMkcU51RSYLMqpsicLxAxVbeUsWC2P1yUsHHu5p,1000,0.000001000,1,1729999463,1729999463,0.000000
GBdVTF25vm9qxgSwHMLXJoKCAP1TRrGW4H3WqsmAHv2X,1000,0.000001000,1,1729981090,1729981090,0.000000
GBLHqx4kFNnLsvNGqCjUneAerh8JScTnin1Cdq8RQH5p,1000,0.000001000,1,1730038977,1730038977,0.000000
GBLHSsvKT5ySjiGASHWMR8pUynwMyMXPJwtmNFWwuibp,1000,0.000001000,1,1730039004,1730039004,0.000000
gbodfhUr3EAzY7QaMm4sE2rYSeDbWNopi1L7Pnspebj,1000,0.000001000,1,1730129366,1730129366,0.000000
GBSd8M2qxzX5YFgKymcQuAhq2KGrMAcAseQnpm2HuNgB,1000,0.000001000,1,1730085237,1730085237,0.000000
GBSdNY9MDXKqvyPShe376iaHJGkmYjfq819ixa6Lyk6B,1000,0.000001000,1,1730126580,1730126580,0.000000
GBTasP8J9zeHXe2FiD2Mc9Das69o8XFzTD8KWeTkSKd2,1000,0.000001000,1,1730118491,1730118491,0.000000
GBz9Vb9jM6y4uvXtNEn2nbV2JwPrTZdESwUdHaFbcU5M,1000,0.000001000,1,1729957200,1729957200,0.000000
GbzTbRhx1yrD896W9L4pK9kZ7vpjtEHwmjPYdePx43fL,1000,0.000001000,1,1730030162,1730030162,0.000000
Gc1Y7pGvTiTi4kfCycSTUaS8NW1WsQ1zzdN9Aftq6Yub,1000,0.000001000,1,1730110627,1730110627,0.000000
Gc6kUxiYKPcc6EJFGshiZd6H95KM29ZbETGFfSwwkpdk,1000,0.000001000,1,1730119500,1730119500,0.000000
GC7GTGFcVi2oipTYXEC9XS9uLibKGfCgnptaTm1V62pk,1000,0.000001000,1,1730123008,1730123008,0.000000
GcFzfxQ5EWKi8TP9eJMVBxh2tFQDuGftAnb9q3iBBTFD,1000,0.000001000,1,1730117772,1730117772,0.000000
GcL9qUM1nvq5GNU83TcESGdoo9s5A4dJH77gyCqvCBBM,1000,0.000001000,1,1730107245,1730107245,0.000000
GcL9ynwEfck6Qddkm9yFJiiPNYfJkb89J7tM8X4eHUhM,1000,0.000001000,1,1730107143,1730107143,0.000000
GCx4tDWL51m4gt6niWCJ6CrHVxUi5nj9NBcsgFxYNsQB,1000,0.000001000,1,1730119939,1730119939,0.000000
Gd3bo2k17QfvBFz3PJPjTfxsQbJMRYBtQ8cyzzaftw5m,1000,0.000001000,1,1729987802,1729987802,0.000000
Gd8yRHAR2LR5RCafYL5Ldmmv688P7Dr13xH1eKtxhCXm,1000,0.000001000,1,1730124840,1730124840,0.000000
GdCFr3kgUbAyPDRZYi5jPHPANqntdW434iBh2qfHza17,1000,0.000001000,1,1730043029,1730043029,0.000000
GdCFSFHxws13cPncDSPj62MmmcSzyB2ha7UztbRGK3T7,1000,0.000001000,1,1730043092,1730043092,0.000000
GDMye1oMNfpm4jg5cd9zi4c5LYvZozGUgovSUiEqQqQG,1000,0.000001000,1,1730080520,1730080520,0.000000
GDSyXzCSuyHtENjmvbLB6sqzW3n385KwJU29RZbj8c8D,1000,0.000001000,1,1730025088,1730025088,0.000000
GdtygrXGzus6i2SK5suXGUnECqu52vYU2xaJkjwJWF9U,1000,0.000001000,1,1730122542,1730122542,0.000000
GdV9b4JJHcxfkQLyUVkjR6Dq9hTT6U9S4q38P7SUrG4o,1000,0.000001000,1,1730115022,1730115022,0.000000
GdV9QyMHNMUHkD5HCDArfRa1sXUoVpiKYrthJVxJgy2o,1000,0.000001000,1,1730115168,1730115168,0.000000
GDwu1nNun5gyMrGhW5xdsGc6NYdVoezMeknaLoWPefsc,1000,0.000001000,1,1730129162,1730129162,0.000000
GDz7DR99bZyMxNm74iMuqjXp4JUHhbnQB7mWaXBEJuDR,1000,0.000001000,1,1729969993,1729969993,0.000000
GEiq3YVXnnE4K37c6DxFMjcTTVpUVZcppJJFupb4ehWn,1000,0.000001000,1,1730124465,1730124465,0.000000
GEmKBRtRp8F8kpW2sjqsnwrTs1Yq7u3LvCVtodKiYj9c,1000,0.000001000,1,1730120797,1730120797,0.000000
GEp1oFLDYw5btJ4CJzQKHyvroFyVzkgyRUTTeeYaQsXK,1000,0.000001000,1,1730120154,1730120154,0.000000
Gewy3NdJRtLzyacEs5pYgM1gJrKLqD1zeZzi2zo3xV2X,1000,0.000001000,1,1730131309,1730131309,0.000000
GFhDqQmRbrnJhxmofB8Lzy32yZzW5GL92AohyV3Hyo3a,1000,0.000001000,1,1730123775,1730123775,0.000000
GG4HWTUL8QcT3KKMUEGnPKJHM9yMDwWS6xMQfd4Tmcsk,1000,0.000001000,1,1729885670,1729885670,0.000000
GGhjDfjdZYvPZbx2bStCw9p2vRhqwpdAavA84e2y9PU9,1000,0.000001000,1,1729896634,1729896634,0.000000
GGSCz7A2z4ahxMEn8x5tK1jGb2iVVPukS6cEdRMNpE2f,1000,0.000001000,1,1729976596,1729976596,0.000000
GGTJxu44thCQkruoeP9admykwRSoyFHxJ84vemzAia1D,1000,0.000001000,1,1729940075,1729940075,0.000000
GGw7uCzarFTZYVtpSBjJmf6pdZokaYXEFcKZajdu5wa,1000,0.000001000,1,1730125231,1730125231,0.000000
GhAbbfpfUgvouSdtLGkcVsShW1qaQd6PRReKjDjoEu9v,1000,0.000001000,1,1730117606,1730117606,0.000000
GHAPgh83v4eJrfviacZjBhpckWpfg1UsZypHFzafjd28,1000,0.000001000,1,1730053757,1730053757,0.000000
GHBdihGfX2ZQS619Dx6qaCKr2E48rPdjU624Qc653nq,1000,0.000001000,1,1730132726,1730132726,0.000000
GHCafadqXnuD7HRzUcz5mWPPVXdkWdxsU57Aeq277b4b,1000,0.000001000,1,1730086054,1730086054,0.000000
GHCafdmUAdctQ4kWLFk4j1cnQiFc1yoHNjUeZdbSWzCb,1000,0.000001000,1,1730085924,1730085924,0.000000
Ghe9NP2U14kFcsfFHULCFpTJPYmAirEGHY8Ra2HDor1i,1000,0.000001000,1,1730056728,1730056728,0.000000
GHXsUwFzypr3t7QW8f9ZcBjkbRPKxRsUt98Bo7uzd31d,1000,0.000001000,1,1730116310,1730116310,0.000000
GhyH18H9tiiUi3JignFvPKz2YrjnBmy4FhnVq6LRXnk9,1000,0.000001000,1,1730117613,1730117613,0.000000
Ghzg78LQSd8zv5ihP2GM5VsEZQSpTEtCDVjcw3g5JYTC,1000,0.000001000,1,1730082502,1730082502,0.000000
GhzgAgU5EvqaLnWHJA87YDJLgU15nsaM5ZrDdbKVA61C,1000,0.000001000,1,1730082634,1730082634,0.000000
GiLZtg7eUd6dRhR1rsfewuM76z9eRgoMYj2fozB4RzXA,1000,0.000001000,1,1730047672,1730047672,0.000000
GiPLxq4uwaPpv8ikZH5Xe7jKGnyCHaEpqNdA82VtTrTC,1000,0.000001000,1,1730118405,1730118405,0.000000
GiT5nvmyP1WsJt2vPG3Bk5vytxbRnANk9q6g2U78Uphs,1000,0.000001000,1,1730120522,1730120522,0.000000
GiTLPkQEjfH3mGaJkAacxWub5Z2t8L5PsR1MnkLqyf1R,1000,0.000001000,1,1730053140,1730053140,0.000000
GitLRSh9KtvLSqzXaFRC2ibLkFhCxvisypkkJ7s42ND8,1000,0.000001000,1,1730131813,1730131813,0.000000
GiyPb1VntoQSbsNCbKKuZ8yAgHiwUgscJq7atb31e5GF,1000,0.000001000,1,1730119594,1730119594,0.000000
GJAS9BYdap2oXJ6XJ964w1s1YsHPdXyVnRij8Gy7REzx,1000,0.000001000,1,1730124345,1730124345,0.000000
GjB4SFfd746eNZ4AnFRW1TdMXSTvPyEqTT9PiLiQP9M5,1000,0.000001000,1,1730124486,1730124486,0.000000
GjHgYW2sucNGyox5dv755UiqYfaWBkBS9zipcSZ6LhvE,1000,0.000001000,1,1730081222,1730081222,0.000000
GJiJUXXH7rm4tjBnNDTDGEEaTDWEkBbd49MjtVkRhEKH,1000,0.000001000,1,1730119592,1730119592,0.000000
GJiK3FnGyirDa9aTJLKWiFvnK1kwkrr8uT1X2oE31nyg,1000,0.000001000,1,1730090319,1730090319,0.000000
GJiKo9YEVBCySdJ6tZCXakd9SWEVG3YpyTKtbDk7KPeg,1000,0.000001000,1,1730090237,1730090237,0.000000
GjJ1buwUeSf11Gbsq2ePr8WniFoTkfAYQY6YEfyig5pZ,1000,0.000001000,1,1730117676,1730117676,0.000000
GjqvKW1SqrKdX4JQ3YMh5iXXDGV9QAKXpuRenmPxY9eX,1000,0.000001000,1,1730118379,1730118379,0.000000
GJss8qj4mqrAWvR3Zc9cEq8AHq3cywUDa7XUErRWQgJw,1000,0.000001000,1,1730124569,1730124569,0.000000
GjVn8CNE3qj1B4VvT4Tyh4oPubABFS4xyazc7p41Wk3d,1000,0.000001000,1,1730053537,1730053537,0.000000
GjxSuQ9BrB2tvCg1yHGPx35sFgf65ZiFurAftvXKNBRj,1000,0.000001000,1,1730084643,1730084643,0.000000
GJxYLkxdCFezV2iRZ2o1EqUZgQ5KCanL5VLRyE8nzT2w,1000,0.000001000,1,1730126658,1730126658,0.000000
Gkayh5jvPptv5jzCHkV1Rtjzxc5cJGR7EmXEFTio1dvj,1000,0.000001000,1,1729893943,1729893943,0.000000
GkD4Xb4PFsyZnCKVQQDdndQQi9MdSSAwdGLbJAB5Pfoy,1000,0.000001000,1,1730121918,1730121918,0.000000
GKVEF6zJ5fS1wc9pBTZFzbtgUDHBgDvhS9wecUJH41Gq,1000,0.000001000,1,1730088532,1730088532,0.000000
GkyDkzRFPqQAGkA3ZPAgkWKREdrNq7xij5YQFxeUpD6v,1000,0.000001000,1,1730119522,1730119522,0.000000
GM18pdQ62nufbVEhWW2bxrNbF4vVovdvukDieQKSpNHt,1000,0.000001000,1,1730120425,1730120425,0.000000
GmDyFLLf68g2cFuge96e1y7kVmjYwYKPgZ2a74kJZ2bd,1000,0.000001000,1,1730056929,1730056929,0.000000
GMtb2yYMXZZo1B4ZYKG5SjDeh5g2LKJCo5iXdgQmjH5t,1000,0.000001000,1,1730086865,1730086865,0.000000
GmwN6AfuxXv6ULpMxZqZfEFtXXjwnEyqjpi9YwkoxqdU,1000,0.000001000,1,1730124694,1730124694,0.000000
GNGJU539PiPost6UUyLN6Pr644x2DFxMwZxE9J191tA7,1000,0.000001000,1,1730119662,1730119662,0.000000
GNjNfGRvJMXXFoWCMh6abs3GxNh2hPG1nYvbzNCkStrQ,1000,0.000001000,1,1730118423,1730118423,0.000000
Gnq2McT4QxdoZkA28rnkVJFzmo19fpXZ9gvQ4Y3W2iJs,1000,0.000001000,1,1730119594,1730119594,0.000000
GNUV7C6iZMGAALcx389Q6LyzfFTD9LdpUUsfNCpq2ncK,1000,0.000001000,1,1730125165,1730125165,0.000000
GNYrv2E3V2Xtgq58zYgv5LqDMTy3GWKW25gFDCCxzt1w,1000,0.000001000,1,1730125078,1730125078,0.000000
Go184NpVUA7BukTNK5uQqJs8eipH2iLr8F2BNR7Naj3s,1000,0.000001000,1,1730082825,1730082825,0.000000
Go18LbGgCueaJunec4oco6QVnwLy3xYWCkCniR1ztxJs,1000,0.000001000,1,1730082727,1730082727,0.000000
Go6M92VuGTSXi5Zy7ybYYgsh6G3zpBXmKwfTNE1EWrZE,1000,0.000001000,1,1730082283,1730082283,0.000000
GoD1zp8D5b1iZx7LzEytkHhn9YBusg3493dKoFvyZYMB,1000,0.000001000,1,1730081226,1730081226,0.000000
GonKmmtYxCzjpZfbZyf1kMkFqNhz9dQAe3CFV3H8sJi4,1000,0.000001000,1,1730034313,1730034313,0.000000
GotsjSFQbV4SnYEdMxps2ZrHchy6qjzHdLfmsxcXnpSR,1000,0.000001000,1,1730124554,1730124554,0.000000
GoYBGxWpTBVxemJaLCGGhvSTCHFKPEAjEaPhPYBPhf6Q,1000,0.000001000,1,1730124430,1730124430,0.000000
GoYD1yB23sMXhoZuatMDCXt2TqygXjY4Q7G836tmmb2K,1000,0.000001000,1,1730061743,1730061743,0.000000
GoyYdLq9MWtYQfMFAoMnQjreoTzhg6wziRKPHz7ZffsR,1000,0.000001000,1,1729977793,1729977793,0.000000
GP3wumHi8G12gbWbKf72Pra8RjjMyzEXECWpDTBFb6D9,1000,0.000001000,1,1730042920,1730042920,0.000000
GP5NHZxe1wLwDQo4LfEDz4pPx7ZZfc5Axmf1kaokYpSg,1000,0.000001000,1,1730120055,1730120055,0.000000
GPhCS9pQgKDKw6nuKq67fJ67vL1SNbW7oixLBpoasu2s,1000,0.000001000,1,1730040748,1730040748,0.000000
GPJ1h2PpHB1qJzZvEGzS4kWqojoH3Kjb1Q7PdQ1a2Dhd,1000,0.000001000,1,1729951841,1729951841,0.000000
GPjiKh9xQyLYaTikx2jSFeTBn2VJi4k7jG9VfcaSseGC,1000,0.000001000,1,1730120078,1730120078,0.000000
GPpEStjQVsysP8NPhREWg2fWBGNmuok7d1eLtk1KSFCP,1000,0.000001000,1,1730045014,1730045014,0.000000
GPTsyDyB6c2ybsyoDbDpizUdntoGA4u6BF4jbhMu9i7t,1000,0.000001000,1,1730074093,1730074093,0.000000
GQB9y6zojm9JxAZnGk97wXgNkvXbGSXEgonDdvYS7L5Y,1000,0.000001000,1,1729968642,1729968642,0.000000
GQTHUwbk59h7Gcaqw54kGqoZPMUL8YkzBYjfmhwCf4mB,1000,0.000001000,1,1730126885,1730126885,0.000000
GQVwaTn5Qp5KjxQqhy1CrqUeGXPUECij4ngsj3Rwt4qa,1000,0.000001000,1,1729954931,1729954931,0.000000
GRA2Cxj9V7ipemsZkfAYDMvNFjkKawjmJPL1zwoDvp6M,1000,0.000001000,1,1729990586,1729990586,0.000000
GReRVYTQCBLGctVtQMNXiBSq5za683F4ffERZeRvnkkC,1000,0.000001000,1,1730117047,1730117047,0.000000
GRnERDYENTaN2xxK3GgQkKBumyNzHPvDH1h6Ahuv4WHZ,1000,0.000001000,1,1730106570,1730106570,0.000000
GRyh95yMB2gEG98HwTSqGnKSuYNdfLCZ8TxerPxpub1t,1000,0.000001000,1,1730049271,1730049271,0.000000
GSaSYajffAJTfbymD63ByC4sFEJv7rr2VLk9PRSmnrdm,1000,0.000001000,1,1730128953,1730128953,0.000000
GsaZjcPk3Wsnym8zRWrTQr1mANXEYcDRWiMkZKaxpg4u,1000,0.000001000,1,1730072518,1730072518,0.000000
GSV1N4U5YtaUcEccNEmi6Lv5wBk5PweR27QERqWPDwSz,1000,0.000001000,1,1730119716,1730119716,0.000000
GSV3Tofujh1G7XG1jLDwnD3GHdNzMMJoeje3f4wgR5ka,1000,0.000001000,1,1730087577,1730087577,0.000000
GsW56E3yU3pEfEHqK5c91We2wGyoVAL2NMj9fxfN9BAf,1000,0.000001000,1,1729878585,1729878585,0.000000
Gt82Un2MZ24QDkxeZRnZzPbXjqUtJq5ytFBeoXa6qaqE,1000,0.000001000,1,1729948862,1729948862,0.000000
GtcX5NB5cD8EfDMGCzoN5CWHwW19PMfb3XEipKRJp3VU,1000,0.000001000,1,1729873952,1729873952,0.000000
GTDEAZu591Bi1m5F55TDhp3CWi1q2RcdgcR5MyzYFwRB,1000,0.000001000,1,1730120396,1730120396,0.000000
GtE5Ckx5d6Bde4Crv5nvUBNXhudS8TJ5giYJjAchCY1G,1000,0.000001000,1,1730129637,1730129637,0.000000
GtFkT3UEPw4Um269VSrt97541nL7sUQtSZ5b9JgX9LJ4,1000,0.000001000,1,1730124385,1730124385,0.000000
GTiaMbtjLDdNT7xqWRsmzexVRCpBtynQKwBhE6kdWBY2,1000,0.000001000,1,1730125561,1730125561,0.000000
GtJsX69sW8J46begagv2J2cjB437GKAX4ZQZXjN67CKv,1000,0.000001000,1,1730096202,1730096202,0.000000
GtL64nzGRVGiCZpXKpxZcoEFHtNgESXGHvrDQijCvy6J,1000,0.000001000,1,1729883331,1729883331,0.000000
GTNh3v44g83zatZPrYe3LT8WgpddFVzBCnjqJB9iYhHC,1000,0.000001000,1,1730101834,1730101834,0.000000
GTvjJdwJr7VtLgzXMt7MCoxPDy7gGDkgpqv9wCZLM56E,1000,0.000001000,1,1729878010,1729878010,0.000000
GtzJaf9DDhDCRqSUMFHJ4TXJUW1ayPb1aRBSrgpzcT6g,1000,0.000001000,1,1730124593,1730124593,0.000000
GUefcPRDHXcV87WVdkA347PdKBUmoidS4SZxN55ZfeLH,1000,0.000001000,1,1730119697,1730119697,0.000000
GuH6gL3hcWYcfLgZUZPbuuEEW7gfCuCWwc8mVdqVUN9m,1000,0.000001000,1,1730083705,1730083705,0.000000
GUrxS99sNfMgCG1x7vFd4BnTYTUzeTp7cJPB1NptjzNK,1000,0.000001000,1,1729877696,1729877696,0.000000
GUYUtyj1m8kpQiJ4PkT63we5wWAtR4d4CjBdRaCPiHGE,1000,0.000001000,1,1730119203,1730119203,0.000000
GV2fPXqABbB52rvotanJN1vFB4nK3vWTwDkSKUhnH3MH,1000,0.000001000,1,1729900553,1729900553,0.000000
GVfYaqbFJ8dNx1SEDzTZvvfTA3rKSUiBWC33LNEG9fZk,1000,0.000001000,1,1730119534,1730119534,0.000000
Gvi9AkuzDPJX4WPYHak3xVKHYpuBEi5CXDsJ4BYVACGw,1000,0.000001000,1,1729879751,1729879751,0.000000
GVjZLzz3Bgo5wmvSjYxZ4mQmovfWftWFsxy8nwbUjkDs,1000,0.000001000,1,1730089986,1730089986,0.000000
GvnytxG5HxvxgJPRbHjyx1S3MAAQKUnBAsF2x5BELnWZ,1000,0.000001000,1,1729874496,1729874496,0.000000
GvRsh2GqD7SDFzpFV228mBF2EfXAcRRCayZfg2azuGFZ,1000,0.000001000,1,1729874479,1729874479,0.000000
GVS9Rt86kku4micG1iqg226ToiSp4e8bLwoqUZTKRKCN,1000,0.000001000,1,1730117576,1730117576,0.000000
GVsSSk2gBuXJqhtAxWAbcKfWFLueV4FRNgFnq6NCYyWS,1000,0.000001000,1,1729971663,1729971663,0.000000
Gwg2qidQWw1rWqY2KA1kf2iDptwqn8nGrCroqACmsDL2,1000,0.000001000,1,1730128252,1730128252,0.000000
GwJk91XP3xPQWc7oJXY6UUL5md1y1u2KMKEsMNVADUxp,1000,0.000001000,1,1730125023,1730125023,0.000000
GwoAQEjb9t1XYXphkY4eTGBz4wdCCks4iBcc4RFGKV1d,1000,0.000001000,1,1730072854,1730072854,0.000000
Gwy4CQUsDZvLqEV5FU5vG28S71kggW1mSWmicj7kG448,1000,0.000001000,1,1729969800,1729969800,0.000000
Gwy4SW95iigWD2CEEUTZjWSpcRj4hXoe2u5GRBN9NoS8,1000,0.000001000,1,1729969759,1729969759,0.000000
Gx29nEb3jzSgtM2QnnbC2mxNLuHJetyHoP1qt7eyEZ8,1000,0.000001000,1,1729887725,1729887725,0.000000
GX9D4yFCSazfx2KpJ9k1DAVX9QHyucGCBudn36z7kN1t,1000,0.000001000,1,1729996277,1729996277,0.000000
GX9DgQ6VBtvrGakkNJW4hy91DHpedvMGtPsnYCYCqVmt,1000,0.000001000,1,1729996140,1729996140,0.000000
GxG5LZjYdCTK6EGtrizhS3EsRvCTEBMAQPseMxNwKkZ6,1000,0.000001000,1,1730117712,1730117712,0.000000
GXN1Nukxrbz5BnpBfmG5j2gf29nFBVpHf9epGPBL7ZLj,1000,0.000001000,1,1729883790,1729883790,0.000000
gxuFvS6rULJaUdJQsfxvZkRwJyPv4hDA9mKBDDTXAC6,1000,0.000001000,1,1730057036,1730057036,0.000000
GXwq19EVZq9UcMg8wbSwDfqFr8WcwsptDNmiUAdMhPPZ,1000,0.000001000,1,1729955549,1729955549,0.000000
GXXQuszyH8iH1bru9MsHwypyTuqFpiwcHMnFhW8m3Rtv,1000,0.000001000,1,1730120661,1730120661,0.000000
GxyiuZriPwy6NJ5Doj6P2FCAZuzhsvRhpeCkPhgV92K2,1000,0.000001000,1,1730125532,1730125532,0.000000
Gy5PD7J9nHhQPjxcN8hv7om3ugkwMyFMYgetAKNuWncY,1000,0.000001000,1,1730092241,1730092241,0.000000
Gy5PUiViMUYVUTt9PDkzQhYBbPmS3YDmzxRZQuvgjM2Y,1000,0.000001000,1,1730092311,1730092311,0.000000
GYAPK4YRQxrmitVkFYvWeFjpfzdUv5qwwx1kXagDopz1,1000,0.000001000,1,1730043444,1730043444,0.000000
GYatzLR2du2KfqojVf8AaDfZ3dZQHL4Dn83XuAi3o1qb,1000,0.000001000,1,1729877939,1729877939,0.000000
GybH9uTnAYcVmSnc9h7XgvZwCLUtcynJUWNufXmvPxjt,1000,0.000001000,1,1729874100,1729874100,0.000000
Gyof9vKkebtcUfJSGmYFQjjDHvpgw9SDK5McxyJA3Fpz,1000,0.000001000,1,1729897367,1729897367,0.000000
GZ1VyT5Txc46anC3RPnEw7wims78M2PYKQoZge49qDbT,1000,0.000001000,1,1730125064,1730125064,0.000000
GZAcJXCmh3jxRnZ1DctmATKF5gcvB5JTmt16hoWCeecg,1000,0.000001000,1,1729946854,1729946854,0.000000
GZCMiMLvZzHs9hfgkiGB1DVq8zzwTRELKTSQYUK76Fbs,1000,0.000001000,1,1729924359,1729924359,0.000000
GZf2Ax96N96WJAzMoacNsRXfQmZWXEyDve2PkBQcUQE9,1000,0.000001000,1,1730128887,1730128887,0.000000
GZjrpZcmG7zTQ4dRdwFUHtYzpwS542b5JFLYAAkG2fPR,1000,0.000001000,1,1730128737,1730128737,0.000000
GzTMuECVSuTkrWsitrTydvQbqpFt5W9TN4EXtrfTREPY,1000,0.000001000,1,1730041394,1730041394,0.000000
GztyjS4mvQ53emcwB6YyHsWhNpEmEBi3oKa4NTDpijHq,1000,0.000001000,1,1730119846,1730119846,0.000000
GZvQuAKLRW5JpkNWP49ACnaA3iNpCUFHR2zEmqNvRWAL,1000,0.000001000,1,1730125165,1730125165,0.000000
H1aJreg2oStxFbkcD1z5W5KgBSqxJpdaCfZRZkoQo59w,1000,0.000001000,1,1730128563,1730128563,0.000000
H1RuuFV1QdhjqqWeGKQoZ4byD63X9jWg7HkhaNPwmChx,1000,0.000001000,1,1730122910,1730122910,0.000000
H1sb1MNw8pCTZbhRWaCLfo8NodirZNy19yP2eWf9DCbq,1000,0.000001000,1,1730119796,1730119796,0.000000
H1zAag6pQDWdS5ZKzkG1jy1WyzwcWmaTWhPiVN3PCVYW,1000,0.000001000,1,1730117202,1730117202,0.000000
H2AgCbKKXwKn9Z9ng2fxCSe9pGsJvno773fe7ipU2cnX,1000,0.000001000,1,1730119556,1730119556,0.000000
H33C8cnfyTX2u4TXTZTY1m27CdUwDzScgY68DXiJQR2V,1000,0.000001000,1,1730024449,1730024449,0.000000
H3ANETNA4hYbhZhuZh1FMP2jpg6pLPpmCMXSZh79HLmq,1000,0.000001000,1,1730115880,1730115880,0.000000
H48r49xpNvCZSTcUZjuAS5daZU2msqdsFEw1cya6nmsQ,1000,0.000001000,1,1729898473,1729898473,0.000000
H4b68oKuDuRSePXhSGU5ZHoxQCi3DxY19kGCAJYLRWgY,1000,0.000001000,1,1729959679,1729959679,0.000000
H4f9TjiC3Vx3cnBUNiM7VuUvX4PLXfMc6guUTfYWj5w8,1000,0.000001000,1,1730105301,1730105301,0.000000
H4RL3vLKxgyQNS3HLmxEugB35eVURab5JjYeGjdKX5aG,1000,0.000001000,1,1730103912,1730103912,0.000000
H4t5BJLfG4j6q9D5o7SUwfGam2FyhX5qEoHQUaa2zmFD,1000,0.000001000,1,1729878837,1729878837,0.000000
H6hrqc1x2ntHfNNEHd9onMcfVe5d8WaATewsdkCm7C8J,1000,0.000001000,1,1729941214,1729941214,0.000000
H6kibQSiWzXfhgRGFugWpEteiZcririvqXtBQMt6Dvmy,1000,0.000001000,1,1730080623,1730080623,0.000000
H6NYNYKbRn2zjXCz3jBkAtYenEQkg7L1JnEHEQNtG6Xo,1000,0.000001000,1,1730117695,1730117695,0.000000
H7dcVLpz8Q6z2ndd2edDKJXk21kuspGinchcTGbT44gR,1000,0.000001000,1,1729966021,1729966021,0.000000
H7UTknM8g586Lh4BRLRohzWFTzmsBNLQs6F3gKXRMYDp,1000,0.000001000,1,1730081690,1730081690,0.000000
H7VUFheKfCaJu1P5dgPaghs6hHHisJq4Tnc5NjbVxG1W,1000,0.000001000,1,1730129637,1730129637,0.000000
H7VUTkV75ez3qFSNR48DbAzNX4Y1PADBzPmbDxmSQYXW,1000,0.000001000,1,1730127689,1730127689,0.000000
H7WodQXUREmQATxEtDP2QJpwHmeKey2owC7dGrnFUwwc,1000,0.000001000,1,1729891146,1729891146,0.000000
H88ouPiHN9yF4sMSpkd7MM92aG4y4KSrZ2CaFgJXP6f3,1000,0.000001000,1,1730123190,1730123190,0.000000
H88ov13gTYQNeTm9bGhNExRgQZofG1aBnuXPnghRSV23,1000,0.000001000,1,1730123361,1730123361,0.000000
H8rZUrGg8ZaJFUsCDtHnnnQDLZpbTufVQut3JRuoGBUF,1000,0.000001000,1,1730087822,1730087822,0.000000
H8sy8qdHdB91CjJcgXrnUkuPwz3rgsht75UUYWnG8hmS,1000,0.000001000,1,1730125165,1730125165,0.000000
H9fCTKhxXwqQYYwPiN25JBWitcF4DjwmEf5qv4PgT32W,1000,0.000001000,1,1730124354,1730124354,0.000000
H9JZXPzdodYsxcvZCZnnx2AzmabC4ooYxTKvjS1crMZa,1000,0.000001000,1,1730119161,1730119161,0.000000
H9poxtoHetnCbhkk7gVxfoGwpB3v7hai1iJ6iov7czyd,1000,0.000001000,1,1729958592,1729958592,0.000000
HaFdqu1SQxMPv85CgN5SLuXqTygZ7KhKYUBttc1fTc6v,1000,0.000001000,1,1729889556,1729889556,0.000000
HaGYu5njjoPbNxnPdMwunaP8fLD3h2vJ7cjJ8xAPy57A,1000,0.000001000,1,1729879291,1729879291,0.000000
HaiBPZ1qcTdTCeN8do3fZsmn3egThAxhmgebbm4UhNov,1000,0.000001000,1,1730134508,1730134508,0.000000
HAjGD4PnVR2w6xdPXhDRVuyth32AMehBKNNLkeKAta3F,1000,0.000001000,1,1730114776,1730114776,0.000000
HAjGytb2nA8qVQriJY8VAbPfSP2wqsE9caaVPoXeq9wF,1000,0.000001000,1,1730114645,1730114645,0.000000
HAJW3aS39r6J7s7HRudK2LnMHtGZhDDwTGwHZP5ErkpX,1000,0.000001000,1,1729923401,1729923401,0.000000
HAJWWKKMhDWdHs9sSbv8sHUiSLZWZzdhLHks4Vfwen5X,1000,0.000001000,1,1730124199,1730124199,0.000000
HaK2srobRRRmKHcjbpp6pMsYJAPAFpN4L2xB8uXah33T,1000,0.000001000,1,1730107098,1730107098,0.000000
HaLt7agRA94LjqEE7FFbB797J79CoC5zSYNugC8UV75x,1000,0.000001000,1,1730131778,1730131778,0.000000
HaLtUjjvFnt3EZVgDdVC5yAxbAoFKQF8rLA5PRVM7w4x,1000,0.000001000,1,1730131947,1730131947,0.000000
Hb1zB8D7Rv2hAWR8MyyVuyi7vJGf9buNd7hPRsC621qx,1000,0.000001000,1,1729931675,1729931675,0.000000
Hb6XDHjkMYBkcQr81ToYKGmayUkxWNsDvhdZ6HBdNAWe,1000,0.000001000,1,1730121298,1730121298,0.000000
HB8oRBXYQXE8h9NwUUad5qmN6ZzF8uxMXREucopqZznt,1000,0.000001000,1,1730120157,1730120157,0.000000
HbE1azj9Dj6tU7FsXKF5i7K5k9GRkWpbiwx5fdjFNjCE,1000,0.000001000,1,1729965827,1729965827,0.000000
HbE1PgCzQpuH3LfGm6zURoGNp5GfjMDWTobMKHMBKThE,1000,0.000001000,1,1729965874,1729965874,0.000000
HBfg6YWGpxid1XLMWBh6NxKTKpWc3izG3EhNhbsoCadd,1000,0.000001000,1,1730120447,1730120447,0.000000
Hbt3Rhhq97Kyyzt2uDFJ4SmCQr1rH5LoDkDUDG7n41ys,1000,0.000001000,1,1730080068,1730080068,0.000000
HBu2Ax9Pvf8nozM3ANdrbwMAuVh4qtasaDnMAKj4cR26,1000,0.000001000,1,1729940448,1729940448,0.000000
HBu2Q86utSA2KqWQ3oFxjU4efD8ya1wQSqPzbPs5UAy6,1000,0.000001000,1,1729940434,1729940434,0.000000
HbygjZiQbre3EuM8wrcZQ2k3pdFi4zL4M9WNnYqF6xGe,1000,0.000001000,1,1730118841,1730118841,0.000000
HbyHyXtiZMRdr8p5gAuA9PPaNvkbijJ696dcgVpGuT2d,1000,0.000001000,1,1730129854,1730129854,0.000000
HCcXRZCWnJYPz9yMABXUFaeofUYUz1ZtW6UXGRpdAU5z,1000,0.000001000,1,1730124266,1730124266,0.000000
HchJ71TLNtLy9uht5aRcpMHYuCEhyGgdZu5Y72sDbnM6,1000,0.000001000,1,1730083168,1730083168,0.000000
HCkGdATbyqMdi93KHGGGbWFKoJEUwSLHdLQRjyMGodeU,1000,0.000001000,1,1730118365,1730118365,0.000000
HCvT8Rz4ScTeNChpEaE5WdBATJ9zeZtASZwomytJErBT,1000,0.000001000,1,1729944272,1729944272,0.000000
HcXQpruYZ2WA6auFDNNLuJXpx5PFVHWaSJvj9aq1Dx2C,1000,0.000001000,1,1730124882,1730124882,0.000000
Hd6BoL4GbRGByqrpqP3dgAopLs1KCQNXEPas9sV3Ei4f,1000,0.000001000,1,1729945672,1729945672,0.000000
HDbo7sGwYqdLvgMLFAwhgaHzSg8bizjVLiBoCjgTt8bH,1000,0.000001000,1,1730129910,1730129910,0.000000
HDboUTWSZVTDT5FAPb8pMn8HyzwWF8fM8CBBWibTi15H,1000,0.000001000,1,1730130085,1730130085,0.000000
HdFUCBWH4ocBcErju7Mq3eL2XGYjQA3ZQMfUDD9YcW2x,1000,0.000001000,1,1730129770,1730129770,0.000000
HDoc3MkTiZy9xrhVrvwycxRDDPDmnZinBL8HkFpZ2kTU,1000,0.000001000,1,1730077299,1730077299,0.000000
HDQxH1WCVeQSnUW44hJfKjYW1TtKsxr6FfzUt1pDyw9T,1000,0.000001000,1,1730097114,1730097114,0.000000
HDQxTBXnq7xdLWFUW8ixPKyJWewVE7cbbqt5AhHES3dT,1000,0.000001000,1,1730097065,1730097065,0.000000
HDRjdknAec5PVKm5tZzaWYVe42eaHspFNoETh8un614Z,1000,0.000001000,1,1730124906,1730124906,0.000000
HEAEw73BZNqEqBNLjkF7rZgajzXCzDvUD9farMAjZmcq,1000,0.000001000,1,1730124383,1730124383,0.000000
HeFzHyUP3Q9ZK4J4H3nYXW2hGM77N1dV2DghGosS3R3n,1000,0.000001000,1,1730093928,1730093928,0.000000
HeFziwpDVUXCYNwF9QhPrSAqX9Mar44Vvq4iCHRn98Cn,1000,0.000001000,1,1730093982,1730093982,0.000000
HeKQzx973eEZ912biFRNzVfg2STTogBB7481weh2FBKt,1000,0.000001000,1,1730129200,1730129200,0.000000
HEmUhTfDZhZhjrhw67sprhx4G6EJmShADYUt7A8wFbSK,1000,0.000001000,1,1729998478,1729998478,0.000000
Hf6Gsr2U3MpvR7fcQPpWh8tXLw9366g36ED6RH9P4zt8,1000,0.000001000,1,1730120811,1730120811,0.000000
HFKu9YRMK8NsPwL63YjiooQLGnj2SY27w3xxtUbzEPNf,1000,0.000001000,1,1730072141,1730072141,0.000000
HFQ4CZXVZhtYZkiaoPkKNAUy3g2te2iUbJWiXwXECCMv,1000,0.000001000,1,1730118940,1730118940,0.000000
HFT9uRkncCAuWpHYr8XjL8qtRBfUZM72JscnjkksrRxj,1000,0.000001000,1,1730124716,1730124716,0.000000
HfTqqvH3LSuj5rEdqrRFiLFeECwKFGM98xyZymihiSHm,1000,0.000001000,1,1730124353,1730124353,0.000000
HfVbhk5pfqTT2MPjZKCpTnR8vAvmRCnyNKsTFt3ZTB6Q,1000,0.000001000,1,1730131689,1730131689,0.000000
HfZs1YNQDZF61grDUdzB9VWBQyBReXQsKBFFuGQEm916,1000,0.000001000,1,1730071814,1730071814,0.000000
Hg2XgDpyNhjwCpmCu7Yeko94K7ELmxBoFaALDBReh6bG,1000,0.000001000,1,1729878242,1729878242,0.000000
HGCTMmkcpYbtQ1G9Vbfbw9p2iwV8uH5DAYeEbfTUNZRx,1000,0.000001000,1,1730119679,1730119679,0.000000
Hgd1vFUXejbbxzr1MSesd1mRzdHN2b6KAcAYuwpaCQRj,1000,0.000001000,1,1730125043,1730125043,0.000000
HGDefjvH8hoWhe8YeBCexeRffHVkmghtGY6tTTMGK7Y,1000,0.000001000,1,1730129781,1730129781,0.000000
HGHB9tDmqLfeEwGG3bcKEiN9cPwCXsp6JsRWXsNBA6v5,1000,0.000001000,1,1730056220,1730056220,0.000000
HGKch9hhPr6jhbexp8KrEAggPj36K67a6iCeH4J3fDh4,1000,0.000001000,1,1730124601,1730124601,0.000000
HgUuyS2PA7dLh1m1UjHpae6jabWMR6y5zGkkyS4o4BKo,1000,0.000001000,1,1730120414,1730120414,0.000000
HGvcqwvArkaVWgVtMT84V4wLL7YFjrwvuJeGkJXa3tQ8,1000,0.000001000,1,1730124466,1730124466,0.000000
Hh1oEfVzCmU17em7vXoXpgjABwHaRNSmADi8SkzVHj9w,1000,0.000001000,1,1729880484,1729880484,0.000000
Hh9ucgjne3rjjo3rUb23kh2Mxire3dcX7bz5kPhXtx11,1000,0.000001000,1,1730034169,1730034169,0.000000
HhCa7iYJb1L3ztDbCJjJpmcHaxVvoAkMdrMqo4Kwsh1a,1000,0.000001000,1,1730131092,1730131092,0.000000
HHjMRUDPf7wTUfwPXhxCpinfjfxTxSvaMYW5FCS53ZhU,1000,0.000001000,1,1729964332,1729964332,0.000000
HHoAN6Du537PCCeHw6rJJW7TaiesFj3cEh8WcRXubVQA,1000,0.000001000,1,1730127646,1730127646,0.000000
HHQ9GLaXPFZpCtsPg3xo6WaHADxjL43Nx6wHKjagoHaA,1000,0.000001000,1,1730118566,1730118566,0.000000
HHs42Fv97sztiVfE3bmf9CurFuzV5KUxSHYmebPq2k8M,1000,0.000001000,1,1730126821,1730126821,0.000000
HHs4c3NbKaTFARBZ5moqFBJ9WJRpFxnQMSYxxAdGTCMM,1000,0.000001000,1,1730126650,1730126650,0.000000
HhWvfaUFw5AkQ5GdDDv6xxWio7UHt9dzzevuqtYCtUiD,1000,0.000001000,1,1730119640,1730119640,0.000000
hHy6rz2waKYRHVGhtz9PbsYKoL3cy6p7U9t8xJUoSfX,1000,0.000001000,1,1730119218,1730119218,0.000000
Hhzgz1c9cn68sySQLDogXRuoaZ4vfC76WXXiHxiBtbxL,1000,0.000001000,1,1730118455,1730118455,0.000000
HiN9JyhixF7ehB6KVkryfYTY9yVzyvvFaQwNEFiSET9M,1000,0.000001000,1,1729971078,1729971078,0.000000
HiNhLkza6AYhK8ZwaXZxNH29T6aD43FUEbbfAyfPFd3y,1000,0.000001000,1,1729968801,1729968801,0.000000
HiNhLSzRKyGogphU7PKSY7XZac3b1jfrdaJvahpxyoWy,1000,0.000001000,1,1730120909,1730120909,0.000000
Hj1GuCaXk8Mz1x9CJ6cLAc7ojGQCQQUmNJpUcgMdgbF4,1000,0.000001000,1,1730120570,1730120570,0.000000
HJ8gcfBdN4JrRPxywasLky3g5HJvRHsxWAzZm9dYF8e8,1000,0.000001000,1,1730081404,1730081404,0.000000
HjFiC9HADX94JvSHVFeTt6gP2SvWjT1DNCVFMBDbGY7o,1000,0.000001000,1,1730120195,1730120195,0.000000
HJoAVh4YwdHPwbWtFhvR8FeRJcoSWyRdpp9mKBmKezf1,1000,0.000001000,1,1729887225,1729887225,0.000000
HJuf22pvdMWr3tfXSrBtx1xfev4LGcxBtzecWmDZDmdK,1000,0.000001000,1,1730124644,1730124644,0.000000
HJuGxTjzZKPEqNMXpEppQ1E9noJ3R7Xwo1Lc2gfFqgUF,1000,0.000001000,1,1730124553,1730124553,0.000000
Hjvugi3iJuqzbNa5BVFAU69YpJw6HkwwXYeisnny7322,1000,0.000001000,1,1730128831,1730128831,0.000000
HJwd89dChJC1pRjryPqqLVxy48YDTzGqYeV1cBMHhSiG,1000,0.000001000,1,1730118276,1730118276,0.000000
HK2iotM3ZHNagB8oU8VdtSk9oFKW9YzQx4e4rKKafD2X,1000,0.000001000,1,1730118508,1730118508,0.000000
Hk2xFmxAtMjQf9b4Wfo8ik1Rt2EK8ZBZrXkcshjaWkQG,1000,0.000001000,1,1729931188,1729931188,0.000000
HKdWbw7VcPwPV3sGqGcChxVav7VKwdLDDozMfaDPLgF9,1000,0.000001000,1,1730002072,1730002072,0.000000
HKdWRVndLMAk1brxCieCBAnjpBDjhpbgJFNAWeSSJp89,1000,0.000001000,1,1730002140,1730002140,0.000000
HKkNMGkKSoXymSnPX7z8vL8meDjXdt9BsWojfumCAqbP,1000,0.000001000,1,1729891061,1729891061,0.000000
HknH1GwtcEe8pVHHCCxP5FaN59k6ocfVGGMs4CNcguXJ,1000,0.000001000,1,1730118431,1730118431,0.000000
HKWsRuMpe2ZXrC6DZ3XzqQJsjMYjXVEW1oB4qqDxqBGq,1000,0.000001000,1,1730118660,1730118660,0.000000
Hkx14e54uS7oykMbo9XJ1fqi2XjHgB4KbhoMHhR3hDry,1000,0.000001000,1,1730041605,1730041605,0.000000
HLEBhbR2MhwXSj6DyorJMeqbWFTAeArbca8V5jxFibNf,1000,0.000001000,1,1730120603,1730120603,0.000000
HLLjm44JFvHtwyYnj8m373t7UcqFDoTZn5oaWUhVRGZQ,1000,0.000001000,1,1730117729,1730117729,0.000000
HLodouKymtbkJXYEwW1nADbSgHimK4abtNfT9P7J54Br,1000,0.000001000,1,1730124593,1730124593,0.000000
HLU52WNXc4nyBhtsM8yatfKLDZ5tWDAu57VoonJELPAq,1000,0.000001000,1,1730117711,1730117711,0.000000
HMAnyYkhhbmJr9wf8uiK98hXrVcyiJV8KcBVbVZtqKfn,1000,0.000001000,1,1729994028,1729994028,0.000000
HN6KyCh3enScLYobn5CXEG9RG4UC2A1C5CfSEsHEYq1C,1000,0.000001000,1,1730130724,1730130724,0.000000
HNEEqw8tq9TjXFHicFVymmnjMUPi23oCyuhHJaroPH3s,1000,0.000001000,1,1730008954,1730008954,0.000000
HNgXcPNBTNS51FtWGwE92JQcCVhhkBmkhrhwaf1Gry6q,1000,0.000001000,1,1730125826,1730125826,0.000000
HnjvFc1Tm8gaNTqQas2651V5dux6wytqwDeG5RSjtYgR,1000,0.000001000,1,1730117729,1730117729,0.000000
HnMc9ndXj3y9idbcnHLJyZnTAkwQsdeW67VnP7jPCxFB,1000,0.000001000,1,1730117374,1730117374,0.000000
HnMWXBaACwcqUZvoybEG7HgzvDm3c89zrZDLjfoSWA46,1000,0.000001000,1,1730131490,1730131490,0.000000
HNukgsjxQ66kYGnSqKs9t9KzVQq1vDCVVSwx68CFHkyz,1000,0.000001000,1,1730081804,1730081804,0.000000
HoiQ9jNuhPRAG5F4M3x2RKy6vHw6Su3R5bRkvCLpno1P,1000,0.000001000,1,1730118404,1730118404,0.000000
HoiQzx9mcBLKKKGYgRveL7TCXqWSuNyF5REujAXVqZBP,1000,0.000001000,1,1730118287,1730118287,0.000000
Hok9jgWzrQfvzadbgoeAJvLASx1ucbLsPbMFWHsv2WLE,1000,0.000001000,1,1730124629,1730124629,0.000000
HP1D1nCowAozQZPWxmQtX2Dq4qYkT7JhsxHEwzT1pt5k,1000,0.000001000,1,1730058899,1730058899,0.000000
HP9Kkf3YJmzEKzbxEAHQEg1WcKSjirUjjqx6MxvCVPXM,1000,0.000001000,1,1730140027,1730140027,0.000000
HP9KWiboi9ha7FUyPEENw7MGeZ4KjcUTEb8U49LHJkPM,1000,0.000001000,1,1730139771,1730139771,0.000000
HpmuWErUiUuv9mhWeC15SeG2ZCXTwMnrkbWegBoExG1J,1000,0.000001000,1,1730014987,1730014987,0.000000
HPRS4q4x5fy9rkHqBLWUuTdVRw9YfJ8sCwZnMw6KBDfj,1000,0.000001000,1,1730119612,1730119612,0.000000
HqPYEgvTnFq65WLrRS3pfTDqB7jJ5ho7Um3QmmSC2H79,1000,0.000001000,1,1729992826,1729992826,0.000000
HqPYgUu7n2JNDo4kcvrT3exYcBEJdhG1MCjNkABW6R19,1000,0.000001000,1,1729992774,1729992774,0.000000
HQQ7BPiyDUrhhy3ByDt2GcTNqTXTLPCRsTxvKF6Ztnw9,1000,0.000001000,1,1730119812,1730119812,0.000000
HQRaE8Z5sT8i4HBZzGzdjkMRfeycTMREe5SBGa9QH3Ju,1000,0.000001000,1,1730109194,1730109194,0.000000
HqXoHWSS1ofjKDV8JQTStmn5LDSxGy5yPYTyPV2KPcGD,1000,0.000001000,1,1729889149,1729889149,0.000000
HRJUFQqSxDwQnJ9JU7ij6g866z8Dk3LrTgSwCJDq3o99,1000,0.000001000,1,1730096479,1730096479,0.000000
HRJUTVNS8GHvAK4RhmAZBCeKqtCQdZRcDauPw9QLkcL9,1000,0.000001000,1,1730096611,1730096611,0.000000
HRjZVFoUvceFAMhc7bgLcnQ2ykqnzG4fdpKfRjoz9Qh2,1000,0.000001000,1,1729966192,1729966192,0.000000
HRjZVms1QC5GieTRwYxoaZKBUWhzcGtmR6e9HYqWMd22,1000,0.000001000,1,1729966223,1729966223,0.000000
HrkSTReR6spRuW44xxgtHkjdbPbiptfgyzB1F9B7wfH8,1000,0.000001000,1,1730119376,1730119376,0.000000
HRSfN1yL9ug4xojHWwLmCeiP1CQ1a3mR1Ko1rofYp3yz,1000,0.000001000,1,1730087615,1730087615,0.000000
Hrz4UdQfoCGA7M12EXLba85EhPqC5GDnkaRyCvfBs86T,1000,0.000001000,1,1730123584,1730123584,0.000000
HRZW4z2RFxrbVWmrWcnZwY9Fy6SdjnNNSDGrGS4K2yqg,1000,0.000001000,1,1730125806,1730125806,0.000000
HS9tU13xzdYR6TAHmJihZCcoQ4qfJnbGUpP7NUWS2pRD,1000,0.000001000,1,1729891583,1729891583,0.000000
HScQgopts3DZAaxHNfuCkMeJZu7XkvEQWsfht8RvSwg7,1000,0.000001000,1,1730124241,1730124241,0.000000
HshptZrYj2SbQUk31zB5urmkjghoWToVRg9oDp7xGh3o,1000,0.000001000,1,1729934891,1729934891,0.000000
HsJ2ZSybQtobDXxLDpLByb1JqJCBufvR3BY7N94FC82F,1000,0.000001000,1,1730045716,1730045716,0.000000
HsjuobpXkBm7kfxp6met2EoAr5FueZ6WhPkrUpkVzZ3s,1000,0.000001000,1,1730125669,1730125669,0.000000
Hsjup8wdjF9phVuLhFyu8sfgCHZZ6zzLxzqgNUJLCFss,1000,0.000001000,1,1730091454,1730091454,0.000000
HSnKTrvLmWoSZmxJnxavjgTKySZXpdQLuEJVG4RZSzk6,1000,0.000001000,1,1730120010,1730120010,0.000000
HT5aWg24VBmXanUKu9yYUVrwDTVr18qCWcYq9znvv95Z,1000,0.000001000,1,1730124795,1730124795,0.000000
HT7ThxMFdBaPFxXJz31X1UWKLc14n9dErCN3DSN3Q4xn,1000,0.000001000,1,1729995084,1729995084,0.000000
HteiSaxRArCC7fZhMeLMhq7SVZGaMz7fSQRJs3r2rv3v,1000,0.000001000,1,1729952009,1729952009,0.000000
HtjJfNTJ9gksyTk3wUoKAWVLV3ybFfYLNZ5zbmZDH88C,1000,0.000001000,1,1730124703,1730124703,0.000000
HTTURi15qbjGgnJWr5U5iNyMHzrkoBUBEVpKCWgFWuau,1000,0.000001000,1,1730117587,1730117587,0.000000
HtUL3AaxdpuKRSFPG9Ffin2ooYZFv7HtQNuwPu7J4NGk,1000,0.000001000,1,1730080503,1730080503,0.000000
HTULJcsFDzLu3MEq9p7V9WiMC8GrHiTrXy8dWWgfN6Zb,1000,0.000001000,1,1729961707,1729961707,0.000000
HUDYpzxkZdhrDuUg7QzUAn84qf1k6FgzjZiRppjMLXpK,1000,0.000001000,1,1730023127,1730023127,0.000000
HUHKZPD8MzSLvgz92AT81njVHyum55qmnqWGjnvJLsFi,1000,0.000001000,1,1729964672,1729964672,0.000000
HuL3wgkBkTQZNo15yL5nbCWmL2GBxZ5EAYysiZZMcKy4,1000,0.000001000,1,1729961300,1729961300,0.000000
HvXCfmWFYHuLUHhunuqMkVcQPJVLbQ9gud2cC9krmK1U,1000,0.000001000,1,1730085213,1730085213,0.000000
HWCfwZK7pPYjxWvSyLDHprQZeEMVvMSVDNvwLSqnQMZo,1000,0.000001000,1,1730129910,1730129910,0.000000
hWDBHKW7CQhTxxpTASaPZkuJhAarWBvftxCszGN2nqr,1000,0.000001000,1,1730124375,1730124375,0.000000
hwJcfn1HkVUdZp5KvgJf5EP3XiAnKPK8UWEwBeN2dt4,1000,0.000001000,1,1729976116,1729976116,0.000000
HwJpTw5xN9Gdb3QXizLKLc2gXsh8F16nn6ZmRPxnmxNH,1000,0.000001000,1,1730082985,1730082985,0.000000
HwLGzbDVLZkYZFnvtQyu661zz318nAswYdnCa8hh6L21,1000,0.000001000,1,1730056683,1730056683,0.000000
HWriUsaFSAgbAVnfnsuCj5VRMZUMN9LDByEY9QDM6yx1,1000,0.000001000,1,1729876903,1729876903,0.000000
HWzpupVmj3aqYY7eQXRXmGKcbLbXsy72aGoq9UBXPueP,1000,0.000001000,1,1729958972,1729958972,0.000000
HX6RBtbMbJLiSdf8f7uLkLKGJNogtW34vAm4nzNg424R,1000,0.000001000,1,1729987988,1729987988,0.000000
HXDijhYBrQRYDj7rXYeTPLLibC77kjQKQK71gMX8xntX,1000,0.000001000,1,1730126363,1730126363,0.000000
HxeKoktEGizLfxPniAugQy1C78RVZWazoF1iYADogYR,1000,0.000001000,1,1730044495,1730044495,0.000000
HXKbubapJoV1NghS7vK9PDdvXDKUS2HGBLo3m8JqAtwm,1000,0.000001000,1,1730026168,1730026168,0.000000
HxqYcrx1Ed31Mdc9pmBm5AXqZjDDsMpq6BKRHngFhHEP,1000,0.000001000,1,1730095154,1730095154,0.000000
Hxt8b4ES1zcQgqwi7qP2JD8sown7uoJukCy8wSxSPxmT,1000,0.000001000,1,1730129408,1730129408,0.000000
HY8hjYnUv1HancurgSx9knuwGdcaJfcw3UP4XZL4Ve56,1000,0.000001000,1,1729895672,1729895672,0.000000
Hy8M9fNkKZJcs2Vonie4qcR7i8djUor7ytcNtrCQXp6j,1000,0.000001000,1,1730044955,1730044955,0.000000
HyBj1B4tXJ6a7QcPFNiiC2bDkfyBbrBqoRvTCwzCHWgK,1000,0.000001000,1,1730120074,1730120074,0.000000
HycgYCptdgQB28UFgeg69NtvhVegcHpQL1XpNCaCFeeN,1000,0.000001000,1,1730126636,1730126636,0.000000
Hydeuic6paUkX2AF5LY1DFoPthGf2LAAB7QuLsFWMY49,1000,0.000001000,1,1730119418,1730119418,0.000000
HyG8BsBGYEUhaAC99fxnC6Ls7kB4w4nYs3bG7e9vpCcD,1000,0.000001000,1,1730124241,1730124241,0.000000
HYs2WM1fevkQgp1D64L5nwVez4914JSqQdwcvyTwjJrf,1000,0.000001000,1,1730137848,1730137848,0.000000
HytKzrL7xQa44gpSH1gaVskrYWinuoooj8MtKDSBZH1N,1000,0.000001000,1,1729980748,1729980748,0.000000
HyygM7bCUSNKcgQMU7oUp1AEtk1coPe9BrWZNEvEf39b,1000,0.000001000,1,1730073021,1730073021,0.000000
HZ5wSf6ApqFoAxEQQ78g3xuB9DBeM4h64Y21X55qnRNL,1000,0.000001000,1,1730125136,1730125136,0.000000
HZ8dcP4ULJjuR6UkxL6LanX1d4y2hwyrbcHMRN4PRzmn,1000,0.000001000,1,1730125939,1730125939,0.000000
Hz9coz5FD2ddopBzc3AxCCBEH9i2DH7htfZoM7WihmoW,1000,0.000001000,1,1730124417,1730124417,0.000000
HZbTvi4xY2hvRaUhRDfwdGj7Vq46AxDxDxFrb3rT5h1S,1000,0.000001000,1,1730053322,1730053322,0.000000
HzsVmWhGeK8xaqMHiYMV4J1snWtoms6sVBgLjbmFbSmQ,1000,0.000001000,1,1729881535,1729881535,0.000000
HzsVptma6etJ9ygQJX4Hm883urKTuhaxcW6VJCdW2t2Q,1000,0.000001000,1,1729881544,1729881544,0.000000
HZXo4yndmP4UnfyHAwntMgMSZ7g9uaYeoALJXMrTYxuS,1000,0.000001000,1,1729959306,1729959306,0.000000
iexD3zqENEKkKntT4VTRAnSDZsQ4gHg1xH5YhpeZBei,1000,0.000001000,1,1730119421,1730119421,0.000000
iFeDaxCPR2Hsae7nG3XrJiUx4iNLy81Z8aKhwY2F3ay,1000,0.000001000,1,1730081223,1730081223,0.000000
iL2ZM34615Rz6L1H16GrcTuLstAgCWYgS1timMSEVjj,1000,0.000001000,1,1730061751,1730061751,0.000000
J1CR14TRoXTMZL8xymR6VhRMJM1eQ2bCCrZ1oj4D2iXM,1000,0.000001000,1,1729969093,1729969093,0.000000
J1CRLjUrCKtre4A5tzCFMGek2n6GRyAXadeyKGQmnD2M,1000,0.000001000,1,1729969108,1729969108,0.000000
J1RRuQmcodXzsZD5w3diXomi8egpNPELd6qxSrK9uZoJ,1000,0.000001000,1,1730119528,1730119528,0.000000
J1UZsjjcj2ri2FNVwmFp56V1CJQUehWMN7QCCCDLBM8p,1000,0.000001000,1,1730118579,1730118579,0.000000
J1YpfF2fhSuMvK6RELxZq6GDp5tdgmg1P3AovbTYbf1X,1000,0.000001000,1,1729958496,1729958496,0.000000
J1ZE7oLw8Ayfer8xYBAGu4kKuTKftjNraZkbfinwpH6T,1000,0.000001000,1,1729959224,1729959224,0.000000
J2fb1Tp25xqRRTTBW8GXe6gkxivfjzddCEN9MgohxUrd,1000,0.000001000,1,1730137832,1730137832,0.000000
J2fbC8YwQ16WqTiKCNZpaB69cRMy2emZFeMEmSZsJxWd,1000,0.000001000,1,1730388081,1730388081,0.000000
J2JJdS4pRnZD8Rugr3wLZp6MLYWeNi4Agx5bKxVsfzJn,1000,0.000001000,1,1730121705,1730121705,0.000000
J2JYcURCNxiiW7LrFHxVCNznZhuZrpNtH1L61S8dWApb,1000,0.000001000,1,1729960633,1729960633,0.000000
J34Ac8bpmfYua2z5SJR3m8bTuguzpueytixcbzETSS1w,1000,0.000001000,1,1730124466,1730124466,0.000000
J35XKstiEEBRdQ7inWLdSHfRXjuDsjxnG8d45NHNHkdu,1000,0.000001000,1,1730036678,1730036678,0.000000
J3aNK9saCWZ17g17tdUanqxfpct3N96ZpYj282R29ks7,1000,0.000001000,1,1730080638,1730080638,0.000000
J3ASYUma4dKXkLThokCcKPjRC2NoCNopuisiNAx7W3pB,1000,0.000001000,1,1730120837,1730120837,0.000000
J3BEF6NMo4dCUCXyLubWQm5CZFQzRYAseeiv2VgUATbX,1000,0.000001000,1,1730117866,1730117866,0.000000
J3dKbo4MJ2LFH7TMBPga1qmvjYX9SCjTUPk55L2RYBxG,1000,0.000001000,1,1730117444,1730117444,0.000000
J3eKcojFvVnzmyW8wNFU4Uh8CKm4YtetCRdq17MMGt3k,1000,0.000001000,1,1730131753,1730131753,0.000000
J3LNRvBsJ3NZ9LcMx1sR6wJV29yiNinVaMLzSnSKWqKs,1000,0.000001000,1,1730085897,1730085897,0.000000
J3LNWhC4XmBwUrNyGuVniNaMma3UBQU12JigkV2ZUmVs,1000,0.000001000,1,1730086054,1730086054,0.000000
J3oeBV8PmSL5nf598AsnZuEnKVvLmjijRtTv841F4mGh,1000,0.000001000,1,1730119771,1730119771,0.000000
J3QtSC9zZZZ89nGpcBropvjaPsrxbB9FKS9Qufk5QR1U,1000,0.000001000,1,1730123405,1730123405,0.000000
J3QttvxcskZwQx5KXNd442h8vtJvAY2Fx7VBHRuQbtnU,1000,0.000001000,1,1730123237,1730123237,0.000000
J3SbRU4HSKk7h9bn46DKbya7nKAbjAG8Ebkxxasewm5m,1000,0.000001000,1,1730110992,1730110992,0.000000
J4d97TKGDeJkr5NtKTKbvpdEaSVFgGV5nNdgqC7x9H15,1000,0.000001000,1,1730039832,1730039832,0.000000
J4GNwjeNaVmQX5osvtjBspPrmj4fxtg6RFhLHvAXsh1F,1000,0.000001000,1,1730121663,1730121663,0.000000
J5jwcMeDHb21SLkR6UiHQ5WhztjGzDTxmS4MB25jAmFo,1000,0.000001000,1,1730045056,1730045056,0.000000
J5jwSjttGp95Q2b7xFgLi2GgUmhGKhxTUwK1W8NaNb2o,1000,0.000001000,1,1730045000,1730045000,0.000000
J5Shgxz3SPVZ1FULmqMZZCLjVL9tyEtySGjf1VRL6imJ,1000,0.000001000,1,1730126867,1730126867,0.000000
J63sDi2mR3h9ej8YD5XcPeUnJgV2jHSSfxYmkbAhzptc,1000,0.000001000,1,1729994357,1729994357,0.000000
J63sx1wVCSvpu1JmC8KmHLZqEvTDajGVkEqEtWUDaU6c,1000,0.000001000,1,1729993646,1729993646,0.000000
J6DR7m1GGwXSVGDRksE3VgRyq53C7uKqcyRLiEqSDNmR,1000,0.000001000,1,1730124812,1730124812,0.000000
J6eRvqViKG69MjqWm2cTyDxHKK5L42849fqfSvgyWhub,1000,0.000001000,1,1730124259,1730124259,0.000000
J7ajdjYaZdYfaVi9CVvyCMVkSsHFqjp4UjBkmxLj61ZG,1000,0.000001000,1,1729876188,1729876188,0.000000
J7ejbEGKw6rxHYNw6grWT2KG49zDpxK2iQNBFev8EWAy,1000,0.000001000,1,1730108298,1730108298,0.000000
J7etb8m6svzagiUzoBf4Hi3pHdd7559PJZz1Dr5wao6G,1000,0.000001000,1,1730115136,1730115136,0.000000
J7etSDhS4MVNdYjcb4kA3FhhzFp3vMFmzAU3b7KGaoNG,1000,0.000001000,1,1730114859,1730114859,0.000000
J7QDzath8sqrbc5cMEQii8QoAKU5sxNnJ7XQnmS1Mb1U,1000,0.000001000,1,1730049908,1730049908,0.000000
J8tjkbhoMnyn9TPRtWW8bE7Bzg6N8vKe3KS2XgMmbAgP,1000,0.000001000,1,1730117883,1730117883,0.000000
J8tjSCKjDcMaqqNLvTt8J3UEy4GMxxTm2dWF1JgbRa1P,1000,0.000001000,1,1730118024,1730118024,0.000000
J8vqVhN62qAvy2ppbNRc5SemCN99bFX1iJC6RG96vyvi,1000,0.000001000,1,1730038257,1730038257,0.000000
J8vqVttugNK1yatQoLM2duuKQDw7MZHHpeY9w6jQ4T6i,1000,0.000001000,1,1730038200,1730038200,0.000000
J9jPdvBmoHd9wMfQa16argXN3qt6SMYbv8hmjqNKsi1d,1000,0.000001000,1,1730072392,1730072392,0.000000
J9nMbr6E9MJpNYPFX9jm2PP8BXFSyF4AFbhaaLv2n92g,1000,0.000001000,1,1730131427,1730131427,0.000000
J9tvYHHeZMZAykiKrweWgRQEF9PGu3NKPsaattEVRPAq,1000,0.000001000,1,1730124674,1730124674,0.000000
J9XmGTDiP1VXtjcVrme2ouNcot17PcGVNneVp1VC8ZPK,1000,0.000001000,1,1730120214,1730120214,0.000000
JADnyErz9VmQtUb25woMgKDu5kg5wKCjqajitGw9NBX3,1000,0.000001000,1,1730124980,1730124980,0.000000
JAeZN5P4bW3NFVHtBtWgKEg7U7324ZqzxHJxZvVDSc1j,1000,0.000001000,1,1730125776,1730125776,0.000000
JAGuhV53YQeJXk9VAnXZSvR6xZVcbHjqJa9DUm7nnfv3,1000,0.000001000,1,1729984944,1729984944,0.000000
JAGuva6qhTkuVpFK58ZzHZXteiBbHVeKpm6v2SAMKe73,1000,0.000001000,1,1729985036,1729985036,0.000000
JAw4Ux4cvyGLTxjcStLjhzkkQ8YToUwxajqcKUWY6Rvx,1000,0.000001000,1,1730117722,1730117722,0.000000
JB6yByEDqLpy2PpALtTdpKvJa353trWmAWTRrVp5j4WU,1000,0.000001000,1,1730099211,1730099211,0.000000
JCnwqVzFuk9d21PME3jBZ3FAQoDgrxUXtnozb18JyMZQ,1000,0.000001000,1,1730092793,1730092793,0.000000
JCnwsLWRCQPTYvcHDdaFNixtQkfhQAd86GGeU2p8kvbQ,1000,0.000001000,1,1730092836,1730092836,0.000000
JCw7QoZuzmqMUrm8JrAmxYXpELqJGsejPQW3xFH9ub4r,1000,0.000001000,1,1730082185,1730082185,0.000000
JCygcHPGxCkQYoxA9g5G3AxHqjiZW24iaiicCWYCjurJ,1000,0.000001000,1,1730083014,1730083014,0.000000
JD1zPVrawFDDRtGRirJ3tESRZWfs7FpZA7ytoDH9m1qa,1000,0.000001000,1,1730119735,1730119735,0.000000
JDAQddQVW8vNYwiEJibXC28nnAPYh6jLMqBK1ALpNP3w,1000,0.000001000,1,1730057050,1730057050,0.000000
JDyc43LH5xVikLSBkJNHSn6U8wWqdDFx8WczHgRcZ2CV,1000,0.000001000,1,1730127113,1730127113,0.000000
JE5P6Ra9Wkd6cgBj1XBZ6NKJJgg9mRcNQc1KEZerw5Zw,1000,0.000001000,1,1729956091,1729956091,0.000000
JE7S78ni2exQywQVhhZsztyZy2jkUh82rJbjuJvcNzsh,1000,0.000001000,1,1729947159,1729947159,0.000000
JEGvYtzDgdAcYfVFveHviQ7t3Yc5sv6G1DjKAnpdFMcm,1000,0.000001000,1,1730124964,1730124964,0.000000
JYAmpM1XMeDCnx7w2rUmMAu58yW5Z2tntBHijk4H8V8,1000,0.000001000,1,1730120832,1730120832,0.000000
k49iDHvjBUCoqg4AnHGoeeAUmgCLMvQw6rZ9ARb1cVf,1000,0.000001000,1,1730119963,1730119963,0.000000
keon9ypDwhRnrQDHju1WfCwWTLCXL7huraXmmezJQoN,1000,0.000001000,1,1729908253,1729908253,0.000000
keonh8EkPSMb6Y26KFhBGFtf6B4Cxy4qcf8Nz8SKWnw,1000,0.000001000,1,1729908230,1729908230,0.000000
kqS8A2LQufQzVqxrcFhLyZw9S4r6zK1PCnpFutfLXc7,1000,0.000001000,1,1730119869,1730119869,0.000000
kSj761m44G9W1TmXykW5VDCaVQBnoS4GepqQtruJHm4,1000,0.000001000,1,1730119262,1730119262,0.000000
kVJbz6mpGzDhzTSshcncbtkixGDe4YUK2HicHH4YAEu,1000,0.000001000,1,1729987514,1729987514,0.000000
kZJHtmtALQQE7AqKf55vDQcLtueXL7dfqma5TGEgK2K,1000,0.000001000,1,1730118475,1730118475,0.000000
LzANQfySzJ55Jtk71W7avr4SBQ9ZXXpQEUMXNk6GZN5,1000,0.000001000,1,1730130880,1730130880,0.000000
MmagxJmPGRgjoCj2RA4FzZkGQbJnfwDoA23MmMt97T8,1000,0.000001000,1,1729995677,1729995677,0.000000
MMXgcwUSE7MquHCCUmQKocZsK53kwjxwyjMMUB73Kdk,1000,0.000001000,1,1729956898,1729956898,0.000000
MVcpQbSPdquEX3hQh9W2uLX2MqpsHV4rUUQ19arVrjr,1000,0.000001000,1,1730107713,1730107713,0.000000
N2vjGihfqYJvwea1kjgei4AX8bDFPYQvWUduvT1d1ym,1000,0.000001000,1,1730086953,1730086953,0.000000
N6SNBD4DWHyxyApAYnQxwDcxJuZZWGj7PbcNPQ4cQ2D,1000,0.000001000,1,1729903280,1729903280,0.000000
N6SNqVkzr8fkH4yQ435r25n5tQsQWn4BArRKhXLmuFX,1000,0.000001000,1,1729903247,1729903247,0.000000
n9UeSWeHChK9bfpXTLBoDo6dhrpFLSBHzRnSCeFHLZr,1000,0.000001000,1,1729993519,1729993519,0.000000
NnNeDiHLDPFJUUx9Rw3Mxrf57SSzfXxgvD1jG8Gt5ep,1000,0.000001000,1,1730120693,1730120693,0.000000
nNyyaMAmzRC2y9erUZAcrj8z6hrWj3ZNbmr2EcfZCry,1000,0.000001000,1,1730078367,1730078367,0.000000
ntdtBu5PAESaSHUtuw4TdpiCoyYQqrPVeS9rGAMgrMx,1000,0.000001000,1,1730077428,1730077428,0.000000
otpi1UpW8curQ1ShgkCmH5t3GzRbosqxJ77NS9c5Cp3,1000,0.000001000,1,1730084732,1730084732,0.000000
P9XfE6PdRdtsA9uVDoDJKqeJGQhZWirB1fJ237H6uWL,1000,0.000001000,1,1730124728,1730124728,0.000000
pj4xZhi4gpZ2oQTGHf9xHCcjPYKamF8RfDRMLqE9JdS,1000,0.000001000,1,1730120757,1730120757,0.000000
pSyTeoZYcw7mEz2g1DhzLyuHu42YqYy3V6s59MPxTh2,1000,0.000001000,1,1730120627,1730120627,0.000000
PYWbzwHn1xsoVjp1kSJ4jRWAY5E1YSs2gjpofQiah2H,1000,0.000001000,1,1730097214,1730097214,0.000000
Qc5S63gjs3r7cvYDgfvJr9fmeyX99c3n6hKATDN28nH,1000,0.000001000,1,1730082163,1730082163,0.000000
Qftkv3hADpuJwjDo9g16M7RMWj1nHc4C8fKEjxZ8MtE,1000,0.000001000,1,1730124467,1730124467,0.000000
qMgvHSCtyRJFdCDW1UtyeKdGmgkUUp1sJh8U69J9wdN,1000,0.000001000,1,1729878081,1729878081,0.000000
qNbU6Crmw6tS7xUnX5DSChyEwvwzyxXHYnuDKtgMNts,1000,0.000001000,1,1730057846,1730057846,0.000000
QtPuBATo93rNLX5XmH2kJ5tYHCXtNcNw1Lm3uSeF7mT,1000,0.000001000,1,1729955461,1729955461,0.000000
QVgTGNa6tE27co6pHGDj5n4SRB6V8XQieuQqnUBRgFw,1000,0.000001000,1,1730119398,1730119398,0.000000
rFsL7NU5UGL1yYYGLcPy3ZxoPC2BEUs7nzEWmLwdfUG,1000,0.000001000,1,1730052017,1730052017,0.000000
rFsLKLDSPHm3EFVcDKxMQ97yRnVwk8erUU9Afuv66Tq,1000,0.000001000,1,1730052463,1730052463,0.000000
Rw5eMXGgr6JyME1abs2rM3QREFKQQdv1Nhva9u8fRuM,1000,0.000001000,1,1729880087,1729880087,0.000000
S4DRBMFE6DJUEXysS3gmZHAt7seiSgKCbWHNXoJQ7sP,1000,0.000001000,1,1730038466,1730038466,0.000000
SATL12AXgXoWFAKYBDfZSq7LSKX6mTYSjQr39yBd7cW,1000,0.000001000,1,1729903855,1729903855,0.000000
SATL7Md3BJxdEsTCjMrmGLA5LyHLMbW1ihycM5PkY1H,1000,0.000001000,1,1729903895,1729903895,0.000000
SDCkJDPnt4x72rhV9ED3SaGCgdEgYP6LS6eSoPqPbdC,1000,0.000001000,1,1729959154,1729959154,0.000000
sJ8MPbqatYKpyGXGXPgTL42fRQNH4ChuUSQh5WdzjHT,1000,0.000001000,1,1730124379,1730124379,0.000000
sUe1wNEAdMYUhq9Vo7kLZX1pirBbZKXPTV9mAmjR467,1000,0.000001000,1,1729952337,1729952337,0.000000
sxCfFxMTAfVYxw7Bui4hijQSoycFhV8SnLDpJrYf3pv,1000,0.000001000,1,1730126046,1730126046,0.000000
t3XVA7ZRShdU1hEmsM1Nn28X2aWCZHeRkkRngDyZ3Jo,1000,0.000001000,1,1730124838,1730124838,0.000000
tCL1arwQCghZZRkTRVg2iciAgerdPVirrNHE1DnufD6,1000,0.000001000,1,1730114411,1730114411,0.000000
tCL1o4uvL1byE65KBjxh17dZJSR9VYpELu93EN6GS4c,1000,0.000001000,1,1730114339,1730114339,0.000000
TFqjoGijJ3YFKkGRKX3YhMnaXBqWxxvyzwkjpgD3vu7,1000,0.000001000,1,1730124659,1730124659,0.000000
tirze2eBjB79VdGHVKp3ZQWoMWrPAgVyXiQCdFHiYgj,1000,0.000001000,1,1730124855,1730124855,0.000000
tVd9J7EWpxupW8Pb2emofy1N5fCtfU5pFBY5t9aghq1,1000,0.000001000,1,1729958937,1729958937,0.000000
U1DEiNcDdYmJdHkb2HczHhDb5Y4s6Pmja8VDjx6SHx7,1000,0.000001000,1,1730124688,1730124688,0.000000
u3AR1fMgfnxxpvbD5EkCdGKkkyCrHSJhXu6GM85r6AF,1000,0.000001000,1,1730073626,1730073626,0.000000
uawEh4VpvYT3B24zwYT7ST4euXhmfUqWR6vLPrQSku8,1000,0.000001000,1,1730111435,1730111435,0.000000
ueK52zgPXmM8gm2KmimcZFKCbiRFr1nKRPG87Ym2kmw,1000,0.000001000,1,1730044085,1730044085,0.000000
ueurRZG3CJCGZDxadMgMapxzw1sixHbPuQWxzseTt3J,1000,0.000001000,1,1730124858,1730124858,0.000000
UnBMpbdDD87RpiahcKmyxZR2QvgqSzs1pWKFwQpfr8o,1000,0.000001000,1,1730120654,1730120654,0.000000
VEsksEzHyiT3BWybdELaLQueUdyYFbskGee1pjmyyiX,1000,0.000001000,1,1730121898,1730121898,0.000000
viiEbnoJYZN45yc18ohuGvWua8AMGSqewMPFuqNPYn1,1000,0.000001000,1,1730030684,1730030684,0.000000
vYuCmo4ZBhCUeYa5jT12aXcgE1QX2iMVWZF8A8cqSsX,1000,0.000001000,1,1730124923,1730124923,0.000000
WBWx3Qj6taQRUFNG2wmd9s85uL8YCqkH6JHuzv2cbzw,1000,0.000001000,1,1730119246,1730119246,0.000000
WCRiXdcHB1bU6VUPhSFgqCS2SB2GcpwegoEDi67mVhq,1000,0.000001000,1,1729872311,1729872311,0.000000
WdJs6pX9PT6juq8W2r6MF2tmsL68Qj6kvVVtt4WWaFn,1000,0.000001000,1,1730047646,1730047646,0.000000
wGdQswDpiybCghVcuMTudsUnsprMeGeUN8Yb2KrSmkp,1000,0.000001000,1,1730125307,1730125307,0.000000
WH5eZisK8oMR7mEUwpRsqcrDBCW8XSfhmtqC3Rbkd9o,1000,0.000001000,1,1730119890,1730119890,0.000000
wQtFiuaSTEuJxuFLpk3S1WttGtdsWLUx5wmsi19BKMM,1000,0.000001000,1,1730120872,1730120872,0.000000
wszuoS8VfWBjBEwd6qpBu8wDVGkTjgUNCumsHmEuA65,1000,0.000001000,1,1730043764,1730043764,0.000000
wZuqDRkRahGUNjnoDsqQsJ8w2zUigrzgxDuKH2zvqyA,1000,0.000001000,1,1730055239,1730055239,0.000000
x1mGifXeQLwQJVEyhnfFNruXdwGQam4XKJ3XWLvkkR6,1000,0.000001000,1,1729964174,1729964174,0.000000
x1mGjaW6TMu4gnfYZeJGsWM8HbiuC3FtrjAokup48AH,1000,0.000001000,1,1730056741,1730056741,0.000000
XaBPLfnStZocBhQfck8hwQBV7fbmY3bTNwrwnWJKhCL,1000,0.000001000,1,1729915935,1729915935,0.000000
xC8tHPvnFeGC19LdASSLvvu5jGgHxU9pySFjdJ6JrCB,1000,0.000001000,1,1730120596,1730120596,0.000000
xGmMHwRYMf2pbLwHVCqgo29nmVLt8qf8WTXweEU5qHC,1000,0.000001000,1,1730122497,1730122497,0.000000
XpaaKP6LK9qJonMf2jHMump72ZK6iChEasNWjFSZYze,1000,0.000001000,1,1729950475,1729950475,0.000000
xPFRzLWtvhUkyrEjMAD4fWdz1EFeFRJnxNegShVy6xC,1000,0.000001000,1,1730117744,1730117744,0.000000
xTJTyLu6bgaRNHYoou8Tri48anczkm1uazEnem2xsLV,1000,0.000001000,1,1730125171,1730125171,0.000000
xVXAAzT5qDC3SenpKoNgS7tdwHB1CmZpgvHfvnYeks8,1000,0.000001000,1,1730012606,1730012606,0.000000
XxdtMS8M8EzxEkHi4o3TgPgoYMpJFEn58w94JmT2Mqo,1000,0.000001000,1,1730041781,1730041781,0.000000
XxdtsWb4EfcoJ7qR3QYnRYGNVkw4ak2JAogfUrNWwhn,1000,0.000001000,1,1730041754,1730041754,0.000000
yAb2VXMs4ryMMs7mZtXrZ2WuXuq8Hy7YJgitQHvu1W4,1000,0.000001000,1,1730117691,1730117691,0.000000
YG8bAKq8YSvTxAxy6yyB32AmY7dbvRtX2T9m5mMvgeZ,1000,0.000001000,1,1730120704,1730120704,0.000000
YNEdtW66oxBdYsbrHSiMqpwUxmtKoVwAqEwrA1FULZe,1000,0.000001000,1,1730118441,1730118441,0.000000
YNyqM58nkSMHwDkD9hwJaANkCi7TSd32Tx8mMHQcwvL,1000,0.000001000,1,1730119479,1730119479,0.000000
YQTiL9UbG8NFisNS7JdiUDBnMn3e6P5BnwvpL1XqUj5,1000,0.000001000,1,1730082251,1730082251,0.000000
ySPAG8t3f96QsrkVVEMfqLFswR8tyQYrUgZDKQcMYaC,1000,0.000001000,1,1730120291,1730120291,0.000000
Z7cEzgfibTqiXMmwDHnZn1x3LupDYiUdDoegU3ahvdf,1000,0.000001000,1,1730120635,1730120635,0.000000
Z8ri6VPsudBztGwZwsyVypSkZdCHTgKzW4xu27G9MLZ,1000,0.000001000,1,1730119832,1730119832,0.000000
ZGGEgRdmnDdnsyzuPyf7ineUYb5LapcsVLh1CDzDz55,1000,0.000001000,1,1730120353,1730120353,0.000000
zkqcYKneLmC45T4Twwf9Y59nHnLDmVjiYZtEyaGCcaw,1000,0.000001000,1,1730123526,1730123526,0.000000
fLiPgg2yTvmgfhiPkKriAHkDmmXGP6CdeFX9UF5o7Zc,500,0.000000500,5,1736448663,1737001469,0.000000
Habp5bncMSsBC3vkChyebepym5dcTNRYeg2LVG464E96,500,0.000000500,5,1736448663,1737001469,0.000000
6vMuna31vRDs9u9RAEF8UeCSs9CNu6j4LkXpe4Ko1gBQ,20,0.000000020,8,1748986931,1748986931,0.000000
GUq7PhyAUZko2mPhv3CupmdJKQ61LH8VyrdsRL25q7zg,18,0.000000018,12,1743004240,1743554431,0.000000
5KDYbU4dqUerTb6ZE2apKgh2XeHAizeKPxKgcbPzhjgF,5,0.000000005,5,1754116834,1754444971,0.000000
8WfcUyN38TKfE5o3taug8UN9VnCqQqLt4uNBJbx9gohp,5,0.000000005,5,1754116834,1754444971,0.000000
Cpk6qcDprtXKJgyBfJdrXKbXYMkBZdXBzt8w9RWwhKCx,5,0.000000005,5,1754116834,1754444971,0.000000
5Hr7wZg7oBpVhH5nngRqzr5W7ZFUfCsfEhbziZJak7fr,2,0.000000002,2,1736467728,1736512486,0.000000
9eAX6awXZgXGoDF2JJTcbA7qEUpy3fANHUmSptwHPncx,2,0.000000002,2,1732725748,1732725748,0.000000
HwRZeJGTdP2BoWGHoJATY48WnXP68XWGhHLxF5AstePy,2,0.000000002,2,1754043751,1754669484,0.000000
pigtaoCNCRkduq7Q7Xyjhrz5bQkBk2RGfUbiCmf1Qtb,2,0.000000002,2,1736916737,1736916737,0.000000
pigVv65eXGHGXdcZHQCR8iDpqdAeccpEqgCifxuyGQt,2,0.000000002,2,1737001478,1737001478,0.000000
AoX3EMzVXCNBdCNvboc7yGM4gsr3wcKd7hGsZ4yXcydU,1,0.000000001,1,1757503164,1757503164,0.000000
B8xMuYMEjeeLD3hsMZUBsevsvaeFj2Vb5Rnc8QwTCqRz,1,0.000000001,1,1729934650,1729934650,0.000000
Circ8bSYq9bAMYcBEq6Lu3eYT4qKNaXBp8TF6ZygeFfC,1,0.000000001,1,1753826493,1753826493,0.000000
